"id";"data_inversa";"dia_semana";"horario";"uf";"br";"km";"municipio";"causa_acidente";"tipo_acidente";"classificacao_acidente";"fase_dia";"sentido_via";"condicao_metereologica";"tipo_pista";"tracado_via";"uso_solo";"pessoas";"mortos";"feridos_leves";"feridos_graves";"ilesos";"ignorados";"feridos";"veiculos";"latitude";"longitude";"regional";"delegacia";"uop"
573127;2024-01-06;"sábado";"20:55:00";"RS";158;211,2;"CRUZ ALTA";"Ingestão de álcool pelo condutor";"Saída de leito carroçável";"Sem Vítimas";"Plena Noite";"Decrescente";"Céu Claro";"Simples";"Reta";"Não";1;0;0;0;1;0;0;1;-28,78294784;-53,59925344;"SPRF-RS";"DEL10-RS";"UOP02-DEL10-RS"
573136;2024-01-07;"domingo";"11:00:00";"MG";381;864,5;"POUSO ALEGRE";"Condutor Dormindo";"Colisão traseira";"Com Vítimas Feridas";"Pleno dia";"Crescente";"Céu Claro";"Dupla";"Não Informado";"Não";2;0;1;0;1;0;1;2;-22,38483528;-45,95062148;"SPRF-MG";"DEL16-MG";"UOP01-DEL16-MG"
573141;2024-01-07;"domingo";"10:20:00";"GO";153;653;"GOIATUBA";"Condutor Dormindo";"Colisão traseira";"Com Vítimas Feridas";"Pleno dia";"Decrescente";"Céu Claro";"Dupla";"Reta";"Não";3;0;1;0;2;0;1;2;-17,9926;-49,2601;"SPRF-GO";"DEL03-GO";"UOP01-DEL03-GO"
573148;2024-01-07;"domingo";"09:50:00";"MA";222;652;"ACAILANDIA";"Transitar na contramão";"Tombamento";"Com Vítimas Feridas";"Pleno dia";"Crescente";"Nublado";"Simples";"Não Informado";"Não";9;0;3;1;5;0;4;3;-4,83750775;-47,28653915;"SPRF-MA";"DEL04-MA";"UOP03-DEL04-MA"
573157;2024-01-07;"domingo";"12:30:00";"GO";364;248;"JATAI";"Acostamento em desnível";"Tombamento";"Com Vítimas Feridas";"Pleno dia";"Decrescente";"Céu Claro";"Simples";"Reta";"Não";7;0;2;0;5;0;2;2;-17,734665;-52,137199;"SPRF-GO";"DEL05-GO";"UOP01-DEL05-GO"
573160;2024-01-07;"domingo";"12:00:00";"SP";116;364;"MIRACATU";"Demais falhas mecânicas ou elétricas";"Tombamento";"Com Vítimas Feridas";"Pleno dia";"Decrescente";"Sol";"Dupla";"Reta";"Não";4;0;4;0;0;0;4;1;-24,13881806;-47,27310246;"SPRF-SP";"DEL04-SP";"UOP02-DEL04-SP"
573162;2024-01-07;"domingo";"13:00:00";"MG";251;471,5;"FRANCISCO SA";"Velocidade Incompatível";"Colisão traseira";"Com Vítimas Feridas";"Pleno dia";"Crescente";"Chuva";"Simples";"Não Informado";"Não";3;0;1;0;2;0;1;2;-16,46801304;-43,43121303;"SPRF-MG";"DEL12-MG";"UOP01-DEL12-MG"
573164;2024-01-07;"domingo";"13:25:00";"RS";386;110,2;"SARANDI";"Curva acentuada";"Saída de leito carroçável";"Com Vítimas Feridas";"Pleno dia";"Decrescente";"Céu Claro";"Simples";"Curva";"Não";1;0;1;0;0;0;1;1;-27,79747664;-53,05267811;"SPRF-RS";"DEL08-RS";"UOP01-DEL08-RS"
573192;2024-01-07;"domingo";"16:20:00";"RJ";393;151;"TRES RIOS";"Velocidade Incompatível";"Tombamento";"Com Vítimas Feridas";"Pleno dia";"Crescente";"Céu Claro";"Simples";"Curva";"Não";1;0;1;0;0;0;1;1;-22,06019504;-43,02885795;"SPRF-RJ";"DEL05-RJ";"UOP01-DEL05-RJ"
573195;2024-01-07;"domingo";"17:20:00";"GO";364;199;"JATAI";"Ingestão de álcool pelo condutor";"Colisão traseira";"Sem Vítimas";"Pleno dia";"Decrescente";"Céu Claro";"Dupla";"Desvio Temporário";"Não";2;0;0;0;2;0;0;2;-17,920801;-51,748596;"SPRF-GO";"DEL05-GO";"UOP01-DEL05-GO"
573216;2024-01-07;"domingo";"17:30:00";"BA";101;396,2;"IBIRAPITANGA";"Reação tardia ou ineficiente do condutor";"Saída de leito carroçável";"Com Vítimas Feridas";"Anoitecer";"Crescente";"Nublado";"Simples";"Curva";"Não";1;0;1;0;0;0;1;1;-13,988666;-39,4644;"SPRF-BA";"DEL05-BA";"UOP03-DEL05-BA"
573218;2024-01-07;"domingo";"16:50:00";"RO";364;12,8;"VILHENA";"Ingestão de álcool pelo condutor";"Colisão lateral sentido oposto";"Sem Vítimas";"Pleno dia";"Decrescente";"Céu Claro";"Dupla";"Reta";"Sim";2;0;0;0;2;0;0;2;-12,74370233;-60,12147609;"SPRF-RO";"DEL04-RO";"UOP01-DEL04-RO"
573225;2024-01-07;"domingo";"20:30:00";"MG";40;426;"PARAOPEBA";"Acessar a via sem observar a presença dos outros veículos";"Colisão traseira";"Com Vítimas Feridas";"Plena Noite";"Crescente";"Nublado";"Dupla";"Reta";"Não";2;0;0;1;0;1;1;2;-19,16811528;-44,51542722;"SPRF-MG";"DEL02-MG";"UOP01-DEL02-MG"
573228;2024-01-07;"domingo";"17:20:00";"GO";20;143,9;"FLORES DE GOIAS";"Ingestão de substâncias psicoativas pelo condutor";"Colisão frontal";"Com Vítimas Fatais";"Pleno dia";"Decrescente";"Nublado";"Simples";"Curva";"Não";6;1;1;2;1;1;3;3;-14,751895;-46,65666;"SPRF-DF";"DEL02-DF";"UOP03-DEL02-DF"
573234;2024-01-07;"domingo";"19:30:00";"PR";376;181,9;"MARINGA";"Manobra de mudança de faixa";"Colisão lateral mesmo sentido";"Com Vítimas Feridas";"Plena Noite";"Decrescente";"Céu Claro";"Dupla";"Rotatória";"Sim";3;0;1;0;2;0;1;2;-23,43111902;-51,88842773;"SPRF-PR";"DEL09-PR";"UOP01-DEL09-PR"
573268;2024-01-07;"domingo";"23:30:00";"MG";381;525,5;"BRUMADINHO";"Problema com o freio";"Colisão traseira";"Com Vítimas Feridas";"Plena Noite";"Crescente";"Céu Claro";"Dupla";"Não Informado";"Não";2;0;2;0;0;0;2;2;-20,16710798;-44,33422398;"SPRF-MG";"DEL04-MG";"UOP03-DEL04-MG"
573273;2024-01-07;"domingo";"21:00:00";"GO";452;154,5;"BOM JESUS DE GOIAS";"Mal súbito do condutor";"Saída de leito carroçável";"Com Vítimas Feridas";"Plena Noite";"Crescente";"Céu Claro";"Simples";"Ponte";"Não";1;0;1;0;0;0;1;1;-18,29856164;-49,55412505;"SPRF-GO";"DEL03-GO";"UOP02-DEL03-GO"
573275;2024-01-08;"segunda-feira";"00:46:00";"MG";381;524,5;"BRUMADINHO";"Problema com o freio";"Colisão traseira";"Com Vítimas Feridas";"Plena Noite";"Crescente";"Nublado";"Dupla";"Reta";"Não";2;0;0;1;1;0;1;2;-20,160736;-44,329843;"SPRF-MG";"DEL04-MG";"UOP03-DEL04-MG"
573279;2024-01-08;"segunda-feira";"01:10:00";"MG";381;358;"JOAO MONLEVADE";"Ingestão de álcool pelo condutor";"Colisão lateral mesmo sentido";"Sem Vítimas";"Plena Noite";"Crescente";"Nublado";"Simples";"Reta";"Sim";3;0;0;0;3;0;0;2;-19,8381719;-43,18513155;"SPRF-MG";"DEL03-MG";"UOP01-DEL03-MG"
573299;2024-01-08;"segunda-feira";"06:30:00";"MG";50;136;"UBERABA";"Demais falhas mecânicas ou elétricas";"Saída de leito carroçável";"Com Vítimas Feridas";"Pleno dia";"Decrescente";"Céu Claro";"Dupla";"Reta";"Não";2;0;2;0;0;0;2;2;-19,44189098;-48,06412595;"SPRF-MG";"DEL13-MG";"UOP01-DEL13-MG"
573306;2024-01-08;"segunda-feira";"07:30:00";"MG";354;710,6;"CAXAMBU";"Velocidade Incompatível";"Saída de leito carroçável";"Com Vítimas Feridas";"Pleno dia";"Crescente";"Nublado";"Simples";"Não Informado";"Sim";2;0;1;0;1;0;1;2;-22,03251698;-44,92520109;"SPRF-MG";"DEL17-MG";"UOP01-DEL17-MG"
573311;2024-01-08;"segunda-feira";"07:00:00";"ES";101;271,8;"SERRA";"Condutor deixou de manter distância do veículo da frente";"Colisão traseira";"Com Vítimas Feridas";"Pleno dia";"Crescente";"Sol";"Dupla";"Reta";"Sim";2;0;1;0;1;0;1;2;-20,23267;-40,27658;"SPRF-ES";"DEL02-ES";"UOP01-DEL02-ES"
573325;2024-01-08;"segunda-feira";"08:46:00";"MG";40;638,2;"CONSELHEIRO LAFAIETE";"Conversão proibida";"Colisão transversal";"Com Vítimas Feridas";"Pleno dia";"Crescente";"Céu Claro";"Simples";"Reta";"Não";2;0;1;0;1;0;1;2;-20,73016759;-43,80036592;"SPRF-MG";"DEL05-MG";"UOP02-DEL05-MG"
573330;2024-01-08;"segunda-feira";"09:05:00";"PR";373;228,1;"IMBITUVA";"Ausência de reação do condutor";"Colisão traseira";"Com Vítimas Feridas";"Pleno dia";"Crescente";"Sol";"Simples";"Não Informado";"Não";2;0;1;0;1;0;1;2;-25,174608;-50,639412;"SPRF-PR";"DEL03-PR";"UOP01-DEL03-PR"
573331;2024-01-08;"segunda-feira";"10:20:00";"MG";40;498,4;"ESMERALDAS";"Manobra de mudança de faixa";"Colisão traseira";"Com Vítimas Feridas";"Pleno dia";"Crescente";"Nublado";"Dupla";"Reta";"Sim";2;0;1;0;1;0;1;2;-19,68467685;-44,18191183;"SPRF-MG";"DEL02-MG";"UOP01-DEL02-MG"
573332;2024-01-08;"segunda-feira";"10:00:00";"PA";316;36,4;"SANTA IZABEL DO PARA";"Desvio temporário";"Colisão transversal";"Com Vítimas Feridas";"Pleno dia";"Crescente";"Céu Claro";"Dupla";"Não Informado";"Sim";4;0;0;3;1;0;3;2;-1,29009976;-48,15602469;"SPRF-PA";"DEL01-PA";"UOP01-DEL01-PA"
573335;2024-01-08;"segunda-feira";"10:40:00";"PI";316;7;"TERESINA";"Condutor deixou de manter distância do veículo da frente";"Colisão traseira";"Com Vítimas Feridas";"Pleno dia";"Crescente";"Sol";"Dupla";"Não Informado";"Sim";5;0;2;2;1;0;4;2;-5,15584638;-42,77173332;"SPRF-PI";"DEL01-PI";"UOP02-DEL01-PI"
573337;2024-01-08;"segunda-feira";"11:30:00";"RS";116;238;"NOVO HAMBURGO";"Ausência de reação do condutor";"Colisão traseira";"Com Vítimas Feridas";"Pleno dia";"Crescente";"Céu Claro";"Simples";"Reta";"Sim";2;0;1;0;1;0;1;2;-29,68954125;-51,14299357;"SPRF-RS";"DEL01-RS";"UOP02-DEL01-RS"
573339;2024-01-08;"segunda-feira";"11:10:00";"PR";376;171;"MARINGA";"Acessar a via sem observar a presença dos outros veículos";"Colisão lateral mesmo sentido";"Com Vítimas Feridas";"Pleno dia";"Crescente";"Céu Claro";"Dupla";"Reta";"Não";2;0;0;1;1;0;1;2;-23,41822772;-51,97500595;"SPRF-PR";"DEL09-PR";"UOP01-DEL09-PR"
573342;2024-01-08;"segunda-feira";"11:30:00";"MG";262;483;"BETIM";"Manobra de mudança de faixa";"Colisão traseira";"Com Vítimas Feridas";"Pleno dia";"Decrescente";"Céu Claro";"Múltipla";"Não Informado";"Sim";4;0;2;0;0;2;2;3;-19,95972;-44,08279;"SPRF-MG";"DEL08-MG";"UOP03-DEL08-MG"
573343;2024-01-07;"domingo";"16:40:00";"BA";324;412;"NOVA FATIMA";"Demais falhas mecânicas ou elétricas";"Colisão com objeto";"Com Vítimas Fatais";"Pleno dia";"Crescente";"Nublado";"Simples";"Reta";"Não";2;1;0;0;0;1;0;2;-11,65623736;-39,57823535;"SPRF-BA";"DEL04-BA";"UOP02-DEL04-BA"
573354;2024-01-08;"segunda-feira";"10:30:00";"RJ";40;72;"PETROPOLIS";"Velocidade Incompatível";"Tombamento";"Com Vítimas Feridas";"Pleno dia";"Decrescente";"Sol";"Dupla";"Curva";"Não";3;0;1;0;2;0;1;3;-22,4585308;-43,21600514;"SPRF-RJ";"DEL01-RJ";"UOP01-DEL01-RJ"
573364;2024-01-05;"sexta-feira";"14:15:00";"TO";153;724;"FIGUEIROPOLIS";"Condutor deixou de manter distância do veículo da frente";"Colisão lateral mesmo sentido";"Sem Vítimas";"Pleno dia";"Decrescente";"Nublado";"Simples";"Reta";"Não";3;0;0;0;3;0;0;2;-12,15456392;-49,16381675;"SPRF-TO";"DEL01-TO";"UOP02-DEL01-TO"
573366;2024-01-08;"segunda-feira";"13:00:00";"PR";116;113,9;"CURITIBA";"Demais falhas mecânicas ou elétricas";"Atropelamento de Pedestre";"Com Vítimas Feridas";"Pleno dia";"Decrescente";"Sol";"Dupla";"Reta";"Não";3;0;1;0;2;0;1;2;-25,54633;-49,29371774;"SPRF-PR";"DEL01-PR";"UOP07-DEL01-PR"
573370;2024-01-08;"segunda-feira";"13:15:00";"RS";386;165;"CARAZINHO";"Velocidade Incompatível";"Colisão lateral mesmo sentido";"Com Vítimas Feridas";"Pleno dia";"Decrescente";"Céu Claro";"Dupla";"Reta";"Não";4;0;1;0;3;0;1;4;-28,197134;-52,827736;"SPRF-RS";"DEL08-RS";"UOP01-DEL08-RS"
573376;2024-01-08;"segunda-feira";"12:45:00";"SC";101;182,8;"BIGUACU";"Reação tardia ou ineficiente do condutor";"Colisão traseira";"Com Vítimas Feridas";"Pleno dia";"Crescente";"Céu Claro";"Dupla";"Reta";"Sim";2;0;0;1;1;0;1;2;-27,39798985;-48,6303592;"SPRF-SC";"DEL01-SC";"UOP01-DEL01-SC"
573388;2024-01-08;"segunda-feira";"13:50:00";"PB";104;130,5;"CAMPINA GRANDE";"Reação tardia ou ineficiente do condutor";"Colisão traseira";"Com Vítimas Feridas";"Pleno dia";"Crescente";"Sol";"Simples";"Reta";"Sim";2;0;0;1;1;0;1;2;-7,29013399;-35,89029705;"SPRF-PB";"DEL02-PB";"UOP03-DEL02-PB"
573396;2024-01-08;"segunda-feira";"13:50:00";"PR";376;675,4;"GUARATUBA";"Demais falhas mecânicas ou elétricas";"Incêndio";"Sem Vítimas";"Pleno dia";"Crescente";"Sol";"Simples";"Reta";"Não";1;0;0;0;1;0;0;1;-25,97311818;-48,89058063;"SPRF-PR";"DEL01-PR";"UOP04-DEL01-PR"
573399;2024-01-08;"segunda-feira";"11:55:00";"MT";163;673;"LUCAS DO RIO VERDE";"Reação tardia ou ineficiente do condutor";"Saída de leito carroçável";"Com Vítimas Feridas";"Pleno dia";"Decrescente";"Chuva";"Simples";"Reta";"Não";22;0;8;3;11;0;11;2;-13,188905;-55,988557;"SPRF-MT";"DEL06-MT";"UOP01-DEL06-MT"
573400;2024-01-08;"segunda-feira";"11:30:00";"MT";163;653;"LUCAS DO RIO VERDE";"Ultrapassagem Indevida";"Colisão traseira";"Com Vítimas Feridas";"Pleno dia";"Crescente";"Chuva";"Simples";"Curva";"Não";7;0;1;0;5;1;1;3;-13,357991;-56,063093;"SPRF-MT";"DEL06-MT";"UOP01-DEL06-MT"
573405;2024-01-08;"segunda-feira";"16:05:00";"MA";135;7;"SAO LUIS";"Manobra de mudança de faixa";"Colisão lateral mesmo sentido";"Sem Vítimas";"Pleno dia";"Decrescente";"Sol";"Dupla";"Não Informado";"Sim";2;0;0;0;1;1;0;2;-2,63608835;-44,26848552;"SPRF-MA";"DEL01-MA";"UOP01-DEL01-MA"
573414;2024-01-08;"segunda-feira";"15:15:00";"BA";116;12;"VITORIA DA CONQUISTA";"Ausência de reação do condutor";"Colisão traseira";"Com Vítimas Feridas";"Pleno dia";"Decrescente";"Céu Claro";"Simples";"Reta";"Sim";2;0;1;0;1;0;1;2;-14,8794;-40,871;"SPRF-BA";"DEL08-BA";"UOP01-DEL08-BA"
573418;2024-01-08;"segunda-feira";"17:05:00";"RS";158;321;"SANTA MARIA";"Reação tardia ou ineficiente do condutor";"Colisão traseira";"Com Vítimas Feridas";"Pleno dia";"Decrescente";"Céu Claro";"Dupla";"Não Informado";"Sim";4;0;1;0;3;0;1;2;-29,69618923;-53,77768993;"SPRF-RS";"DEL09-RS";"UOP01-DEL09-RS"
573420;2024-01-08;"segunda-feira";"16:54:00";"PR";277;153;"PALMEIRA";"Reação tardia ou ineficiente do condutor";"Saída de leito carroçável";"Com Vítimas Fatais";"Pleno dia";"Crescente";"Céu Claro";"Simples";"Reta";"Não";1;1;0;0;0;0;0;1;-25,3826;-49,8072;"SPRF-PR";"DEL03-PR";"UOP03-DEL03-PR"
573423;2024-01-01;"segunda-feira";"23:15:00";"MG";365;497;"PATROCINIO";"Transitar na contramão";"Colisão lateral sentido oposto";"Com Vítimas Feridas";"Plena Noite";"Crescente";"Céu Claro";"Simples";"Curva";"Não";3;0;1;0;2;0;1;2;-18,93260407;-47,21402188;"SPRF-MG";"DEL10-MG";"UOP01-DEL10-MG"
573424;2024-01-08;"segunda-feira";"11:20:00";"MT";163;526;"NOVA MUTUM";"Problema na suspensão";"Saída de leito carroçável";"Com Vítimas Feridas";"Pleno dia";"Decrescente";"Céu Claro";"Simples";"Curva";"Não";1;0;1;0;0;0;1;1;-14;-56;"SPRF-MT";"DEL01-MT";"UOP01-DEL01-MT"
573425;2024-01-08;"segunda-feira";"18:00:00";"DF";20;13;"BRASILIA";"Acumulo de água sobre o pavimento";"Saída de leito carroçável";"Sem Vítimas";"Pleno dia";"Crescente";"Chuva";"Dupla";"Reta";"Sim";1;0;0;0;1;0;0;1;-15,638752;-47,749599;"SPRF-DF";"DEL02-DF";"UOP01-DEL02-DF"
573436;2024-01-08;"segunda-feira";"18:40:00";"PE";101;83;"JABOATAO DOS GUARARAPES";"Acessar a via sem observar a presença dos outros veículos";"Colisão lateral mesmo sentido";"Sem Vítimas";"Plena Noite";"Decrescente";"Céu Claro";"Dupla";"Não Informado";"Sim";2;0;0;0;2;0;0;2;-8,175172;-34,942642;"SPRF-PE";"DEL01-PE";"UOP01-DEL01-PE"
573441;2024-01-08;"segunda-feira";"07:20:00";"PR";476;305;"SAO MATEUS DO SUL";"Ultrapassagem Indevida";"Saída de leito carroçável";"Com Vítimas Feridas";"Amanhecer";"Decrescente";"Céu Claro";"Simples";"Reta";"Não";2;0;0;1;0;1;1;2;-26,008085;-50,606007;"SPRF-PR";"DEL02-PR";"UOP03-DEL02-PR"
573442;2024-01-08;"segunda-feira";"18:00:00";"RJ";493;53;"DUQUE DE CAXIAS";"Avarias e/ou desgaste excessivo no pneu";"Tombamento";"Com Vítimas Feridas";"Pleno dia";"Crescente";"Céu Claro";"Dupla";"Reta";"Não";1;0;1;0;0;0;1;1;-22,672089;-43,285053;"SPRF-RJ";"DEL01-RJ";"UOP03-DEL01-RJ"
573445;2024-01-08;"segunda-feira";"18:45:00";"SC";470;59;"BLUMENAU";"Acessar a via sem observar a presença dos outros veículos";"Colisão transversal";"Com Vítimas Feridas";"Pleno dia";"Crescente";"Nublado";"Simples";"Reta";"Sim";3;0;2;0;1;0;2;2;-26,882812;-49,1548;"SPRF-SC";"DEL04-SC";"UOP01-DEL04-SC"
573449;2024-01-08;"segunda-feira";"20:15:00";"SP";116;75,3;"APARECIDA";"Suicídio (presumido)";"Atropelamento de Pedestre";"Com Vítimas Fatais";"Plena Noite";"Crescente";"Céu Claro";"Dupla";"Reta";"Sim";2;1;0;0;1;0;0;2;-22,87521876;-45,26277018;"SPRF-SP";"DEL08-SP";"UOP01-DEL08-SP"
573451;2024-01-08;"segunda-feira";"19:25:00";"RN";101;153;"GOIANINHA";"Reação tardia ou ineficiente do condutor";"Colisão com objeto";"Com Vítimas Feridas";"Plena Noite";"Crescente";"Céu Claro";"Dupla";"Reta";"Não";3;0;1;0;2;0;1;3;-6,31748925;-35,18316143;"SPRF-RN";"DEL01-RN";"UOP01-DEL01-RN"
573457;2024-01-08;"segunda-feira";"18:30:00";"SC";101;118;"ITAJAI";"Ausência de reação do condutor";"Tombamento";"Com Vítimas Feridas";"Anoitecer";"Decrescente";"Céu Claro";"Dupla";"Reta";"Sim";2;0;1;0;1;0;1;2;-26,895859;-48,71903;"SPRF-SC";"DEL04-SC";"UOP04-DEL04-SC"
573462;2024-01-08;"segunda-feira";"17:30:00";"MT";70;500;"CUIABA";"Ultrapassagem Indevida";"Colisão lateral mesmo sentido";"Sem Vítimas";"Anoitecer";"Decrescente";"Céu Claro";"Simples";"Reta";"Sim";2;0;0;0;1;1;0;2;-15,69269363;-56,02082318;"SPRF-MT";"DEL01-MT";"UOP02-DEL01-MT"
573470;2024-01-08;"segunda-feira";"21:15:00";"RJ";116;175;"SAO JOAO DE MERITI";"Demais falhas mecânicas ou elétricas";"Eventos atípicos";"Com Vítimas Feridas";"Plena Noite";"Crescente";"Céu Claro";"Múltipla";"Reta";"Sim";2;0;1;0;1;0;1;2;-22,78923555;-43,37275272;"SPRF-RJ";"DEL06-RJ";"UOP01-DEL06-RJ"
573478;2024-01-08;"segunda-feira";"19:20:00";"MG";365;418,5;"PATOS DE MINAS";"Acumulo de água sobre o pavimento";"Colisão transversal";"Com Vítimas Fatais";"Plena Noite";"Crescente";"Chuva";"Simples";"Curva";"Não";7;1;0;3;3;0;3;2;-18,68353;-46,57658;"SPRF-MG";"DEL10-MG";"UOP01-DEL10-MG"
573483;2024-01-09;"terça-feira";"02:52:00";"GO";40;42,7;"LUZIANIA";"Condutor Dormindo";"Colisão lateral sentido oposto";"Com Vítimas Fatais";"Plena Noite";"Crescente";"Chuva";"Simples";"Não Informado";"Não";5;1;0;3;1;0;3;2;-16,382882;-47,826516;"SPRF-DF";"DEL01-DF";"UOP02-DEL01-DF"
573484;2024-01-09;"terça-feira";"00:40:00";"RS";392;159;"CANGUCU";"Reação tardia ou ineficiente do condutor";"Saída de leito carroçável";"Com Vítimas Feridas";"Plena Noite";"Decrescente";"Céu Claro";"Simples";"Reta";"Não";1;0;1;0;0;0;1;1;-31,11765607;-52,91283703;"SPRF-RS";"DEL07-RS";"UOP01-DEL07-RS"
573493;2024-01-09;"terça-feira";"03:30:00";"PE";232;174;"BELO JARDIM";"Reação tardia ou ineficiente do condutor";"Tombamento";"Com Vítimas Feridas";"Plena Noite";"Decrescente";"Céu Claro";"Simples";"Não Informado";"Não";1;0;1;0;0;0;1;1;-8,3397857;-36,37821402;"SPRF-PE";"DEL03-PE";"UOP02-DEL03-PE"
573494;2024-01-09;"terça-feira";"06:30:00";"SP";116;218;"GUARULHOS";"Ausência de reação do condutor";"Colisão traseira";"Com Vítimas Feridas";"Pleno dia";"Decrescente";"Nublado";"Múltipla";"Reta";"Não";2;0;0;1;1;0;1;2;-23,457972;-46,479927;"SPRF-SP";"DEL01-SP";"UOP01-DEL01-SP"
573496;2024-01-09;"terça-feira";"06:10:00";"PB";101;11,7;"MAMANGUAPE";"Velocidade Incompatível";"Tombamento";"Com Vítimas Feridas";"Pleno dia";"Decrescente";"Céu Claro";"Dupla";"Não Informado";"Não";1;0;1;0;0;0;1;1;-6,59461177;-35,14474869;"SPRF-PB";"DEL01-PB";"UOP04-DEL01-PB"
573511;2024-01-09;"terça-feira";"05:30:00";"GO";452;160;"ITUMBIARA";"Ausência de reação do condutor";"Colisão traseira";"Com Vítimas Feridas";"Plena Noite";"Crescente";"Céu Claro";"Simples";"Não Informado";"Não";2;0;1;0;1;0;1;2;-18,30930595;-49,50609398;"SPRF-GO";"DEL03-GO";"UOP02-DEL03-GO"
573513;2024-01-09;"terça-feira";"06:55:00";"BA";101;201;"SAO FELIX";"Acesso irregular";"Colisão transversal";"Com Vítimas Feridas";"Pleno dia";"Crescente";"Sol";"Simples";"Curva";"Não";2;0;1;0;1;0;1;2;-12,59315137;-38,98821104;"SPRF-BA";"DEL01-BA";"UOP03-DEL01-BA"
573514;2024-01-09;"terça-feira";"04:40:00";"MA";222;194;"ITAPECURU MIRIM";"Ausência de reação do condutor";"Saída de leito carroçável";"Com Vítimas Feridas";"Amanhecer";"Crescente";"Céu Claro";"Simples";"Reta";"Não";6;0;5;1;0;0;6;2;-3,47080416;-44,27442103;"SPRF-MA";"DEL01-MA";"UOP02-DEL01-MA"
573516;2024-01-08;"segunda-feira";"20:30:00";"MT";163;958;"NOVA SANTA HELENA";"Acessar a via sem observar a presença dos outros veículos";"Colisão transversal";"Sem Vítimas";"Plena Noite";"Crescente";"Chuva";"Simples";"Reta";"Sim";2;0;0;0;2;0;0;2;-10,94791298;-55,21455004;"SPRF-MT";"DEL06-MT";"UOP02-DEL06-MT"
573519;2024-01-09;"terça-feira";"07:20:00";"SP";116;95,6;"PINDAMONHANGABA";"Reação tardia ou ineficiente do condutor";"Saída de leito carroçável";"Com Vítimas Feridas";"Pleno dia";"Crescente";"Céu Claro";"Dupla";"Reta";"Não";1;0;1;0;0;0;1;1;-22,96514512;-45,43013094;"SPRF-SP";"DEL08-SP";"UOP01-DEL08-SP"
573523;2024-01-09;"terça-feira";"08:46:00";"MG";381;486;"BETIM";"Manobra de mudança de faixa";"Colisão lateral mesmo sentido";"Com Vítimas Feridas";"Pleno dia";"Decrescente";"Nublado";"Dupla";"Reta";"Sim";3;0;1;0;1;1;1;3;-19,95644414;-44,13611598;"SPRF-MG";"DEL01-MG";"UOP03-DEL01-MG"
573533;2024-01-09;"terça-feira";"09:48:00";"TO";153;315;"GUARAI";"Ultrapassagem Indevida";"Saída de leito carroçável";"Com Vítimas Feridas";"Pleno dia";"Crescente";"Céu Claro";"Simples";"Não Informado";"Não";3;0;1;0;1;1;1;3;-8,66608611;-48,49739061;"SPRF-TO";"DEL02-TO";"UOP02-DEL02-TO"
573546;2024-01-09;"terça-feira";"07:35:00";"RJ";101;237;"SILVA JARDIM";"Reação tardia ou ineficiente do condutor";"Colisão com objeto";"Com Vítimas Feridas";"Pleno dia";"Crescente";"Céu Claro";"Dupla";"Reta";"Não";1;0;1;0;0;0;1;1;-22,61465396;-42,41257441;"SPRF-RJ";"DEL02-RJ";"UOP03-DEL02-RJ"
573548;2024-01-08;"segunda-feira";"04:00:00";"BA";242;305;"IBIQUERA";"Condutor Dormindo";"Saída de leito carroçável";"Com Vítimas Fatais";"Plena Noite";"Decrescente";"Céu Claro";"Simples";"Não Informado";"Não";1;1;0;0;0;0;0;1;-12,46480529;-40,93284793;"SPRF-BA";"DEL06-BA";"UOP02-DEL06-BA"
573549;2024-01-09;"terça-feira";"10:20:00";"PR";369;470;"CORBELIA";"Reação tardia ou ineficiente do condutor";"Saída de leito carroçável";"Com Vítimas Feridas";"Pleno dia";"Decrescente";"Céu Claro";"Simples";"Curva";"Não";2;0;0;2;0;0;2;1;-24,583;-53,1677;"SPRF-PR";"DEL04-PR";"UOP03-DEL04-PR"
573553;2024-01-09;"terça-feira";"10:00:00";"RS";470;329,8;"TRIUNFO";"Velocidade Incompatível";"Tombamento";"Com Vítimas Feridas";"Pleno dia";"Crescente";"Céu Claro";"Simples";"Não Informado";"Não";1;0;1;0;0;0;1;1;-29,833622;-51,68580892;"SPRF-RS";"DEL04-RS";"UOP02-DEL04-RS"
573556;2024-01-09;"terça-feira";"11:00:00";"BA";101;178;"SAO GONCALO DOS CAMPOS";"Condutor deixou de manter distância do veículo da frente";"Engavetamento";"Com Vítimas Feridas";"Pleno dia";"Crescente";"Céu Claro";"Simples";"Não Informado";"Não";4;0;1;0;3;0;1;4;-12,519078;-38,970829;"SPRF-BA";"DEL01-BA";"UOP03-DEL01-BA"
573557;2024-01-09;"terça-feira";"08:20:00";"BA";349;940;"CORRENTINA";"Ausência de reação do condutor";"Colisão frontal";"Com Vítimas Fatais";"Pleno dia";"Crescente";"Céu Claro";"Simples";"Reta";"Não";2;1;0;0;1;0;0;2;-13,34775335;-44,63734466;"SPRF-BA";"DEL08-BA";"UOP04-DEL08-BA"
573559;2024-01-09;"terça-feira";"11:00:00";"SP";381;25;"BRAGANCA PAULISTA";"Ausência de reação do condutor";"Engavetamento";"Com Vítimas Feridas";"Pleno dia";"Crescente";"Céu Claro";"Dupla";"Não Informado";"Não";4;0;1;0;3;0;1;4;-23,02018004;-46,52966596;"SPRF-SP";"DEL03-SP";"UOP02-DEL03-SP"