"id";"data_inversa";"dia_semana";"horario";"uf";"br";"km";"municipio";"causa_acidente";"tipo_acidente";"classificacao_acidente";"fase_dia";"sentido_via";"condicao_metereologica";"tipo_pista";"tracado_via";"uso_solo";"pessoas";"mortos";"feridos_leves";"feridos_graves";"ilesos";"ignorados";"feridos";"veiculos";"latitude";"longitude";"regional";"delegacia";"uop"
577754;2024-01-28;"domingo";"21:00:00";"MG";262;174;"SAO DOMINGOS DO PRATA";"Ausência de reação do condutor";"Tombamento";"Sem Vítimas";"Plena Noite";"Decrescente";"Nublado";"Simples";"Reta";"Não";1;0;0;0;1;0;0;1;-19,94016903;-42,95070206;"SPRF-MG";"DEL03-MG";"UOP01-DEL03-MG"
577760;2024-01-29;"segunda-feira";"07:20:00";"MG";40;747,7;"SANTOS DUMONT";"Conversão proibida";"Colisão lateral mesmo sentido";"Com Vítimas Feridas";"Pleno dia";"Crescente";"Céu Claro";"Simples";"Reta";"Não";2;0;1;0;1;0;1;2;-21,4328731;-43,55221915;"SPRF-MG";"DEL05-MG";"UOP01-DEL05-MG"
577766;2024-01-29;"segunda-feira";"09:15:00";"PR";277;137;"BALSA NOVA";"Ausência de reação do condutor";"Colisão traseira";"Com Vítimas Feridas";"Pleno dia";"Decrescente";"Céu Claro";"Dupla";"Não Informado";"Não";7;0;4;0;3;0;4;2;-25,470618;-49,685526;"SPRF-PR";"DEL03-PR";"UOP03-DEL03-PR"
577773;2024-01-29;"segunda-feira";"08:50:00";"PR";476;338;"PAULA FREITAS";"Demais falhas mecânicas ou elétricas";"Incêndio";"Sem Vítimas";"Pleno dia";"Crescente";"Céu Claro";"Simples";"Reta";"Não";1;0;0;0;1;0;0;1;-26,15086;-50,876347;"SPRF-PR";"DEL02-PR";"UOP03-DEL02-PR"
577776;2024-01-29;"segunda-feira";"10:20:00";"RS";392;125;"CANGUCU";"Ausência de reação do condutor";"Colisão transversal";"Com Vítimas Fatais";"Pleno dia";"Decrescente";"Nublado";"Simples";"Reta";"Não";7;1;2;1;1;2;3;3;-31,36506;-52,72544;"SPRF-RS";"DEL07-RS";"UOP01-DEL07-RS"
577778;2024-01-29;"segunda-feira";"10:00:00";"SP";116;519;"CAJATI";"Reação tardia ou ineficiente do condutor";"Saída de leito carroçável";"Com Vítimas Feridas";"Pleno dia";"Crescente";"Sol";"Simples";"Reta";"Não";1;0;1;0;0;0;1;1;-24,88391594;-48,22626356;"SPRF-SP";"DEL05-SP";"UOP02-DEL05-SP"
577800;2024-01-29;"segunda-feira";"06:30:00";"MG";381;260;"IPATINGA";"Trafegar com motocicleta (ou similar) entre as faixas";"Colisão lateral mesmo sentido";"Com Vítimas Feridas";"Pleno dia";"Crescente";"Nublado";"Dupla";"Não Informado";"Sim";3;0;0;1;2;0;1;3;-19,53123633;-42,62069343;"SPRF-MG";"DEL03-MG";"UOP02-DEL03-MG"
577807;2024-01-29;"segunda-feira";"13:15:00";"PR";277;3;"PARANAGUA";"Conversão proibida";"Colisão lateral mesmo sentido";"Com Vítimas Feridas";"Pleno dia";"Decrescente";"Céu Claro";"Simples";"Reta";"Sim";2;0;0;1;1;0;1;2;-25,544272;-48,559775;"SPRF-PR";"DEL01-PR";"UOP05-DEL01-PR"
577814;2024-01-29;"segunda-feira";"14:05:00";"RJ";101;66;"CAMPOS DOS GOYTACAZES";"Manobra de mudança de faixa";"Colisão lateral mesmo sentido";"Com Vítimas Feridas";"Pleno dia";"Decrescente";"Sol";"Dupla";"Rotatória";"Sim";3;0;1;0;2;0;1;2;-21,76090387;-41,34788959;"SPRF-RJ";"DEL08-RJ";"UOP02-DEL08-RJ"
577819;2024-01-05;"sexta-feira";"11:00:00";"RJ";101;397;"ITAGUAI";"Reação tardia ou ineficiente do condutor";"Colisão traseira";"Com Vítimas Feridas";"Pleno dia";"Decrescente";"Céu Claro";"Dupla";"Reta";"Não";2;0;1;0;1;0;1;2;-22,871171;-43,745031;"SPRF-RJ";"DEL03-RJ";"UOP01-DEL03-RJ"
577821;2024-01-29;"segunda-feira";"11:40:00";"MG";50;172;"UBERABA";"Velocidade Incompatível";"Colisão com objeto";"Com Vítimas Feridas";"Pleno dia";"Decrescente";"Céu Claro";"Dupla";"Não Informado";"Sim";3;0;2;1;0;0;3;1;-19,75402507;-47,98051917;"SPRF-MG";"DEL13-MG";"UOP01-DEL13-MG"
577822;2024-01-29;"segunda-feira";"14:43:00";"MG";381;821;"CAREACU";"Ausência de reação do condutor";"Colisão traseira";"Com Vítimas Feridas";"Pleno dia";"Decrescente";"Garoa/Chuvisco";"Dupla";"Não Informado";"Não";4;0;3;0;1;0;3;2;-22,11209226;-45,74742779;"SPRF-MG";"DEL16-MG";"UOP02-DEL16-MG"
577831;2024-01-29;"segunda-feira";"13:33:00";"DF";20;28;"BRASILIA";"Ausência de reação do condutor";"Colisão traseira";"Com Vítimas Feridas";"Pleno dia";"Crescente";"Céu Claro";"Dupla";"Reta";"Não";10;0;2;0;8;0;2;2;-15,598319;-47,621925;"SPRF-DF";"DEL02-DF";"UOP01-DEL02-DF"
577835;2024-01-29;"segunda-feira";"13:20:00";"SC";163;116;"GUARUJA DO SUL";"Retorno proibido";"Saída de leito carroçável";"Com Vítimas Feridas";"Pleno dia";"Crescente";"Céu Claro";"Simples";"Não Informado";"Não";2;0;1;0;1;0;1;2;-26,35946595;-53,53565788;"SPRF-SC";"DEL07-SC";"UOP03-DEL07-SC"
577838;2024-01-29;"segunda-feira";"13:55:00";"GO";364;93;"CACHOEIRA ALTA";"Acesso irregular";"Colisão com objeto";"Sem Vítimas";"Pleno dia";"Decrescente";"Céu Claro";"Múltipla";"Reta";"Não";1;0;0;0;0;1;0;1;-18,47534;-51,081116;"SPRF-GO";"DEL05-GO";"UOP02-DEL05-GO"
577839;2024-01-29;"segunda-feira";"12:15:00";"MG";116;342,2;"CAMPANARIO";"Ultrapassagem Indevida";"Colisão lateral sentido oposto";"Com Vítimas Feridas";"Pleno dia";"Decrescente";"Sol";"Simples";"Reta";"Não";5;0;4;0;1;0;4;2;-18,338596;-41,766617;"SPRF-MG";"DEL11-MG";"UOP01-DEL11-MG"
577842;2024-01-29;"segunda-feira";"16:00:00";"CE";116;11,7;"FORTALEZA";"Ausência de reação do condutor";"Colisão lateral mesmo sentido";"Com Vítimas Feridas";"Pleno dia";"Crescente";"Céu Claro";"Dupla";"Reta";"Sim";2;0;1;0;1;0;1;2;-3,84394724;-38,49891546;"SPRF-CE";"DEL01-CE";"UOP02-DEL01-CE"
577850;2024-01-29;"segunda-feira";"17:00:00";"PR";277;240;"IRATI";"Condutor deixou de manter distância do veículo da frente";"Colisão traseira";"Com Vítimas Feridas";"Pleno dia";"Crescente";"Céu Claro";"Simples";"Curva";"Não";3;0;2;0;1;0;2;2;-25,46360541;-50,55589898;"SPRF-PR";"DEL08-PR";"UOP02-DEL08-PR"
577852;2024-01-29;"segunda-feira";"15:20:00";"RJ";101;485;"ANGRA DOS REIS";"Acessar a via sem observar a presença dos outros veículos";"Colisão lateral mesmo sentido";"Com Vítimas Fatais";"Pleno dia";"Crescente";"Céu Claro";"Dupla";"Reta";"Sim";2;1;0;0;1;0;0;2;-22,98573526;-44,29709764;"SPRF-RJ";"DEL03-RJ";"UOP03-DEL03-RJ"
577854;2024-01-29;"segunda-feira";"17:07:00";"RS";392;72,1;"PELOTAS";"Transitar no Acostamento";"Colisão lateral mesmo sentido";"Com Vítimas Feridas";"Pleno dia";"Crescente";"Nublado";"Simples";"Reta";"Não";4;0;3;0;1;0;3;2;-31,721104;-52,389843;"SPRF-RS";"DEL07-RS";"UOP01-DEL07-RS"
577857;2024-01-29;"segunda-feira";"16:30:00";"MG";267;11;"LEOPOLDINA";"Reação tardia ou ineficiente do condutor";"Colisão traseira";"Com Vítimas Fatais";"Pleno dia";"Crescente";"Céu Claro";"Simples";"Reta";"Não";5;1;0;0;4;0;0;3;-21,56999426;-42,70830382;"SPRF-MG";"DEL07-MG";"UOP01-DEL07-MG"
577859;2024-01-29;"segunda-feira";"14:30:00";"GO";452;167,6;"ITUMBIARA";"Transitar na contramão";"Colisão lateral sentido oposto";"Com Vítimas Feridas";"Pleno dia";"Crescente";"Céu Claro";"Simples";"Não Informado";"Não";2;0;0;1;1;0;1;2;-18,33128292;-49,45148796;"SPRF-GO";"DEL03-GO";"UOP02-DEL03-GO"
577861;2024-01-29;"segunda-feira";"18:00:00";"SE";101;115;"ITAPORANGA DAJUDA";"Manobra de mudança de faixa";"Colisão lateral mesmo sentido";"Com Vítimas Feridas";"Anoitecer";"Crescente";"Céu Claro";"Dupla";"Não Informado";"Não";3;0;1;1;1;0;2;2;-11,00451077;-37,30888444;"SPRF-SE";"DEL02-SE";"UOP01-DEL02-SE"
577863;2024-01-29;"segunda-feira";"16:45:00";"MT";163;119;"RONDONOPOLIS";"Problema com o freio";"Tombamento";"Com Vítimas Feridas";"Pleno dia";"Crescente";"Céu Claro";"Dupla";"Não Informado";"Sim";1;0;1;0;0;0;1;1;-16,505412;-54,65154;"SPRF-MT";"DEL02-MT";"UOP01-DEL02-MT"
577864;2024-01-29;"segunda-feira";"18:00:00";"RS";116;525,4;"PELOTAS";"Ausência de reação do condutor";"Colisão lateral mesmo sentido";"Sem Vítimas";"Pleno dia";"Decrescente";"Nublado";"Simples";"Reta";"Não";2;0;0;0;2;0;0;2;-31,7359522;-52,39349776;"SPRF-RS";"DEL07-RS";"UOP01-DEL07-RS"
577867;2024-01-29;"segunda-feira";"18:30:00";"MG";40;413,5;"CURVELO";"Acessar a via sem observar a presença dos outros veículos";"Colisão transversal";"Com Vítimas Feridas";"Plena Noite";"Decrescente";"Nublado";"Simples";"Não Informado";"Não";4;0;0;3;1;0;3;2;-19,13719395;-44,61662717;"SPRF-MG";"DEL02-MG";"UOP01-DEL02-MG"
577872;2024-01-29;"segunda-feira";"17:30:00";"PR";376;601;"CURITIBA";"Trafegar com motocicleta (ou similar) entre as faixas";"Tombamento";"Com Vítimas Feridas";"Pleno dia";"Crescente";"Céu Claro";"Dupla";"Reta";"Sim";2;0;0;1;1;0;1;2;-25,537054;-49,31404;"SPRF-PR";"DEL01-PR";"UOP06-DEL01-PR"
577874;2024-01-29;"segunda-feira";"18:30:00";"PB";230;59,3;"CRUZ DO ESPIRITO SANTO";"Acessar a via sem observar a presença dos outros veículos";"Colisão transversal";"Com Vítimas Feridas";"Plena Noite";"Crescente";"Céu Claro";"Dupla";"Reta";"Não";4;0;0;2;2;0;2;2;-7,2043;-35,1305;"SPRF-PB";"DEL01-PB";"UOP03-DEL01-PB"
577875;2024-01-29;"segunda-feira";"18:40:00";"MG";381;484;"BETIM";"Ausência de reação do condutor";"Colisão lateral mesmo sentido";"Com Vítimas Feridas";"Plena Noite";"Decrescente";"Céu Claro";"Simples";"Não Informado";"Sim";2;0;1;0;1;0;1;2;-19,95531717;-44,11722196;"SPRF-MG";"DEL01-MG";"UOP03-DEL01-MG"
577883;2024-01-29;"segunda-feira";"19:00:00";"GO";60;381;"RIO VERDE";"Iluminação deficiente";"Colisão traseira";"Com Vítimas Feridas";"Plena Noite";"Crescente";"Céu Claro";"Dupla";"Reta";"Sim";2;0;0;1;1;0;1;2;-17,783349;-50,898516;"SPRF-GO";"DEL04-GO";"UOP02-DEL04-GO"
577884;2024-01-29;"segunda-feira";"17:00:00";"RO";364;523;"ARIQUEMES";"Ausência de reação do condutor";"Colisão traseira";"Com Vítimas Feridas";"Pleno dia";"Decrescente";"Céu Claro";"Simples";"Reta";"Não";3;0;1;0;2;0;1;2;-9,85234299;-63,05883787;"SPRF-RO";"DEL03-RO";"UOP01-DEL03-RO"
577892;2024-01-29;"segunda-feira";"17:30:00";"BA";116;576;"BREJOES";"Velocidade Incompatível";"Colisão traseira";"Com Vítimas Feridas";"Anoitecer";"Decrescente";"Céu Claro";"Simples";"Desvio Temporário";"Não";2;0;1;0;1;0;1;2;-13,0913246;-39,9630336;"SPRF-BA";"DEL03-BA";"UOP02-DEL03-BA"
577893;2024-01-29;"segunda-feira";"15:05:00";"SP";116;430,9;"REGISTRO";"Condutor deixou de manter distância do veículo da frente";"Colisão traseira";"Com Vítimas Feridas";"Pleno dia";"Crescente";"Chuva";"Dupla";"Reta";"Não";3;0;0;2;1;0;2;3;-24,40730885;-47,7459871;"SPRF-SP";"DEL05-SP";"UOP01-DEL05-SP"
577896;2024-01-29;"segunda-feira";"16:05:00";"MG";251;427,8;"GRAO MOGOL";"Velocidade Incompatível";"Tombamento";"Com Vítimas Feridas";"Pleno dia";"Crescente";"Chuva";"Simples";"Não Informado";"Não";1;0;1;0;0;0;1;1;-16,33690716;-43,13798285;"SPRF-MG";"DEL12-MG";"UOP01-DEL12-MG"
577907;2024-01-29;"segunda-feira";"22:38:00";"PB";101;88;"JOAO PESSOA";"Acessar a via sem observar a presença dos outros veículos";"Colisão lateral mesmo sentido";"Com Vítimas Feridas";"Plena Noite";"Crescente";"Céu Claro";"Dupla";"Curva";"Sim";3;0;2;0;1;0;2;2;-7,16881637;-34,89706993;"SPRF-PB";"DEL01-PB";"UOP01-DEL01-PB"
577910;2024-01-29;"segunda-feira";"21:50:00";"PR";277;108;"CAMPO LARGO";"Chuva";"Saída de leito carroçável";"Com Vítimas Feridas";"Plena Noite";"Crescente";"Chuva";"Dupla";"Reta";"Não";1;0;1;0;0;0;1;1;-25,436375;-49,443632;"SPRF-PR";"DEL03-PR";"UOP03-DEL03-PR"
577911;2024-01-29;"segunda-feira";"23:15:00";"SC";470;4;"NAVEGANTES";"Acessar a via sem observar a presença dos outros veículos";"Colisão lateral mesmo sentido";"Com Vítimas Feridas";"Plena Noite";"Decrescente";"Céu Claro";"Dupla";"Rotatória";"Não";2;0;0;1;1;0;1;2;-26,861937;-48,681618;"SPRF-SC";"DEL04-SC";"UOP04-DEL04-SC"
577912;2024-01-29;"segunda-feira";"23:30:00";"SP";116;557;"BARRA DO TURVO";"Reação tardia ou ineficiente do condutor";"Saída de leito carroçável";"Com Vítimas Feridas";"Plena Noite";"Decrescente";"Garoa/Chuvisco";"Simples";"Curva";"Não";1;0;1;0;0;0;1;1;-24,99089107;-48,50734616;"SPRF-SP";"DEL05-SP";"UOP02-DEL05-SP"
577914;2024-01-30;"terça-feira";"00:00:00";"RS";158;548,2;"SANTANA DO LIVRAMENTO";"Condutor deixou de manter distância do veículo da frente";"Colisão traseira";"Com Vítimas Feridas";"Plena Noite";"Crescente";"Céu Claro";"Simples";"Reta";"Não";2;0;1;0;1;0;1;2;-30,82738156;-55,34514608;"SPRF-RS";"DEL11-RS";"UOP01-DEL11-RS"
577918;2024-01-30;"terça-feira";"00:11:00";"CE";116;325;"JAGUARIBE";"Velocidade Incompatível";"Tombamento";"Com Vítimas Feridas";"Plena Noite";"Decrescente";"Céu Claro";"Simples";"Curva";"Não";2;0;1;1;0;0;2;1;-6,03230093;-38,64455732;"SPRF-CE";"DEL05-CE";"UOP02-DEL05-CE"
577921;2024-01-30;"terça-feira";"04:15:00";"SC";101;38,5;"JOINVILLE";"Velocidade Incompatível";"Colisão traseira";"Com Vítimas Feridas";"Plena Noite";"Crescente";"Céu Claro";"Dupla";"Não Informado";"Sim";5;0;4;0;1;0;4;2;-26,25472505;-48,90561309;"SPRF-SC";"DEL03-SC";"UOP01-DEL03-SC"
577922;2024-01-30;"terça-feira";"04:32:00";"MS";163;609;"SAO GABRIEL DO OESTE";"Condutor deixou de manter distância do veículo da frente";"Colisão traseira";"Com Vítimas Feridas";"Plena Noite";"Decrescente";"Céu Claro";"Simples";"Não Informado";"Sim";3;0;1;0;1;1;1;3;-19,4409361;-54,53079011;"SPRF-MS";"DEL06-MS";"UOP02-DEL06-MS"
577926;2024-01-30;"terça-feira";"04:30:00";"MS";463;7,4;"DOURADOS";"Ingestão de álcool pelo condutor";"Tombamento";"Com Vítimas Feridas";"Amanhecer";"Crescente";"Céu Claro";"Simples";"Não Informado";"Não";1;0;0;1;0;0;1;1;-22,25364476;-54,87542582;"SPRF-MS";"DEL04-MS";"UOP01-DEL04-MS"
577927;2024-01-30;"terça-feira";"05:00:00";"PR";373;284;"PRUDENTOPOLIS";"Ausência de reação do condutor";"Tombamento";"Com Vítimas Feridas";"Amanhecer";"Crescente";"Céu Claro";"Simples";"Curva";"Não";1;0;1;0;0;0;1;1;-25,29278032;-51,12998486;"SPRF-PR";"DEL08-PR";"UOP01-DEL08-PR"
577928;2024-01-30;"terça-feira";"00:30:00";"GO";80;134;"BARRO ALTO";"Acessar a via sem observar a presença dos outros veículos";"Colisão traseira";"Sem Vítimas";"Pleno dia";"Crescente";"Céu Claro";"Simples";"Reta";"Sim";3;0;0;0;3;0;0;2;-14,96601325;-48,93447876;"SPRF-GO";"DEL07-GO";"UOP02-DEL07-GO"
577929;2024-01-30;"terça-feira";"06:08:00";"MG";364;1;"PLANURA";"Pedestre andava na pista";"Atropelamento de Pedestre";"Com Vítimas Fatais";"Pleno dia";"Crescente";"Céu Claro";"Simples";"Não Informado";"Sim";2;1;0;0;0;1;0;2;-20,13824;-48,702347;"SPRF-MG";"DEL13-MG";"UOP02-DEL13-MG"
577932;2024-01-30;"terça-feira";"03:50:00";"AM";230;612;"HUMAITA";"Reação tardia ou ineficiente do condutor";"Tombamento";"Com Vítimas Feridas";"Plena Noite";"Crescente";"Céu Claro";"Simples";"Rotatória";"Sim";1;0;1;0;0;0;1;1;-7,51704445;-63,03054929;"SPRF-AM";"DEL01-AM";"UOP05-DEL01-AM"
577934;2024-01-30;"terça-feira";"05:00:00";"PR";376;421,3;"TIBAGI";"Velocidade Incompatível";"Tombamento";"Com Vítimas Feridas";"Plena Noite";"Crescente";"Ignorado";"Dupla";"Curva";"Não";1;0;1;0;0;0;1;1;-24,72548801;-50,53830472;"SPRF-PR";"DEL03-PR";"UOP02-DEL03-PR"
577935;2024-01-29;"segunda-feira";"08:47:00";"PE";428;187;"PETROLINA";"Ausência de reação do condutor";"Colisão traseira";"Com Vítimas Feridas";"Pleno dia";"Crescente";"Céu Claro";"Múltipla";"Rotatória";"Sim";2;0;1;0;1;0;1;2;-9,35604301;-40,47854198;"SPRF-PE";"DEL06-PE";"UOP01-DEL06-PE"
577936;2024-01-30;"terça-feira";"04:35:00";"MG";262;432,8;"NOVA SERRANA";"Ausência de reação do condutor";"Colisão traseira";"Com Vítimas Feridas";"Amanhecer";"Decrescente";"Céu Claro";"Dupla";"Não Informado";"Não";11;0;8;2;1;0;10;2;-19,89018451;-44,89041875;"SPRF-MG";"DEL08-MG";"UOP03-DEL08-MG"
577942;2024-01-30;"terça-feira";"05:30:00";"MG";381;938;"EXTREMA";"Demais falhas mecânicas ou elétricas";"Eventos atípicos";"Com Vítimas Feridas";"Amanhecer";"Decrescente";"Céu Claro";"Dupla";"Reta";"Não";2;0;1;0;1;0;1;2;-22,81742326;-46,29383902;"SPRF-MG";"DEL16-MG";"UOP03-DEL16-MG"
577943;2024-01-30;"terça-feira";"07:05:00";"RJ";116;170;"RIO DE JANEIRO";"Trafegar com motocicleta (ou similar) entre as faixas";"Colisão lateral mesmo sentido";"Com Vítimas Feridas";"Pleno dia";"Decrescente";"Céu Claro";"Dupla";"Reta";"Sim";2;0;1;0;0;1;1;2;-22,81113183;-43,3336729;"SPRF-RJ";"DEL06-RJ";"UOP01-DEL06-RJ"
577948;2024-01-30;"terça-feira";"07:40:00";"MG";267;286,3;"BAEPENDI";"Velocidade Incompatível";"Tombamento";"Com Vítimas Feridas";"Pleno dia";"Crescente";"Céu Claro";"Simples";"Curva";"Não";1;0;1;0;0;0;1;1;-21,92600738;-44,78319168;"SPRF-MG";"DEL17-MG";"UOP01-DEL17-MG"
577950;2024-01-30;"terça-feira";"08:10:00";"GO";153;560;"PROFESSOR JAMIL";"Ausência de reação do condutor";"Capotamento";"Com Vítimas Fatais";"Pleno dia";"Crescente";"Céu Claro";"Dupla";"Não Informado";"Não";2;2;0;0;0;0;0;1;-17,2174;-49,2288;"SPRF-GO";"DEL03-GO";"UOP01-DEL03-GO"
577953;2024-01-30;"terça-feira";"08:15:00";"SC";282;64,2;"RANCHO QUEIMADO";"Ultrapassagem Indevida";"Colisão frontal";"Com Vítimas Fatais";"Pleno dia";"Decrescente";"Céu Claro";"Simples";"Não Informado";"Não";3;1;0;1;1;0;1;2;-27,696963;-49,054121;"SPRF-SC";"DEL01-SC";"UOP03-DEL01-SC"
577956;2024-01-30;"terça-feira";"07:00:00";"MG";50;72,5;"UBERLANDIA";"Manobra de mudança de faixa";"Colisão lateral mesmo sentido";"Sem Vítimas";"Pleno dia";"Decrescente";"Sol";"Dupla";"Não Informado";"Sim";3;0;0;0;3;0;0;3;-18,85140204;-48,25345932;"SPRF-MG";"DEL15-MG";"UOP01-DEL15-MG"
577957;2024-01-30;"terça-feira";"06:20:00";"RJ";116;223;"PARACAMBI";"Demais falhas mecânicas ou elétricas";"Incêndio";"Sem Vítimas";"Pleno dia";"Decrescente";"Céu Claro";"Dupla";"Reta";"Não";1;0;0;0;1;0;0;1;-22,68972504;-43,801317;"SPRF-RJ";"DEL06-RJ";"UOP02-DEL06-RJ"
577958;2024-01-30;"terça-feira";"08:05:00";"MS";267;482,1;"JARDIM";"Acessar a via sem observar a presença dos outros veículos";"Colisão transversal";"Com Vítimas Feridas";"Pleno dia";"Decrescente";"Sol";"Simples";"Reta";"Sim";2;0;0;1;1;0;1;2;-21,48097208;-56,15576902;"SPRF-MS";"DEL05-MS";"UOP01-DEL05-MS"
577959;2024-01-30;"terça-feira";"05:30:00";"BA";407;207;"CAPIM GROSSO";"Condutor Dormindo";"Colisão lateral sentido oposto";"Com Vítimas Feridas";"Pleno dia";"Decrescente";"Céu Claro";"Simples";"Reta";"Não";3;0;1;0;2;0;1;2;-11,16499996;-40,05247087;"SPRF-BA";"DEL04-BA";"UOP02-DEL04-BA"
577960;2024-01-30;"terça-feira";"08:50:00";"PB";230;282;"SANTA LUZIA";"Reação tardia ou ineficiente do condutor";"Colisão traseira";"Com Vítimas Feridas";"Pleno dia";"Crescente";"Sol";"Simples";"Reta";"Não";9;0;3;0;5;1;3;5;-6,9203;-36,8532;"SPRF-PB";"DEL03-PB";"UOP01-DEL03-PB"
577961;2024-01-30;"terça-feira";"08:40:00";"RJ";101;180;"MACAE";"Reação tardia ou ineficiente do condutor";"Colisão traseira";"Com Vítimas Feridas";"Pleno dia";"Crescente";"Céu Claro";"Simples";"Curva";"Não";2;0;0;1;1;0;1;2;-22,40868134;-41,99838761;"SPRF-RJ";"DEL08-RJ";"UOP04-DEL08-RJ"
577964;2024-01-29;"segunda-feira";"18:30:00";"BA";407;172;"PONTO NOVO";"Pedestre cruzava a pista fora da faixa";"Atropelamento de Pedestre";"Com Vítimas Feridas";"Plena Noite";"Decrescente";"Céu Claro";"Simples";"Reta";"Não";2;0;0;1;1;0;1;2;-10,85708513;-40,11203125;"SPRF-BA";"DEL04-BA";"UOP02-DEL04-BA"
577966;2024-01-30;"terça-feira";"09:00:00";"MT";70;7;"BARRA DO GARCAS";"Velocidade Incompatível";"Colisão traseira";"Com Vítimas Feridas";"Pleno dia";"Crescente";"Céu Claro";"Dupla";"Interseção de vias";"Sim";3;0;1;0;2;0;1;3;-15,87783366;-52,31337829;"SPRF-MT";"DEL07-MT";"UOP01-DEL07-MT"
577969;2024-01-19;"sexta-feira";"19:20:00";"ES";101;294,4;"CARIACICA";"Reação tardia ou ineficiente do condutor";"Colisão traseira";"Com Vítimas Feridas";"Plena Noite";"Crescente";"Céu Claro";"Dupla";"Não Informado";"Sim";2;0;1;0;1;0;1;2;-20,32415948;-40,3952903;"SPRF-ES";"DEL01-ES";"UOP01-DEL01-ES"
577970;2024-01-30;"terça-feira";"06:30:00";"MT";163;660;"LUCAS DO RIO VERDE";"Condutor Dormindo";"Colisão lateral sentido oposto";"Com Vítimas Feridas";"Pleno dia";"Decrescente";"Céu Claro";"Simples";"Reta";"Não";2;0;1;0;1;0;1;2;-13,296;-56,036;"SPRF-MT";"DEL06-MT";"UOP01-DEL06-MT"
577971;2024-01-30;"terça-feira";"09:40:00";"ES";101;124;"SOORETAMA";"Acesso irregular";"Colisão transversal";"Com Vítimas Feridas";"Pleno dia";"Decrescente";"Nublado";"Simples";"Reta";"Não";2;0;1;0;1;0;1;2;-19,17652792;-40,09118118;"SPRF-ES";"DEL04-ES";"UOP01-DEL04-ES"
577975;2024-01-30;"terça-feira";"09:00:00";"SC";116;247,9;"LAGES";"Acessar a via sem observar a presença dos outros veículos";"Colisão transversal";"Com Vítimas Feridas";"Pleno dia";"Crescente";"Céu Claro";"Simples";"Interseção de vias";"Sim";3;0;1;1;1;0;2;2;-27,81262488;-50,36859817;"SPRF-SC";"DEL05-SC";"UOP02-DEL05-SC"
577978;2024-01-30;"terça-feira";"09:35:00";"RS";290;94;"PORTO ALEGRE";"Demais falhas mecânicas ou elétricas";"Tombamento";"Sem Vítimas";"Pleno dia";"Decrescente";"Céu Claro";"Dupla";"Curva";"Sim";1;0;0;0;1;0;0;1;-29,973856;-51,197853;"SPRF-RS";"DEL01-RS";"UOP01-DEL01-RS"
577982;2024-01-30;"terça-feira";"10:35:00";"PE";232;5;"RECIFE";"Manobra de mudança de faixa";"Colisão lateral mesmo sentido";"Sem Vítimas";"Pleno dia";"Crescente";"Sol";"Múltipla";"Reta";"Sim";2;0;0;0;2;0;0;2;-8,06795766;-34,94535414;"SPRF-PE";"DEL01-PE";"UOP01-DEL01-PE"
577983;2024-01-30;"terça-feira";"07:25:00";"PR";277;138;"BALSA NOVA";"Velocidade Incompatível";"Colisão traseira";"Com Vítimas Fatais";"Pleno dia";"Crescente";"Sol";"Dupla";"Não Informado";"Não";9;1;1;1;6;0;2;7;-25,47604973;-49,71521419;"SPRF-PR";"DEL03-PR";"UOP03-DEL03-PR"
577984;2024-01-30;"terça-feira";"09:30:00";"RO";364;703;"PORTO VELHO";"Acessar a via sem observar a presença dos outros veículos";"Colisão lateral mesmo sentido";"Com Vítimas Feridas";"Pleno dia";"Decrescente";"Sol";"Dupla";"Reta";"Sim";2;0;1;0;1;0;1;2;-8,80021523;-63,79557792;"SPRF-RO";"DEL01-RO";"UOP01-DEL01-RO"
577988;2024-01-30;"terça-feira";"10:00:00";"MT";364;280,1;"JACIARA";"Demais falhas mecânicas ou elétricas";"Incêndio";"Sem Vítimas";"Pleno dia";"Crescente";"Céu Claro";"Dupla";"Reta";"Não";1;0;0;0;1;0;0;1;-15,9364519;-55,0199037;"SPRF-MT";"DEL05-MT";"UOP02-DEL05-MT"
577989;2024-01-30;"terça-feira";"10:50:00";"SP";153;114,3;"JOSE BONIFACIO";"Reação tardia ou ineficiente do condutor";"Colisão traseira";"Com Vítimas Fatais";"Pleno dia";"Decrescente";"Céu Claro";"Simples";"Não Informado";"Não";7;1;2;2;2;0;4;4;-21,12117412;-49,69084075;"SPRF-SP";"DEL09-SP";"UOP01-DEL09-SP"
577991;2024-01-30;"terça-feira";"07:30:00";"BA";135;127;"RIACHAO DAS NEVES";"Acumulo de óleo sobre o pavimento";"Engavetamento";"Com Vítimas Feridas";"Pleno dia";"Crescente";"Chuva";"Simples";"Não Informado";"Não";13;0;0;3;10;0;3;5;-11,77625493;-44,89703792;"SPRF-BA";"DEL08-BA";"UOP04-DEL08-BA"
577992;2024-01-30;"terça-feira";"11:30:00";"CE";222;312;"TIANGUA";"Entrada inopinada do pedestre";"Atropelamento de Pedestre";"Com Vítimas Fatais";"Pleno dia";"Crescente";"Céu Claro";"Simples";"Não Informado";"Sim";2;1;0;0;1;0;0;2;-3,71699311;-40,9914242;"SPRF-CE";"DEL04-CE";"UOP02-DEL04-CE"