"id";"data_inversa";"dia_semana";"horario";"uf";"br";"km";"municipio";"causa_acidente";"tipo_acidente";"classificacao_acidente";"fase_dia";"sentido_via";"condicao_metereologica";"tipo_pista";"tracado_via";"uso_solo";"pessoas";"mortos";"feridos_leves";"feridos_graves";"ilesos";"ignorados";"feridos";"veiculos";"latitude";"longitude";"regional";"delegacia";"uop"
577999;2024-01-30;"terça-feira";"10:20:00";"RN";304;304,9;"PARNAMIRIM";"Manobra de mudança de faixa";"Colisão com objeto";"Sem Vítimas";"Pleno dia";"Crescente";"Sol";"Dupla";"Desvio Temporário";"Sim";1;0;0;0;1;0;0;1;-5,88691267;-35,27498603;"SPRF-RN";"DEL01-RN";"UOP02-DEL01-RN"
578000;2024-01-30;"terça-feira";"11:30:00";"MG";365;2,6;"MONTES CLAROS";"Reação tardia ou ineficiente do condutor";"Colisão traseira";"Com Vítimas Feridas";"Pleno dia";"Decrescente";"Nublado";"Simples";"Reta";"Não";3;0;2;0;1;0;2;2;-16,72627608;-43,88021191;"SPRF-MG";"DEL12-MG";"UOP01-DEL12-MG"
578001;2024-01-30;"terça-feira";"10:00:00";"SC";101;294;"IMBITUBA";"Ausência de reação do condutor";"Colisão traseira";"Sem Vítimas";"Pleno dia";"Crescente";"Sol";"Dupla";"Não Informado";"Não";4;0;0;0;4;0;0;4;-28,29220304;-48,71018095;"SPRF-SC";"DEL02-SC";"UOP03-DEL02-SC"
578002;2024-01-30;"terça-feira";"12:33:00";"PE";408;100;"SAO LOURENCO DA MATA";"Avarias e/ou desgaste excessivo no pneu";"Tombamento";"Com Vítimas Feridas";"Pleno dia";"Decrescente";"Sol";"Dupla";"Reta";"Não";4;0;1;0;3;0;1;1;-8,04364056;-35,01674995;"SPRF-PE";"DEL01-PE";"UOP01-DEL01-PE"
578003;2024-01-30;"terça-feira";"10:15:00";"RJ";116;225;"PIRAI";"Ausência de reação do condutor";"Colisão traseira";"Com Vítimas Feridas";"Pleno dia";"Crescente";"Sol";"Dupla";"Não Informado";"Não";5;0;1;0;4;0;1;4;-22,679905;-43,814217;"SPRF-RJ";"DEL06-RJ";"UOP02-DEL06-RJ"
578016;2024-01-30;"terça-feira";"12:30:00";"SC";101;295;"IMBITUBA";"Ausência de reação do condutor";"Colisão traseira";"Com Vítimas Feridas";"Pleno dia";"Crescente";"Céu Claro";"Dupla";"Viaduto";"Sim";3;0;1;0;2;0;1;2;-28,29854333;-48,71633767;"SPRF-SC";"DEL02-SC";"UOP03-DEL02-SC"
578019;2024-01-30;"terça-feira";"10:51:00";"SC";480;123,7;"CHAPECO";"Manobra de mudança de faixa";"Colisão com objeto";"Sem Vítimas";"Pleno dia";"Decrescente";"Sol";"Dupla";"Não Informado";"Sim";2;0;0;0;1;1;0;2;-27,00173676;-52,64475703;"SPRF-SC";"DEL07-SC";"UOP01-DEL07-SC"
578020;2024-01-30;"terça-feira";"14:45:00";"ES";101;415;"CACHOEIRO DE ITAPEMIRIM";"Reação tardia ou ineficiente do condutor";"Colisão traseira";"Com Vítimas Feridas";"Pleno dia";"Decrescente";"Nublado";"Simples";"Curva";"Não";2;0;1;0;1;0;1;2;-20,93222599;-41,0792708;"SPRF-ES";"DEL03-ES";"UOP02-DEL03-ES"
578034;2024-01-30;"terça-feira";"13:30:00";"GO";158;54;"BOM JARDIM DE GOIAS";"Velocidade Incompatível";"Colisão lateral sentido oposto";"Com Vítimas Fatais";"Pleno dia";"Crescente";"Céu Claro";"Simples";"Reta";"Não";6;1;0;2;2;1;2;3;-16,25924428;-52,04553823;"SPRF-GO";"DEL04-GO";"UOP02-DEL04-GO"
578042;2024-01-30;"terça-feira";"16:30:00";"ES";101;270;"SERRA";"Manobra de mudança de faixa";"Colisão lateral mesmo sentido";"Com Vítimas Feridas";"Pleno dia";"Decrescente";"Céu Claro";"Múltipla";"Reta";"Sim";4;0;0;1;3;0;1;4;-20,22662056;-40,27075088;"SPRF-ES";"DEL02-ES";"UOP01-DEL02-ES"
578044;2024-01-30;"terça-feira";"17:10:00";"SE";235;31,9;"AREIA BRANCA";"Acessar a via sem observar a presença dos outros veículos";"Colisão transversal";"Com Vítimas Feridas";"Pleno dia";"Crescente";"Nublado";"Simples";"Não Informado";"Sim";5;0;4;0;1;0;4;2;-10,769286;-37,299343;"SPRF-SE";"DEL01-SE";"UOP02-DEL01-SE"
578045;2024-01-30;"terça-feira";"16:50:00";"SC";282;47,5;"AGUAS MORNAS";"Problema com o freio";"Saída de leito carroçável";"Sem Vítimas";"Pleno dia";"Decrescente";"Céu Claro";"Simples";"Não Informado";"Não";1;0;0;0;1;0;0;1;-27,721771;-48,934837;"SPRF-SC";"DEL01-SC";"UOP03-DEL01-SC"
578046;2024-01-30;"terça-feira";"15:00:00";"BA";415;58;"ITABUNA";"Demais falhas mecânicas ou elétricas";"Incêndio";"Sem Vítimas";"Pleno dia";"Crescente";"Céu Claro";"Simples";"Reta";"Não";1;0;0;0;1;0;0;1;-14,856288;-39,395367;"SPRF-BA";"DEL05-BA";"UOP01-DEL05-BA"
578051;2024-01-30;"terça-feira";"16:15:00";"RO";364;692;"PORTO VELHO";"Reação tardia ou ineficiente do condutor";"Colisão traseira";"Com Vítimas Feridas";"Pleno dia";"Crescente";"Céu Claro";"Dupla";"Reta";"Sim";2;0;1;0;1;0;1;2;-8,79733425;-63,69814797;"SPRF-RO";"DEL01-RO";"UOP01-DEL01-RO"
578054;2024-01-30;"terça-feira";"17:25:00";"PR";476;146;"CURITIBA";"Condutor deixou de manter distância do veículo da frente";"Engavetamento";"Sem Vítimas";"Pleno dia";"Decrescente";"Céu Claro";"Simples";"Reta";"Sim";4;0;0;0;4;0;0;4;-25,551186;-49,330109;"SPRF-PR";"DEL01-PR";"UOP06-DEL01-PR"
578060;2024-01-30;"terça-feira";"18:30:00";"ES";262;137,2;"BREJETUBA";"Velocidade Incompatível";"Tombamento";"Com Vítimas Feridas";"Plena Noite";"Decrescente";"Nublado";"Simples";"Curva";"Não";1;0;1;0;0;0;1;1;-20,23526078;-41,34327555;"SPRF-ES";"DEL01-ES";"UOP02-DEL01-ES"
578068;2024-01-30;"terça-feira";"19:15:00";"PE";232;6,6;"RECIFE";"Condutor deixou de manter distância do veículo da frente";"Colisão traseira";"Com Vítimas Feridas";"Plena Noite";"Decrescente";"Céu Claro";"Múltipla";"Reta";"Não";3;0;1;0;1;1;1;2;-8,07079525;-34,9535389;"SPRF-PE";"DEL01-PE";"UOP01-DEL01-PE"
578073;2024-01-30;"terça-feira";"18:30:00";"PR";369;163;"CAMBE";"Velocidade Incompatível";"Colisão traseira";"Com Vítimas Feridas";"Pleno dia";"Crescente";"Céu Claro";"Dupla";"Não Informado";"Sim";8;0;0;2;6;0;2;5;-23,2970736;-51,2772632;"SPRF-PR";"DEL07-PR";"UOP01-DEL07-PR"
578081;2024-01-30;"terça-feira";"20:15:00";"SP";381;67,5;"MAIRIPORA";"Velocidade Incompatível";"Tombamento";"Com Vítimas Feridas";"Plena Noite";"Decrescente";"Céu Claro";"Múltipla";"Curva";"Não";2;0;1;0;1;0;1;2;-23,33226094;-46,57675379;"SPRF-SP";"DEL03-SP";"UOP01-DEL03-SP"
578083;2024-01-30;"terça-feira";"17:30:00";"MG";365;685;"MONTE ALEGRE DE MINAS";"Velocidade Incompatível";"Colisão traseira";"Com Vítimas Feridas";"Pleno dia";"Crescente";"Céu Claro";"Dupla";"Não Informado";"Não";4;0;2;0;0;2;2;3;-18,86128507;-48,8629942;"SPRF-MG";"DEL15-MG";"UOP01-DEL15-MG"
578085;2024-01-30;"terça-feira";"21:00:00";"RJ";101;103,8;"CAMPOS DOS GOYTACAZES";"Avarias e/ou desgaste excessivo no pneu";"Incêndio";"Sem Vítimas";"Plena Noite";"Crescente";"Céu Claro";"Dupla";"Reta";"Não";1;0;0;0;1;0;0;1;-21,9108478045;-41,6113219576;"SPRF-RJ";"DEL08-RJ";"UOP02-DEL08-RJ"
578089;2024-01-30;"terça-feira";"20:30:00";"PR";369;192,8;"ARAPONGAS";"Conversão proibida";"Colisão transversal";"Com Vítimas Fatais";"Plena Noite";"Decrescente";"Céu Claro";"Dupla";"Reta";"Não";3;1;0;1;1;0;1;2;-23,47664;-51,42371;"SPRF-PR";"DEL07-PR";"UOP03-DEL07-PR"
578094;2024-01-30;"terça-feira";"22:04:00";"PE";101;63,9;"RECIFE";"Manobra de mudança de faixa";"Colisão lateral mesmo sentido";"Com Vítimas Feridas";"Plena Noite";"Decrescente";"Céu Claro";"Dupla";"Viaduto";"Sim";3;0;2;0;1;0;2;2;-8,00800604;-34,93756535;"SPRF-PE";"DEL01-PE";"UOP01-DEL01-PE"
578099;2024-01-30;"terça-feira";"23:00:00";"MG";381;485,8;"CONTAGEM";"Pedestre andava na pista";"Atropelamento de Pedestre";"Com Vítimas Fatais";"Plena Noite";"Crescente";"Chuva";"Dupla";"Não Informado";"Sim";2;1;0;0;1;0;0;2;-19,95826094;-44,05921101;"SPRF-MG";"DEL01-MG";"UOP03-DEL01-MG"
578105;2024-01-30;"terça-feira";"15:18:00";"PA";163;496;"ITAITUBA";"Transitar na contramão";"Colisão lateral sentido oposto";"Com Vítimas Fatais";"Pleno dia";"Crescente";"Céu Claro";"Simples";"Não Informado";"Não";4;1;0;0;3;0;0;4;-5,53625705;-55,82876308;"SPRF-PA";"DEL05-PA";"UOP02-DEL05-PA"
578106;2024-01-30;"terça-feira";"23:00:00";"SP";116;79,2;"ROSEIRA";"Demais falhas mecânicas ou elétricas";"Saída de leito carroçável";"Com Vítimas Feridas";"Plena Noite";"Crescente";"Céu Claro";"Dupla";"Reta";"Não";1;0;1;0;0;0;1;1;-22,89420903;-45,29471098;"SPRF-SP";"DEL08-SP";"UOP01-DEL08-SP"
578107;2024-01-30;"terça-feira";"15:00:00";"MT";70;373;"CAMPO VERDE";"Acumulo de água sobre o pavimento";"Colisão lateral sentido oposto";"Com Vítimas Fatais";"Pleno dia";"Crescente";"Chuva";"Simples";"Curva";"Sim";4;1;1;0;2;0;1;3;-15,4889926;-55,06380512;"SPRF-MT";"DEL05-MT";"UOP02-DEL05-MT"
578109;2024-01-30;"terça-feira";"22:45:00";"MT";158;408,9;"RIBEIRAO CASCALHEIRA";"Velocidade Incompatível";"Tombamento";"Com Vítimas Feridas";"Plena Noite";"Crescente";"Céu Claro";"Simples";"Curva";"Não";2;0;0;1;1;0;1;2;-12,84775719;-51,78515096;"SPRF-MT";"DEL07-MT";"UOP02-DEL07-MT"
578110;2024-01-31;"quarta-feira";"00:30:00";"SC";101;209,8;"SAO JOSE";"Pedestre andava na pista";"Atropelamento de Pedestre";"Com Vítimas Fatais";"Plena Noite";"Crescente";"Nublado";"Múltipla";"Reta";"Sim";3;1;0;0;1;1;0;2;-27,6166068;-48,6455902;"SPRF-SC";"DEL01-SC";"UOP01-DEL01-SC"
578115;2024-01-31;"quarta-feira";"02:10:00";"MS";163;441;"CAMPO GRANDE";"Reação tardia ou ineficiente do condutor";"Saída de leito carroçável";"Sem Vítimas";"Plena Noite";"Crescente";"Céu Claro";"Simples";"Reta";"Não";1;0;0;0;1;0;0;1;-20,80335397;-54,51953585;"SPRF-MS";"DEL01-MS";"UOP01-DEL01-MS"
578117;2024-01-31;"quarta-feira";"02:15:00";"PR";376;526,4;"PONTA GROSSA";"Reação tardia ou ineficiente do condutor";"Colisão traseira";"Com Vítimas Feridas";"Plena Noite";"Crescente";"Nublado";"Dupla";"Não Informado";"Não";2;0;1;0;1;0;1;2;-25,27547369;-49,9268961;"SPRF-PR";"DEL03-PR";"UOP04-DEL03-PR"
578118;2024-01-31;"quarta-feira";"02:40:00";"PI";316;318;"PICOS";"Transitar na contramão";"Colisão frontal";"Com Vítimas Fatais";"Plena Noite";"Decrescente";"Céu Claro";"Simples";"Reta";"Sim";2;1;0;0;1;0;0;2;-7,088704;-41,398729;"SPRF-PI";"DEL04-PI";"UOP01-DEL04-PI"
578120;2024-01-31;"quarta-feira";"04:40:00";"SP";381;86;"SAO PAULO";"Entrada inopinada do pedestre";"Atropelamento de Pedestre";"Com Vítimas Fatais";"Amanhecer";"Decrescente";"Céu Claro";"Múltipla";"Reta";"Sim";3;1;0;0;1;1;0;3;-23,45930499;-46,57161179;"SPRF-SP";"DEL03-SP";"UOP01-DEL03-SP"
578132;2024-01-31;"quarta-feira";"06:40:00";"PR";277;722;"FOZ DO IGUACU";"Desrespeitar a preferência no cruzamento";"Colisão transversal";"Com Vítimas Feridas";"Pleno dia";"Decrescente";"Céu Claro";"Dupla";"Não Informado";"Sim";4;0;1;0;3;0;1;2;-25,49494908;-54,52095097;"SPRF-PR";"DEL05-PR";"UOP03-DEL05-PR"
578138;2024-01-31;"quarta-feira";"07:25:00";"SP";116;335;"JUQUITIBA";"Reação tardia ou ineficiente do condutor";"Tombamento";"Com Vítimas Feridas";"Pleno dia";"Crescente";"Céu Claro";"Dupla";"Curva";"Não";1;0;1;0;0;0;1;1;-23,96963408;-47,1337469;"SPRF-SP";"DEL04-SP";"UOP03-DEL04-SP"
578144;2024-01-31;"quarta-feira";"05:00:00";"BA";116;505;"SANTA TERESINHA";"Trafegar com motocicleta (ou similar) entre as faixas";"Colisão frontal";"Com Vítimas Fatais";"Amanhecer";"Crescente";"Céu Claro";"Simples";"Não Informado";"Não";2;1;0;0;1;0;0;2;-12,61278659;-39,5685887;"SPRF-BA";"DEL03-BA";"UOP02-DEL03-BA"
578159;2024-01-31;"quarta-feira";"07:40:00";"MG";381;341;"BELA VISTA DE MINAS";"Velocidade Incompatível";"Colisão frontal";"Com Vítimas Fatais";"Pleno dia";"Decrescente";"Nublado";"Dupla";"Curva";"Não";6;1;0;3;2;0;3;3;-19,84403064;-43,10352396;"SPRF-MG";"DEL03-MG";"UOP01-DEL03-MG"
578167;2024-01-31;"quarta-feira";"10:00:00";"SE";349;118,4;"ITAPORANGA DAJUDA";"Condutor deixou de manter distância do veículo da frente";"Colisão traseira";"Com Vítimas Feridas";"Pleno dia";"Crescente";"Céu Claro";"Dupla";"Não Informado";"Não";2;0;0;1;0;1;1;2;-11,026115;-37,328815;"SPRF-SE";"DEL02-SE";"UOP01-DEL02-SE"
578170;2024-01-31;"quarta-feira";"09:40:00";"PR";376;614;"SAO JOSE DOS PINHAIS";"Reação tardia ou ineficiente do condutor";"Colisão traseira";"Com Vítimas Feridas";"Pleno dia";"Decrescente";"Céu Claro";"Dupla";"Reta";"Sim";3;0;1;0;2;0;1;3;-25,57084314;-49,19356398;"SPRF-PR";"DEL01-PR";"UOP06-DEL01-PR"
578172;2024-01-31;"quarta-feira";"08:53:00";"PR";376;307,8;"MAUA DA SERRA";"Velocidade Incompatível";"Tombamento";"Com Vítimas Feridas";"Pleno dia";"Decrescente";"Céu Claro";"Dupla";"Curva";"Não";1;0;1;0;0;0;1;1;-23,950248;-51,119076;"SPRF-PR";"DEL07-PR";"UOP02-DEL07-PR"
578175;2024-01-15;"segunda-feira";"16:31:00";"BA";242;823;"BARREIRAS";"Condutor deixou de manter distância do veículo da frente";"Colisão traseira";"Com Vítimas Feridas";"Pleno dia";"Crescente";"Céu Claro";"Simples";"Reta";"Não";4;0;0;1;3;0;1;2;-12,116675;-45,242188;"SPRF-BA";"DEL10-BA";"UOP01-DEL10-BA"
578176;2024-01-31;"quarta-feira";"10:20:00";"RN";226;137,2;"CAMPO REDONDO";"Demais falhas mecânicas ou elétricas";"Incêndio";"Sem Vítimas";"Pleno dia";"Crescente";"Céu Claro";"Simples";"Reta";"Não";3;0;0;0;3;0;0;1;-6,19997914;-36,19832509;"SPRF-RN";"DEL03-RN";"UOP02-DEL03-RN"
578177;2024-01-31;"quarta-feira";"09:20:00";"MG";365;704;"MONTE ALEGRE DE MINAS";"Reação tardia ou ineficiente do condutor";"Colisão traseira";"Com Vítimas Feridas";"Pleno dia";"Crescente";"Nublado";"Dupla";"Desvio Temporário";"Não";2;0;1;0;1;0;1;2;-18,88169079;-49,03599797;"SPRF-MG";"DEL15-MG";"UOP03-DEL15-MG"
578178;2024-01-31;"quarta-feira";"07:00:00";"BA";101;725;"ITABELA";"Curva acentuada";"Tombamento";"Com Vítimas Feridas";"Pleno dia";"Crescente";"Céu Claro";"Simples";"Não Informado";"Não";1;0;0;1;0;0;1;1;-16,59628792;-39,55057482;"SPRF-BA";"DEL09-BA";"UOP01-DEL09-BA"
578179;2024-01-31;"quarta-feira";"10:30:00";"RJ";101;234,1;"SILVA JARDIM";"Ausência de reação do condutor";"Colisão lateral mesmo sentido";"Com Vítimas Feridas";"Pleno dia";"Decrescente";"Nublado";"Dupla";"Curva";"Não";3;0;1;0;1;1;1;3;-22,60282105;-42,38831176;"SPRF-RJ";"DEL02-RJ";"UOP03-DEL02-RJ"
578182;2024-01-31;"quarta-feira";"13:15:00";"SC";101;142;"BALNEARIO CAMBORIU";"Condutor deixou de manter distância do veículo da frente";"Colisão traseira";"Com Vítimas Feridas";"Pleno dia";"Crescente";"Céu Claro";"Dupla";"Não Informado";"Sim";5;0;1;1;3;0;2;4;-27,056089;-48,599449;"SPRF-SC";"DEL04-SC";"UOP03-DEL04-SC"
578184;2024-01-31;"quarta-feira";"09:45:00";"RJ";40;110;"DUQUE DE CAXIAS";"Manobra de mudança de faixa";"Colisão lateral mesmo sentido";"Com Vítimas Feridas";"Pleno dia";"Crescente";"Céu Claro";"Dupla";"Reta";"Sim";2;0;0;1;1;0;1;2;-22,68289906;-43,28549346;"SPRF-RJ";"DEL01-RJ";"UOP02-DEL01-RJ"
578188;2024-01-31;"quarta-feira";"14:40:00";"MG";381;802;"SAO GONCALO DO SAPUCAI";"Demais falhas mecânicas ou elétricas";"Incêndio";"Sem Vítimas";"Pleno dia";"Crescente";"Nublado";"Dupla";"Reta";"Não";1;0;0;0;1;0;0;1;-21,98685449;-45,65711903;"SPRF-MG";"DEL16-MG";"UOP02-DEL16-MG"
578191;2024-01-31;"quarta-feira";"09:30:00";"BA";116;783,8;"PLANALTO";"Acessar a via sem observar a presença dos outros veículos";"Colisão transversal";"Com Vítimas Feridas";"Pleno dia";"Decrescente";"Sol";"Simples";"Reta";"Não";3;0;1;0;1;1;1;3;-14,65785594;-40,46029014;"SPRF-BA";"DEL08-BA";"UOP02-DEL08-BA"
578194;2024-01-31;"quarta-feira";"09:20:00";"SC";282;423,3;"VARGEM BONITA";"Velocidade Incompatível";"Tombamento";"Com Vítimas Feridas";"Pleno dia";"Decrescente";"Céu Claro";"Simples";"Não Informado";"Não";1;0;0;1;0;0;1;1;-26,99556;-51,752289;"SPRF-SC";"DEL07-SC";"UOP05-DEL07-SC"
578197;2024-01-31;"quarta-feira";"15:21:00";"SP";116;291;"ITAPECERICA DA SERRA";"Condutor deixou de manter distância do veículo da frente";"Engavetamento";"Com Vítimas Feridas";"Pleno dia";"Decrescente";"Chuva";"Dupla";"Reta";"Sim";3;0;1;0;2;0;1;3;-23,73826593;-46,89672721;"SPRF-SP";"DEL04-SP";"UOP01-DEL04-SP"
578198;2024-01-31;"quarta-feira";"11:51:00";"PE";101;43,3;"IGARASSU";"Ausência de reação do condutor";"Colisão com objeto";"Sem Vítimas";"Pleno dia";"Decrescente";"Céu Claro";"Dupla";"Reta";"Sim";1;0;0;0;0;1;0;1;-7,84753808;-34,90977038;"SPRF-PE";"DEL01-PE";"UOP02-DEL01-PE"
578208;2024-01-23;"terça-feira";"12:00:00";"SP";116;561;"BARRA DO TURVO";"Velocidade Incompatível";"Capotamento";"Com Vítimas Feridas";"Pleno dia";"Crescente";"Chuva";"Dupla";"Curva";"Não";6;0;1;0;5;0;1;2;-25,02045097;-48,51586004;"SPRF-SP";"DEL05-SP";"UOP02-DEL05-SP"
578211;2024-01-31;"quarta-feira";"17:05:00";"PR";116;125;"FAZENDA RIO GRANDE";"Semáforo com defeito";"Colisão traseira";"Com Vítimas Feridas";"Pleno dia";"Crescente";"Garoa/Chuvisco";"Múltipla";"Não Informado";"Sim";3;0;1;0;2;0;1;3;-25,59505309;-49,31630659;"SPRF-PR";"DEL01-PR";"UOP03-DEL01-PR"
578213;2024-01-31;"quarta-feira";"15:30:00";"PA";230;29,5;"BREJO GRANDE DO ARAGUAIA";"Ausência de reação do condutor";"Colisão traseira";"Com Vítimas Feridas";"Pleno dia";"Crescente";"Nublado";"Simples";"Não Informado";"Não";4;0;2;0;2;0;2;2;-5,65640017;-48,39762725;"SPRF-PA";"DEL03-PA";"UOP01-DEL03-PA"
578228;2024-01-31;"quarta-feira";"17:10:00";"MG";267;88;"JUIZ DE FORA";"Ultrapassagem Indevida";"Colisão frontal";"Com Vítimas Feridas";"Anoitecer";"Decrescente";"Chuva";"Simples";"Reta";"Não";2;0;1;0;1;0;1;2;-21,76570445;-43,28755086;"SPRF-MG";"DEL05-MG";"UOP01-DEL05-MG"
578234;2024-01-31;"quarta-feira";"14:50:00";"SC";280;129;"RIO NEGRINHO";"Ausência de reação do condutor";"Colisão transversal";"Com Vítimas Feridas";"Pleno dia";"Decrescente";"Céu Claro";"Simples";"Não Informado";"Sim";2;0;1;0;0;1;1;2;-26,24586437;-49,52284615;"SPRF-SC";"DEL06-SC";"UOP03-DEL06-SC"
578235;2024-01-31;"quarta-feira";"18:10:00";"SC";280;130;"RIO NEGRINHO";"Ingestão de álcool pelo condutor";"Colisão lateral sentido oposto";"Com Vítimas Feridas";"Pleno dia";"Decrescente";"Céu Claro";"Simples";"Não Informado";"Não";2;0;1;0;1;0;1;2;-26,2530246;-49,52924913;"SPRF-SC";"DEL06-SC";"UOP03-DEL06-SC"
578244;2024-01-31;"quarta-feira";"20:00:00";"SC";101;13;"GARUVA";"Demais falhas mecânicas ou elétricas";"Incêndio";"Sem Vítimas";"Plena Noite";"Crescente";"Nublado";"Dupla";"Não Informado";"Não";1;0;0;0;1;0;0;1;-26,08986803;-48,86345096;"SPRF-SC";"DEL03-SC";"UOP01-DEL03-SC"
578245;2024-01-31;"quarta-feira";"16:30:00";"BA";101;616;"MASCOTE";"Ultrapassagem Indevida";"Colisão frontal";"Com Vítimas Feridas";"Pleno dia";"Decrescente";"Céu Claro";"Simples";"Curva";"Não";3;0;0;1;2;0;1;3;-15,75042705;-39,4801369;"SPRF-BA";"DEL05-BA";"UOP02-DEL05-BA"
578258;2024-01-31;"quarta-feira";"17:00:00";"MG";381;543,9;"ITATIAIUCU";"Velocidade Incompatível";"Colisão frontal";"Com Vítimas Fatais";"Pleno dia";"Crescente";"Chuva";"Dupla";"Não Informado";"Não";4;2;0;1;1;0;1;2;-20,27336801;-44,42585498;"SPRF-MG";"DEL04-MG";"UOP03-DEL04-MG"
578260;2024-01-31;"quarta-feira";"21:00:00";"RJ";40;32;"TRES RIOS";"Reação tardia ou ineficiente do condutor";"Colisão traseira";"Sem Vítimas";"Plena Noite";"Decrescente";"Chuva";"Dupla";"Curva";"Não";3;0;0;0;3;0;0;3;-22,19935287;-43,15764401;"SPRF-RJ";"DEL05-RJ";"UOP02-DEL05-RJ"
578261;2024-01-31;"quarta-feira";"16:40:00";"MT";158;625;"AGUA BOA";"Reação tardia ou ineficiente do condutor";"Tombamento";"Com Vítimas Feridas";"Plena Noite";"Decrescente";"Céu Claro";"Simples";"Reta";"Não";1;0;1;0;0;0;1;1;-14,49276784;-52,28569031;"SPRF-MT";"DEL07-MT";"UOP02-DEL07-MT"
578264;2024-01-31;"quarta-feira";"18:00:00";"MG";381;811,9;"CAREACU";"Reação tardia ou ineficiente do condutor";"Tombamento";"Com Vítimas Feridas";"Anoitecer";"Decrescente";"Nublado";"Dupla";"Reta";"Não";1;0;1;0;0;0;1;1;-22,05313393;-45,6960471;"SPRF-MG";"DEL16-MG";"UOP02-DEL16-MG"
578267;2024-01-31;"quarta-feira";"22:20:00";"PR";376;167,2;"MARINGA";"Ingestão de álcool pelo condutor";"Colisão lateral mesmo sentido";"Sem Vítimas";"Plena Noite";"Decrescente";"Céu Claro";"Dupla";"Curva";"Não";2;0;0;0;1;1;0;2;-23,40324167;-51,99632075;"SPRF-PR";"DEL09-PR";"UOP01-DEL09-PR"
578268;2024-01-31;"quarta-feira";"20:20:00";"MG";381;332;"NOVA ERA";"Acessar a via sem observar a presença dos outros veículos";"Colisão transversal";"Com Vítimas Feridas";"Plena Noite";"Crescente";"Chuva";"Simples";"Curva";"Não";2;0;1;0;1;0;1;2;-19,79994695;-43,05451587;"SPRF-MG";"DEL03-MG";"UOP01-DEL03-MG"
578269;2024-01-31;"quarta-feira";"22:50:00";"RJ";101;54;"CAMPOS DOS GOYTACAZES";"Ausência de reação do condutor";"Colisão traseira";"Com Vítimas Feridas";"Plena Noite";"Decrescente";"Céu Claro";"Simples";"Reta";"Não";2;0;0;1;1;0;1;2;-21,66937699;-41,31111673;"SPRF-RJ";"DEL08-RJ";"UOP01-DEL08-RJ"
578270;2024-01-31;"quarta-feira";"23:30:00";"SC";101;57,3;"ARAQUARI";"Reação tardia ou ineficiente do condutor";"Tombamento";"Com Vítimas Feridas";"Plena Noite";"Decrescente";"Nublado";"Dupla";"Curva";"Não";1;0;1;0;0;0;1;1;-26,43802986;-48,8039732;"SPRF-SC";"DEL03-SC";"UOP01-DEL03-SC"
578274;2024-01-31;"quarta-feira";"23:05:00";"MG";381;283;"JAGUARACU";"Ultrapassagem Indevida";"Colisão frontal";"Com Vítimas Fatais";"Plena Noite";"Decrescente";"Chuva";"Simples";"Reta";"Não";2;1;0;0;1;0;0;2;-19,61757501;-42,78412299;"SPRF-MG";"DEL03-MG";"UOP02-DEL03-MG"
578380;2024-01-16;"terça-feira";"22:30:00";"PI";343;204,6;"PIRIPIRI";"Ingestão de álcool pelo condutor";"Colisão lateral sentido oposto";"Com Vítimas Feridas";"Plena Noite";"Decrescente";"Céu Claro";"Simples";"Reta";"Não";6;0;1;0;0;5;1;3;-4,407514;-41,872746;"SPRF-PI";"DEL02-PI";"UOP01-DEL02-PI"
578412;2024-01-05;"sexta-feira";"09:20:00";"PA";230;117;"MARABA";"Reação tardia ou ineficiente do condutor";"Tombamento";"Com Vítimas Feridas";"Pleno dia";"Decrescente";"Céu Claro";"Dupla";"Reta";"Sim";2;0;1;0;1;0;1;2;-5,35569904;-49,09047302;"SPRF-PA";"DEL03-PA";"UOP01-DEL03-PA"
578540;2024-01-29;"segunda-feira";"07:00:00";"RO";364;1029;"PORTO VELHO";"Falta de elemento de contenção que evite a saída do leito carroçável";"Saída de leito carroçável";"Com Vítimas Feridas";"Pleno dia";"Decrescente";"Ignorado";"Simples";"Reta";"Não";1;0;1;0;0;0;1;1;-9,75744335;-66,25566993;"SPRF-RO";"DEL01-RO";"UOP03-DEL01-RO"
578566;2024-01-04;"quinta-feira";"11:24:00";"PE";316;62,3;"OURICURI";"Demais falhas mecânicas ou elétricas";"Colisão com objeto";"Com Vítimas Feridas";"Pleno dia";"Crescente";"Sol";"Simples";"Não Informado";"Não";1;0;0;1;0;0;1;1;-7,77941812;-40,24368806;"SPRF-PE";"DEL05-PE";"UOP02-DEL05-PE"
578576;2024-01-29;"segunda-feira";"23:35:00";"MS";262;10,6;"TRES LAGOAS";"Animais na Pista";"Atropelamento de Animal";"Com Vítimas Feridas";"Plena Noite";"Crescente";"Céu Claro";"Simples";"Desvio Temporário";"Sim";3;0;2;1;0;0;3;2;-20,81622397;-51,70151002;"SPRF-MS";"DEL07-MS";"UOP01-DEL07-MS"
578662;2024-01-23;"terça-feira";"16:00:00";"MT";364;27;"ALTO ARAGUAIA";"Transitar na contramão";"Colisão frontal";"Com Vítimas Fatais";"Pleno dia";"Crescente";"Céu Claro";"Simples";"Reta";"Não";7;3;0;2;2;0;2;3;-17,17425847;-53,39357512;"SPRF-MT";"DEL02-MT";"UOP02-DEL02-MT"