"id";"data_inversa";"dia_semana";"horario";"uf";"br";"km";"municipio";"causa_acidente";"tipo_acidente";"classificacao_acidente";"fase_dia";"sentido_via";"condicao_metereologica";"tipo_pista";"tracado_via";"uso_solo";"pessoas";"mortos";"feridos_leves";"feridos_graves";"ilesos";"ignorados";"feridos";"veiculos";"latitude";"longitude";"regional";"delegacia";"uop"
578788;2024-01-17;"quarta-feira";"05:30:00";"BA";116;529,3;"ITATIM";"Transitar na contramão";"Colisão lateral sentido oposto";"Com Vítimas Feridas";"Amanhecer";"Decrescente";"Nublado";"Simples";"Reta";"Não";4;0;1;1;2;0;2;3;-12,740198;-39,786502;"SPRF-BA";"DEL03-BA";"UOP02-DEL03-BA"
578875;2024-01-24;"quarta-feira";"15:00:00";"BA";242;405;"SEABRA";"Condutor deixou de manter distância do veículo da frente";"Colisão traseira";"Sem Vítimas";"Pleno dia";"Crescente";"Céu Claro";"Simples";"Reta";"Não";2;0;0;0;2;0;0;2;-12,48810878;-41,72887312;"SPRF-BA";"DEL06-BA";"UOP01-DEL06-BA"
579188;2024-01-13;"sábado";"10:30:00";"RR";401;10;"BOA VISTA";"Reação tardia ou ineficiente do condutor";"Colisão lateral mesmo sentido";"Com Vítimas Feridas";"Pleno dia";"Crescente";"Céu Claro";"Simples";"Reta";"Não";2;0;1;0;1;0;1;2;2,80229396;-60,68243402;"SPRF-RR";"DEL01-RR";"UOP01-DEL01-RR"
579259;2024-01-28;"domingo";"21:00:00";"MG";153;135;"PRATA";"Reação tardia ou ineficiente do condutor";"Saída de leito carroçável";"Com Vítimas Feridas";"Pleno dia";"Decrescente";"Céu Claro";"Simples";"Reta";"Não";1;0;1;0;0;0;1;1;-19,52339386;-48,83222564;"SPRF-MG";"DEL15-MG";"UOP03-DEL15-MG"
579266;2024-01-27;"sábado";"06:40:00";"RJ";101;297;"ITABORAI";"Fumaça";"Incêndio";"Sem Vítimas";"Pleno dia";"Crescente";"Céu Claro";"Múltipla";"Curva";"Sim";1;0;0;0;1;0;0;1;-22,76942037;-42,91873581;"SPRF-RJ";"DEL02-RJ";"UOP02-DEL02-RJ"
579269;2024-01-27;"sábado";"03:30:00";"RJ";101;297;"ITABORAI";"Reação tardia ou ineficiente do condutor";"Tombamento";"Com Vítimas Feridas";"Plena Noite";"Crescente";"Céu Claro";"Múltipla";"Curva";"Sim";1;0;0;1;0;0;1;1;-22,76942037;-42,91873581;"SPRF-RJ";"DEL02-RJ";"UOP02-DEL02-RJ"
579301;2024-01-20;"sábado";"21:45:00";"ES";101;133;"LINHARES";"Ausência de reação do condutor";"Colisão frontal";"Com Vítimas Fatais";"Plena Noite";"Crescente";"Céu Claro";"Simples";"Reta";"Não";2;1;0;0;1;0;0;2;-19,25700702;-40,08983616;"SPRF-ES";"DEL04-ES";"UOP01-DEL04-ES"
579392;2024-01-20;"sábado";"21:50:00";"BA";110;98;"JEREMOABO";"Demais falhas mecânicas ou elétricas";"Incêndio";"Sem Vítimas";"Plena Noite";"Decrescente";"Céu Claro";"Simples";"Reta";"Não";2;0;0;0;1;1;0;2;-10,28052905;-38,31012085;"SPRF-BA";"DEL07-BA";"UOP01-DEL07-BA"
579430;2024-01-05;"sexta-feira";"19:55:00";"PR";163;292;"MARECHAL CANDIDO RONDON";"Desrespeitar a preferência no cruzamento";"Colisão transversal";"Com Vítimas Fatais";"Plena Noite";"Decrescente";"Céu Claro";"Simples";"Não Informado";"Não";2;1;0;0;1;0;0;2;-24,52360956;-54,06210088;"SPRF-PR";"DEL06-PR";"UOP02-DEL06-PR"
579561;2024-01-11;"quinta-feira";"06:30:00";"GO";364;308,5;"MINEIROS";"Demais falhas mecânicas ou elétricas";"Incêndio";"Sem Vítimas";"Amanhecer";"Crescente";"Chuva";"Simples";"Reta";"Não";1;0;0;0;1;0;0;1;-17,498772;-52,543625;"SPRF-GO";"DEL05-GO";"UOP01-DEL05-GO"
579599;2024-01-06;"sábado";"17:15:00";"PE";104;68;"CARUARU";"Demais falhas mecânicas ou elétricas";"Colisão lateral mesmo sentido";"Com Vítimas Feridas";"Pleno dia";"Crescente";"Céu Claro";"Dupla";"Reta";"Não";3;0;0;1;2;0;1;2;-8,306963;-35,989668;"SPRF-PE";"DEL02-PE";"UOP01-DEL02-PE"
579649;2024-01-23;"terça-feira";"09:15:00";"MG";50;136;"UBERABA";"Condutor deixou de manter distância do veículo da frente";"Colisão traseira";"Com Vítimas Feridas";"Pleno dia";"Crescente";"Céu Claro";"Dupla";"Reta";"Não";4;0;1;0;3;0;1;4;-19,44189098;-48,06412595;"SPRF-MG";"DEL13-MG";"UOP01-DEL13-MG"
579763;2024-01-11;"quinta-feira";"17:00:00";"SC";101;130;"BALNEARIO CAMBORIU";"Trafegar com motocicleta (ou similar) entre as faixas";"Colisão lateral mesmo sentido";"Com Vítimas Feridas";"Pleno dia";"Decrescente";"Chuva";"Dupla";"Reta";"Sim";3;0;1;0;2;0;1;3;-26,98407618;-48,66977107;"SPRF-SC";"DEL04-SC";"UOP03-DEL04-SC"
579770;2024-01-20;"sábado";"06:40:00";"MG";381;533;"ITATIAIUCU";"Velocidade Incompatível";"Colisão traseira";"Com Vítimas Feridas";"Pleno dia";"Crescente";"Céu Claro";"Dupla";"Reta";"Não";2;0;0;1;1;0;1;2;-20,19896036;-44,38641307;"SPRF-MG";"DEL04-MG";"UOP03-DEL04-MG"
579786;2024-01-24;"quarta-feira";"05:45:00";"MG";381;525,5;"BRUMADINHO";"Velocidade Incompatível";"Tombamento";"Com Vítimas Feridas";"Amanhecer";"Crescente";"Céu Claro";"Dupla";"Curva";"Não";1;0;0;1;0;0;1;1;-20,16710798;-44,33422398;"SPRF-MG";"DEL04-MG";"UOP03-DEL04-MG"
579975;2024-01-29;"segunda-feira";"07:10:00";"SP";116;285,5;"ITAPECERICA DA SERRA";"Trafegar com motocicleta (ou similar) entre as faixas";"Queda de ocupante de veículo";"Com Vítimas Feridas";"Pleno dia";"Decrescente";"Ignorado";"Dupla";"Reta";"Não";2;0;1;0;0;1;1;2;-23,70407794;-46,87249709;"SPRF-SP";"DEL04-SP";"UOP01-DEL04-SP"
580007;2024-01-29;"segunda-feira";"11:30:00";"ES";101;297;"VIANA";"Manobra de mudança de faixa";"Colisão lateral mesmo sentido";"Com Vítimas Feridas";"Pleno dia";"Crescente";"Céu Claro";"Dupla";"Reta";"Sim";3;0;0;1;2;0;1;3;-20,34529844;-40,41026774;"SPRF-ES";"DEL01-ES";"UOP01-DEL01-ES"
580197;2024-01-16;"terça-feira";"17:10:00";"PR";277;126;"CAMPO LARGO";"Reação tardia ou ineficiente do condutor";"Engavetamento";"Com Vítimas Feridas";"Pleno dia";"Decrescente";"Nublado";"Dupla";"Reta";"Não";3;0;1;1;1;0;2;3;-25,4702437;-49,60515976;"SPRF-PR";"DEL03-PR";"UOP03-DEL03-PR"
580230;2024-01-16;"terça-feira";"10:50:00";"PR";376;185;"SARANDI";"Ultrapassagem Indevida";"Colisão lateral mesmo sentido";"Com Vítimas Feridas";"Pleno dia";"Decrescente";"Céu Claro";"Múltipla";"Reta";"Sim";2;0;1;0;1;0;1;2;-23,45147413;-51,85361808;"SPRF-PR";"DEL09-PR";"UOP01-DEL09-PR"
580502;2024-01-12;"sexta-feira";"18:00:00";"ES";101;239;"FUNDAO";"Pedestre cruzava a pista fora da faixa";"Atropelamento de Pedestre";"Com Vítimas Feridas";"Anoitecer";"Crescente";"Céu Claro";"Simples";"Reta";"Sim";2;0;1;0;1;0;1;2;-20,00782494;-40,40790907;"SPRF-ES";"DEL02-ES";"UOP01-DEL02-ES"
580800;2024-01-18;"quinta-feira";"17:05:00";"PR";376;178;"MARINGA";"Manobra de mudança de faixa";"Colisão transversal";"Com Vítimas Feridas";"Pleno dia";"Crescente";"Nublado";"Múltipla";"Reta";"Sim";3;0;1;0;2;0;1;2;-23,4192146;-51,91293985;"SPRF-PR";"DEL09-PR";"UOP01-DEL09-PR"
581831;2024-01-23;"terça-feira";"10:30:00";"PI";316;15;"TERESINA";"Reação tardia ou ineficiente do condutor";"Saída de leito carroçável";"Com Vítimas Feridas";"Pleno dia";"Decrescente";"Céu Claro";"Dupla";"Curva";"Não";2;0;0;1;1;0;1;2;-5,22618889;-42,75017066;"SPRF-PI";"DEL01-PI";"UOP02-DEL01-PI"
581999;2024-01-21;"domingo";"19:30:00";"PI";407;430;"GEMINIANO";"Iluminação deficiente";"Colisão lateral mesmo sentido";"Com Vítimas Feridas";"Plena Noite";"Crescente";"Céu Claro";"Simples";"Reta";"Não";2;0;0;1;0;1;1;2;-7,12831877;-41,39344785;"SPRF-PI";"DEL04-PI";"UOP01-DEL04-PI"
582003;2024-01-26;"sexta-feira";"18:00:00";"MT";163;611;"NOVA MUTUM";"Acesso irregular";"Tombamento";"Com Vítimas Feridas";"Pleno dia";"Decrescente";"Céu Claro";"Simples";"Curva";"Não";1;0;1;0;0;0;1;1;-13,70681804;-56,04045869;"SPRF-MT";"DEL01-MT";"UOP01-DEL01-MT"
582016;2024-01-08;"segunda-feira";"12:10:00";"PE";101;190;"PALMARES";"Condutor Dormindo";"Colisão traseira";"Com Vítimas Feridas";"Pleno dia";"Crescente";"Nublado";"Dupla";"Não Informado";"Não";3;0;2;0;1;0;2;2;-8,69573052;-35,6103118;"SPRF-PE";"DEL01-PE";"UOP03-DEL01-PE"
582020;2024-01-12;"sexta-feira";"16:45:00";"MS";163;39;"ELDORADO";"Reação tardia ou ineficiente do condutor";"Colisão lateral mesmo sentido";"Com Vítimas Feridas";"Pleno dia";"Crescente";"Céu Claro";"Simples";"Reta";"Sim";2;0;0;1;1;0;1;2;-23,7948851;-54,28686992;"SPRF-MS";"DEL09-MS";"UOP02-DEL09-MS"
582193;2024-01-20;"sábado";"06:30:00";"MA";222;444;"SANTA LUZIA";"Acessar a via sem observar a presença dos outros veículos";"Tombamento";"Com Vítimas Feridas";"Pleno dia";"Crescente";"Céu Claro";"Simples";"Curva";"Não";2;0;1;0;0;1;1;2;-4,07821967;-45,95269918;"SPRF-MA";"DEL02-MA";"UOP01-DEL02-MA"
582215;2024-01-21;"domingo";"02:00:00";"BA";101;925;"MUCURI";"Transitar na contramão";"Colisão frontal";"Com Vítimas Fatais";"Plena Noite";"Crescente";"Nublado";"Simples";"Reta";"Não";2;1;0;0;1;0;0;2;-18,12239798;-39,89045705;"SPRF-BA";"DEL09-BA";"UOP02-DEL09-BA"
582265;2024-01-18;"quinta-feira";"03:00:00";"PI";316;274;"DOM EXPEDITO LOPES";"Ausência de reação do condutor";"Tombamento";"Com Vítimas Feridas";"Plena Noite";"Crescente";"Céu Claro";"Dupla";"Curva";"Não";1;0;0;1;0;0;1;1;-6,94682117;-41,73317416;"SPRF-PI";"DEL04-PI";"UOP01-DEL04-PI"
582381;2024-01-27;"sábado";"11:00:00";"MT";70;235;"PRIMAVERA DO LESTE";"Ausência de reação do condutor";"Tombamento";"Com Vítimas Feridas";"Pleno dia";"Crescente";"Céu Claro";"Simples";"Reta";"Não";2;0;2;0;0;0;2;1;-15,5384497;-54,2802585;"SPRF-MT";"DEL05-MT";"UOP01-DEL05-MT"
582425;2024-01-28;"domingo";"11:15:00";"MG";381;936;"EXTREMA";"Chuva";"Saída de leito carroçável";"Sem Vítimas";"Pleno dia";"Crescente";"Chuva";"Dupla";"Não Informado";"Não";1;0;0;0;1;0;0;1;-22,82914914;-46,31469547;"SPRF-MG";"DEL16-MG";"UOP03-DEL16-MG"
582447;2024-01-18;"quinta-feira";"19:30:00";"MS";158;55,5;"PARANAIBA";"Transitar na contramão";"Colisão lateral sentido oposto";"Com Vítimas Fatais";"Plena Noite";"Decrescente";"Garoa/Chuvisco";"Simples";"Curva";"Não";3;1;1;0;0;1;1;3;-19,40429068;-51,40386983;"SPRF-MS";"DEL08-MS";"UOP01-DEL08-MS"
582555;2024-01-05;"sexta-feira";"17:45:00";"BA";101;348;"TEOLANDIA";"Problema com o freio";"Colisão traseira";"Com Vítimas Feridas";"Anoitecer";"Decrescente";"Céu Claro";"Simples";"Ponte";"Sim";2;0;0;1;0;1;1;2;-13,602871;-39,493057;"SPRF-BA";"DEL05-BA";"UOP03-DEL05-BA"
582600;2024-01-29;"segunda-feira";"07:30:00";"PI";343;317;"ALTOS";"Reação tardia ou ineficiente do condutor";"Saída de leito carroçável";"Com Vítimas Feridas";"Pleno dia";"Crescente";"Céu Claro";"Simples";"Reta";"Não";1;0;1;0;0;0;1;1;-5,044959;-42,544502;"SPRF-PI";"DEL01-PI";"UOP01-DEL01-PI"
582759;2024-01-26;"sexta-feira";"15:50:00";"BA";116;818;"VITORIA DA CONQUISTA";"Demais falhas mecânicas ou elétricas";"Colisão traseira";"Com Vítimas Feridas";"Pleno dia";"Decrescente";"Nublado";"Simples";"Reta";"Sim";4;0;1;0;3;0;1;4;-14,82641487;-40,82399368;"SPRF-BA";"DEL08-BA";"UOP01-DEL08-BA"
583023;2024-01-03;"quarta-feira";"15:00:00";"MG";40;524,9;"CONTAGEM";"Ausência de reação do condutor";"Colisão com objeto";"Com Vítimas Fatais";"Pleno dia";"Decrescente";"Chuva";"Dupla";"Não Informado";"Sim";1;1;0;0;0;0;0;1;-19,8754469;-44,05345586;"SPRF-MG";"DEL01-MG";"UOP02-DEL01-MG"
574350;2024-01-13;"sábado";"05:40:00";"RN";406;151,4;"CEARA-MIRIM";"Acesso irregular";"Colisão transversal";"Com Vítimas Feridas";"Amanhecer";"Decrescente";"Nublado";"Simples";"Reta";"Sim";2;0;1;0;0;1;1;2;-5,65094554;-35,42341594;"SPRF-RN";"DEL02-RN";"UOP01-DEL02-RN"
574609;2024-01-14;"domingo";"07:00:00";"PR";376;406;"TIBAGI";"Condutor Dormindo";"Colisão com objeto";"Sem Vítimas";"Pleno dia";"Decrescente";"Céu Claro";"Dupla";"Não Informado";"Não";3;0;0;0;2;1;0;3;-24,59164344;-50,67475498;"SPRF-PR";"DEL03-PR";"UOP02-DEL03-PR"
574964;2024-01-15;"segunda-feira";"18:45:00";"SE";101;183;"UMBAUBA";"Ausência de sinalização";"Colisão com objeto";"Com Vítimas Feridas";"Plena Noite";"Decrescente";"Céu Claro";"Simples";"Não Informado";"Não";2;0;0;1;1;0;1;2;-11,38249598;-37,66560674;"SPRF-SE";"DEL02-SE";"UOP03-DEL02-SE"
575802;2024-01-19;"sexta-feira";"20:00:00";"SP";116;334;"JUQUITIBA";"Ausência de reação do condutor";"Colisão lateral mesmo sentido";"Com Vítimas Feridas";"Plena Noite";"Crescente";"Céu Claro";"Dupla";"Curva";"Não";3;0;1;0;1;1;1;2;-23,96478894;-47,12622102;"SPRF-SP";"DEL04-SP";"UOP03-DEL04-SP"
571772;2024-01-01;"segunda-feira";"00:05:00";"RJ";101;272,5;"TANGUA";"Reação tardia ou ineficiente do condutor";"Colisão com objeto";"Com Vítimas Fatais";"Plena Noite";"Decrescente";"Céu Claro";"Dupla";"Reta";"Sim";1;1;0;0;0;0;0;1;-22,72935968;-42,70112512;"SPRF-RJ";"DEL02-RJ";"UOP03-DEL02-RJ"
571774;2024-01-01;"segunda-feira";"00:05:00";"GO";153;424,6;"ANAPOLIS";"Velocidade Incompatível";"Colisão com objeto";"Sem Vítimas";"Plena Noite";"Decrescente";"Céu Claro";"Dupla";"Reta";"Não";1;0;0;0;1;0;0;1;-16,229185;-49,009797;"SPRF-GO";"DEL02-GO";"UOP01-DEL02-GO"
571777;2024-01-01;"segunda-feira";"01:45:00";"ES";101;264,1;"SERRA";"Reação tardia ou ineficiente do condutor";"Colisão com objeto";"Sem Vítimas";"Plena Noite";"Decrescente";"Nublado";"Múltipla";"Não Informado";"Sim";1;0;0;0;1;0;0;1;-20,17292791;-40,26736384;"SPRF-ES";"DEL02-ES";"UOP01-DEL02-ES"
571778;2024-01-01;"segunda-feira";"00:45:00";"SC";101;110;"PENHA";"Acumulo de água sobre o pavimento";"Saída de leito carroçável";"Com Vítimas Feridas";"Plena Noite";"Crescente";"Chuva";"Dupla";"Curva";"Não";2;0;1;0;1;0;1;1;-26,83477;-48,706151;"SPRF-SC";"DEL03-SC";"UOP02-DEL03-SC"
571779;2024-01-01;"segunda-feira";"01:45:00";"RS";116;236;"NOVO HAMBURGO";"Ausência de reação do condutor";"Colisão com objeto";"Sem Vítimas";"Plena Noite";"Crescente";"Céu Claro";"Dupla";"Reta";"Sim";4;0;0;0;4;0;0;1;-29,66938502;-51,14304731;"SPRF-RS";"DEL01-RS";"UOP02-DEL01-RS"
571780;2024-01-01;"segunda-feira";"01:50:00";"PR";277;70;"SAO JOSE DOS PINHAIS";"Ausência de reação do condutor";"Tombamento";"Com Vítimas Feridas";"Plena Noite";"Decrescente";"Céu Claro";"Simples";"Curva";"Não";2;0;2;0;0;0;2;1;-25,54112281;-49,06183391;"SPRF-PR";"DEL01-PR";"UOP01-DEL01-PR"
571781;2024-01-01;"segunda-feira";"00:20:00";"RS";158;128,2;"CONDOR";"Reação tardia ou ineficiente do condutor";"Saída de leito carroçável";"Com Vítimas Feridas";"Plena Noite";"Crescente";"Céu Claro";"Simples";"Reta";"Não";1;0;0;1;0;0;1;1;-28,11100874;-53,42453025;"SPRF-RS";"DEL08-RS";"UOP01-DEL08-RS"
571782;2024-01-01;"segunda-feira";"01:50:00";"MS";262;4,3;"TRES LAGOAS";"Ausência de reação do condutor";"Saída de leito carroçável";"Com Vítimas Feridas";"Plena Noite";"Crescente";"Garoa/Chuvisco";"Dupla";"Reta";"Sim";2;0;1;0;0;1;1;2;-20,782074;-51,65705;"SPRF-MS";"DEL07-MS";"UOP01-DEL07-MS"
571783;2024-01-01;"segunda-feira";"01:20:00";"RJ";101;542;"PARATY";"Retorno proibido";"Colisão transversal";"Com Vítimas Feridas";"Plena Noite";"Decrescente";"Nublado";"Simples";"Reta";"Não";3;0;1;0;2;0;1;2;-23,04128085;-44,59583503;"SPRF-RJ";"DEL03-RJ";"UOP04-DEL03-RJ"
571785;2024-01-01;"segunda-feira";"02:02:00";"RO";364;197;"PIMENTA BUENO";"Acesso irregular";"Tombamento";"Com Vítimas Feridas";"Plena Noite";"Decrescente";"Nublado";"Simples";"Não Informado";"Sim";1;0;0;1;0;0;1;1;-11,68196118;-61,18621945;"SPRF-RO";"DEL02-RO";"UOP02-DEL02-RO"
571786;2024-01-01;"segunda-feira";"03:00:00";"SP";101;28,4;"UBATUBA";"Condutor Dormindo";"Colisão com objeto";"Com Vítimas Feridas";"Plena Noite";"Crescente";"Céu Claro";"Simples";"Reta";"Não";1;0;1;0;0;0;1;1;-23,37268002;-44,95284699;"SPRF-SP";"DEL06-SP";"UOP01-DEL06-SP"
571787;2024-01-01;"segunda-feira";"02:20:00";"RS";116;242;"SAO LEOPOLDO";"Pedestre cruzava a pista fora da faixa";"Atropelamento de Pedestre";"Com Vítimas Feridas";"Plena Noite";"Decrescente";"Céu Claro";"Simples";"Não Informado";"Sim";2;0;1;0;0;1;1;2;-29,72297087;-51,14858729;"SPRF-RS";"DEL01-RS";"UOP02-DEL01-RS"
571788;2024-01-01;"segunda-feira";"03:00:00";"PR";376;288;"MAUA DA SERRA";"Transitar na contramão";"Colisão lateral sentido oposto";"Com Vítimas Feridas";"Plena Noite";"Crescente";"Céu Claro";"Dupla";"Curva";"Não";5;0;0;1;4;0;1;2;-23,882753;-51,246884;"SPRF-PR";"DEL07-PR";"UOP02-DEL07-PR"
571790;2024-01-01;"segunda-feira";"02:50:00";"SP";101;41;"UBATUBA";"Reação tardia ou ineficiente do condutor";"Colisão com objeto";"Sem Vítimas";"Plena Noite";"Crescente";"Céu Claro";"Simples";"Curva";"Não";2;0;0;0;1;1;0;2;-23,41971433;-45,0428663;"SPRF-SP";"DEL06-SP";"UOP01-DEL06-SP"
571791;2024-01-01;"segunda-feira";"03:20:00";"PR";369;207,6;"APUCARANA";"Ingestão de álcool pelo condutor";"Colisão transversal";"Com Vítimas Feridas";"Plena Noite";"Crescente";"Céu Claro";"Simples";"Não Informado";"Sim";5;0;4;1;0;0;5;2;-23,563611;-51,493503;"SPRF-PR";"DEL07-PR";"UOP03-DEL07-PR"
571792;2024-01-01;"segunda-feira";"02:00:00";"ES";262;162,2;"IBATIBA";"Transitar na contramão";"Colisão frontal";"Sem Vítimas";"Plena Noite";"Crescente";"Nublado";"Simples";"Curva";"Não";3;0;0;0;3;0;0;2;-20,23593228;-41,53109078;"SPRF-ES";"DEL01-ES";"UOP02-DEL01-ES"
571793;2024-01-01;"segunda-feira";"04:00:00";"RJ";101;329;"RIO DE JANEIRO";"Reação tardia ou ineficiente do condutor";"Queda de ocupante de veículo";"Com Vítimas Feridas";"Plena Noite";"Crescente";"Céu Claro";"Dupla";"Reta";"Não";1;0;1;0;0;0;1;1;-22,86939305;-43,175642;"SPRF-RJ";"DEL02-RJ";"UOP01-DEL02-RJ"
571794;2024-01-01;"segunda-feira";"04:35:00";"GO";60;98;"ANAPOLIS";"Condutor deixou de manter distância do veículo da frente";"Colisão traseira";"Com Vítimas Feridas";"Plena Noite";"Crescente";"Céu Claro";"Dupla";"Reta";"Sim";5;0;2;0;3;0;2;2;-16,3846;-48,9541;"SPRF-GO";"DEL02-GO";"UOP01-DEL02-GO"
571795;2024-01-01;"segunda-feira";"04:40:00";"MG";381;486,4;"BETIM";"Ingestão de álcool pelo condutor";"Colisão traseira";"Sem Vítimas";"Plena Noite";"Decrescente";"Chuva";"Múltipla";"Reta";"Sim";2;0;0;0;2;0;0;2;-19,95576216;-44,11231756;"SPRF-MG";"DEL01-MG";"UOP03-DEL01-MG"
571796;2024-01-01;"segunda-feira";"03:50:00";"DF";60;0,9;"BRASILIA";"Acessar a via sem observar a presença dos outros veículos";"Atropelamento de Pedestre";"Com Vítimas Feridas";"Plena Noite";"Crescente";"Céu Claro";"Dupla";"Reta";"Sim";3;0;0;1;2;0;1;2;-15,884367;-48,068075;"SPRF-DF";"DEL03-DF";"UOP01-DEL03-DF"
571798;2024-01-01;"segunda-feira";"03:00:00";"PR";153;219,5;"TIBAGI";"Ingestão de álcool pelo condutor";"Atropelamento de Pedestre";"Com Vítimas Feridas";"Plena Noite";"Crescente";"Céu Claro";"Simples";"Reta";"Não";10;0;6;2;2;0;8;3;-24,61024106;-50,44363191;"SPRF-PR";"DEL03-PR";"UOP02-DEL03-PR"
571799;2024-01-01;"segunda-feira";"02:15:00";"GO";80;165;"URUACU";"Ingestão de álcool pelo condutor";"Saída de leito carroçável";"Com Vítimas Feridas";"Plena Noite";"Crescente";"Céu Claro";"Simples";"Reta";"Não";2;0;1;0;1;0;1;1;-14,734193;-49,069936;"SPRF-GO";"DEL07-GO";"UOP02-DEL07-GO"
571800;2024-01-01;"segunda-feira";"05:15:00";"GO";60;165;"GOIANIA";"Velocidade Incompatível";"Saída de leito carroçável";"Sem Vítimas";"Plena Noite";"Decrescente";"Céu Claro";"Dupla";"Reta";"Sim";1;0;0;0;0;1;0;1;-16,70839713;-49,34982061;"SPRF-GO";"DEL01-GO";"UOP02-DEL01-GO"
571801;2024-01-01;"segunda-feira";"04:15:00";"PI";316;3;"TERESINA";"Condutor desrespeitou a iluminação vermelha do semáforo";"Colisão transversal";"Com Vítimas Feridas";"Plena Noite";"Decrescente";"Céu Claro";"Dupla";"Interseção de vias";"Sim";3;0;1;0;0;2;1;3;-5,12826443;-42,79292384;"SPRF-PI";"DEL01-PI";"UOP02-DEL01-PI"
571802;2024-01-01;"segunda-feira";"05:00:00";"MG";381;4,5;"BETIM";"Velocidade Incompatível";"Colisão com objeto";"Sem Vítimas";"Plena Noite";"Decrescente";"Chuva";"Dupla";"Interseção de vias";"Sim";2;0;0;0;1;1;0;1;-19,98754573;-44,18280602;"SPRF-MG";"DEL01-MG";"UOP03-DEL01-MG"
571803;2024-01-01;"segunda-feira";"05:40:00";"MG";381;491;"BETIM";"Ingestão de álcool pelo condutor";"Colisão com objeto";"Com Vítimas Feridas";"Amanhecer";"Crescente";"Chuva";"Múltipla";"Reta";"Não";1;0;0;1;0;0;1;1;-19,97018187;-44,18210416;"SPRF-MG";"DEL01-MG";"UOP03-DEL01-MG"
571805;2024-01-01;"segunda-feira";"05:30:00";"RS";386;367,6;"FAZENDA VILANOVA";"Reação tardia ou ineficiente do condutor";"Saída de leito carroçável";"Sem Vítimas";"Amanhecer";"Decrescente";"Céu Claro";"Dupla";"Curva";"Não";1;0;0;0;0;1;0;1;-29,575304;-51,846645;"SPRF-RS";"DEL04-RS";"UOP01-DEL04-RS"
571808;2024-01-01;"segunda-feira";"05:38:00";"PE";428;173,5;"PETROLINA";"Acessar a via sem observar a presença dos outros veículos";"Colisão transversal";"Com Vítimas Feridas";"Amanhecer";"Crescente";"Céu Claro";"Simples";"Reta";"Não";6;0;2;0;4;0;2;2;-9,24429991;-40,42112617;"SPRF-PE";"DEL06-PE";"UOP01-DEL06-PE"
571809;2024-01-01;"segunda-feira";"06:15:00";"SC";280;10,3;"SAO FRANCISCO DO SUL";"Transitar na contramão";"Colisão frontal";"Com Vítimas Feridas";"Pleno dia";"Crescente";"Chuva";"Simples";"Não Informado";"Sim";4;0;2;0;2;0;2;2;-26,29625399;-48,64238799;"SPRF-SC";"DEL03-SC";"UOP03-DEL03-SC"
571811;2024-01-01;"segunda-feira";"06:30:00";"PE";101;70;"RECIFE";"Ausência de reação do condutor";"Saída de leito carroçável";"Sem Vítimas";"Pleno dia";"Crescente";"Céu Claro";"Simples";"Curva";"Sim";1;0;0;0;0;1;0;1;-8,069596;-34,943065;"SPRF-PE";"DEL01-PE";"UOP01-DEL01-PE"
571812;2024-01-01;"segunda-feira";"04:30:00";"SC";101;116;"ITAJAI";"Ausência de reação do condutor";"Capotamento";"Com Vítimas Feridas";"Amanhecer";"Decrescente";"Chuva";"Dupla";"Reta";"Sim";3;0;1;0;1;1;1;3;-26,87905605;-48,72603512;"SPRF-SC";"DEL04-SC";"UOP04-DEL04-SC"
571813;2024-01-01;"segunda-feira";"06:40:00";"MG";381;3;"BETIM";"Velocidade Incompatível";"Saída de leito carroçável";"Com Vítimas Feridas";"Pleno dia";"Crescente";"Chuva";"Dupla";"Reta";"Sim";2;0;2;0;0;0;2;1;-19,9866352;-44,1720487;"SPRF-MG";"DEL01-MG";"UOP03-DEL01-MG"
571814;2024-01-01;"segunda-feira";"01:20:00";"MG";381;942;"EXTREMA";"Ausência de reação do condutor";"Saída de leito carroçável";"Sem Vítimas";"Plena Noite";"Crescente";"Céu Claro";"Dupla";"Retorno Regulamentado";"Sim";1;0;0;0;0;1;0;1;-22,86605937;-46,34940386;"SPRF-MG";"DEL16-MG";"UOP03-DEL16-MG"
571815;2024-01-01;"segunda-feira";"06:15:00";"SE";235;4;"NOSSA SENHORA DO SOCORRO";"Ausência de reação do condutor";"Queda de ocupante de veículo";"Com Vítimas Feridas";"Pleno dia";"Decrescente";"Sol";"Dupla";"Reta";"Não";1;0;0;1;0;0;1;1;-10,9064;-37,1197;"SPRF-SE";"DEL01-SE";"UOP01-DEL01-SE"
571816;2024-01-01;"segunda-feira";"06:30:00";"RJ";101;491;"ANGRA DOS REIS";"Condutor Dormindo";"Colisão lateral sentido oposto";"Com Vítimas Feridas";"Pleno dia";"Decrescente";"Céu Claro";"Simples";"Curva";"Não";2;0;1;0;1;0;1;2;-22,95442983;-44,32193004;"SPRF-RJ";"DEL03-RJ";"UOP03-DEL03-RJ"
571817;2024-01-01;"segunda-feira";"02:32:00";"PR";116;38,5;"CAMPINA GRANDE DO SUL";"Reação tardia ou ineficiente do condutor";"Saída de leito carroçável";"Sem Vítimas";"Plena Noite";"Crescente";"Garoa/Chuvisco";"Dupla";"Curva";"Não";1;0;0;0;0;1;0;1;-25,14802509;-48,85922071;"SPRF-PR";"DEL01-PR";"UOP02-DEL01-PR"