"id";"data_inversa";"dia_semana";"horario";"uf";"br";"km";"municipio";"causa_acidente";"tipo_acidente";"classificacao_acidente";"fase_dia";"sentido_via";"condicao_metereologica";"tipo_pista";"tracado_via";"uso_solo";"pessoas";"mortos";"feridos_leves";"feridos_graves";"ilesos";"ignorados";"feridos";"veiculos";"latitude";"longitude";"regional";"delegacia";"uop"
571997;2024-01-01;"segunda-feira";"19:00:00";"PR";163;262;"TOLEDO";"Demais falhas mecânicas ou elétricas";"Saída de leito carroçável";"Sem Vítimas";"Pleno dia";"Crescente";"Céu Claro";"Dupla";"Reta";"Não";1;0;0;0;0;1;0;1;-24,62694356;-53,89021397;"SPRF-PR";"DEL06-PR";"UOP02-DEL06-PR"
571999;2024-01-01;"segunda-feira";"21:45:00";"SP";116;208;"GUARULHOS";"Trafegar com motocicleta (ou similar) entre as faixas";"Colisão lateral mesmo sentido";"Com Vítimas Feridas";"Plena Noite";"Crescente";"Céu Claro";"Múltipla";"Reta";"Sim";3;0;2;0;0;1;2;2;-23,42222263;-46,3932771;"SPRF-SP";"DEL01-SP";"UOP01-DEL01-SP"
572000;2024-01-01;"segunda-feira";"20:10:00";"MG";381;533,1;"ITATIAIUCU";"Pista Escorregadia";"Tombamento";"Com Vítimas Feridas";"Plena Noite";"Decrescente";"Chuva";"Dupla";"Curva";"Não";1;0;1;0;0;0;1;1;-20,19896036;-44,38641307;"SPRF-MG";"DEL04-MG";"UOP03-DEL04-MG"
572001;2024-01-01;"segunda-feira";"16:50:00";"MG";116;302;"ITAMBACURI";"Reação tardia ou ineficiente do condutor";"Colisão lateral sentido oposto";"Com Vítimas Feridas";"Pleno dia";"Crescente";"Chuva";"Simples";"Curva";"Não";5;0;2;2;1;0;4;2;-18,01809416;-41,63418999;"SPRF-MG";"DEL11-MG";"UOP01-DEL11-MG"
572002;2024-01-01;"segunda-feira";"18:00:00";"MG";267;145;"LIMA DUARTE";"Velocidade Incompatível";"Saída de leito carroçável";"Com Vítimas Feridas";"Anoitecer";"Decrescente";"Chuva";"Simples";"Curva";"Não";3;0;1;0;2;0;1;1;-21,81169158;-43,71605708;"SPRF-MG";"DEL05-MG";"UOP01-DEL05-MG"
572003;2024-01-01;"segunda-feira";"21:00:00";"RR";174;11;"BOA VISTA";"Condutor Dormindo";"Queda de ocupante de veículo";"Com Vítimas Feridas";"Plena Noite";"Crescente";"Céu Claro";"Simples";"Rotatória";"Não";1;0;1;0;0;0;1;1;2,819364;-60,673775;"SPRF-RR";"DEL01-RR";"UOP01-DEL01-RR"
572004;2024-01-01;"segunda-feira";"19:30:00";"MS";163;172;"JUTI";"Reação tardia ou ineficiente do condutor";"Colisão com objeto";"Sem Vítimas";"Plena Noite";"Decrescente";"Chuva";"Simples";"Reta";"Sim";2;0;0;0;0;2;0;2;-22,86622819;-54,61002707;"SPRF-MS";"DEL09-MS";"UOP01-DEL09-MS"
572005;2024-01-01;"segunda-feira";"17:40:00";"PR";376;127,5;"ALTO PARANA";"Reação tardia ou ineficiente do condutor";"Saída de leito carroçável";"Com Vítimas Feridas";"Pleno dia";"Crescente";"Céu Claro";"Dupla";"Não Informado";"Não";4;0;2;2;0;0;4;1;-23,15641;-52,2655;"SPRF-PR";"DEL09-PR";"UOP02-DEL09-PR"
572006;2024-01-01;"segunda-feira";"21:30:00";"MG";381;531,1;"ITATIAIUCU";"Velocidade Incompatível";"Colisão com objeto";"Com Vítimas Feridas";"Plena Noite";"Decrescente";"Chuva";"Dupla";"Não Informado";"Não";7;0;4;0;3;0;4;2;-20,18182886;-44,37895835;"SPRF-MG";"DEL04-MG";"UOP03-DEL04-MG"
572007;2024-01-01;"segunda-feira";"22:15:00";"RJ";40;64;"PETROPOLIS";"Ausência de reação do condutor";"Tombamento";"Com Vítimas Feridas";"Plena Noite";"Crescente";"Nublado";"Simples";"Reta";"Sim";1;0;1;0;0;0;1;1;-22,420418;-43,155285;"SPRF-RJ";"DEL05-RJ";"UOP02-DEL05-RJ"
572008;2024-01-01;"segunda-feira";"20:00:00";"RJ";116;24;"SAPUCAIA";"Ausência de reação do condutor";"Colisão com objeto";"Com Vítimas Feridas";"Plena Noite";"Decrescente";"Chuva";"Simples";"Curva";"Não";5;0;4;1;0;0;5;2;-22,03064831;-42,77714236;"SPRF-RJ";"DEL05-RJ";"UOP01-DEL05-RJ"
572009;2024-01-01;"segunda-feira";"22:25:00";"MS";163;489;"CAMPO GRANDE";"Avarias e/ou desgaste excessivo no pneu";"Tombamento";"Com Vítimas Feridas";"Plena Noite";"Crescente";"Céu Claro";"Simples";"Não Informado";"Sim";1;0;1;0;0;0;1;1;-20,40828185;-54,55160067;"SPRF-MS";"DEL01-MS";"UOP02-DEL01-MS"
572010;2024-01-01;"segunda-feira";"22:10:00";"BA";101;102;"ALAGOINHAS";"Demais falhas mecânicas ou elétricas";"Incêndio";"Sem Vítimas";"Plena Noite";"Crescente";"Céu Claro";"Simples";"Reta";"Sim";1;0;0;0;1;0;0;1;-12,15440191;-38,40413906;"SPRF-BA";"DEL01-BA";"UOP04-DEL01-BA"
572012;2024-01-01;"segunda-feira";"21:10:00";"RN";304;96,8;"ACU";"Ingestão de álcool pelo condutor";"Colisão lateral sentido oposto";"Sem Vítimas";"Plena Noite";"Crescente";"Céu Claro";"Simples";"Reta";"Não";2;0;0;0;2;0;0;2;-5,56029017;-37,05654144;"SPRF-RN";"DEL04-RN";"UOP01-DEL04-RN"
572013;2024-01-01;"segunda-feira";"23:00:00";"RS";386;228,9;"SOLEDADE";"Transitar na contramão";"Colisão frontal";"Com Vítimas Feridas";"Plena Noite";"Crescente";"Céu Claro";"Simples";"Curva";"Não";7;0;2;4;1;0;6;2;-28,682615;-52,594723;"SPRF-RS";"DEL04-RS";"UOP03-DEL04-RS"
572016;2024-01-01;"segunda-feira";"22:20:00";"AL";316;226;"ATALAIA";"Ingestão de álcool pelo condutor";"Saída de leito carroçável";"Com Vítimas Feridas";"Plena Noite";"Decrescente";"Céu Claro";"Simples";"Curva";"Não";1;0;1;0;0;0;1;1;-9,48398693;-36,15120494;"SPRF-AL";"DEL01-AL";"UOP01-DEL01-AL"
572018;2024-01-01;"segunda-feira";"21:00:00";"GO";60;8;"SANTO ANTONIO DO DESCOBERTO";"Avarias e/ou desgaste excessivo no pneu";"Colisão traseira";"Sem Vítimas";"Plena Noite";"Crescente";"Chuva";"Dupla";"Reta";"Não";2;0;0;0;1;1;0;2;-16,108703;-48,29952;"SPRF-DF";"DEL03-DF";"UOP01-DEL03-DF"
572019;2024-01-02;"terça-feira";"00:01:00";"PR";373;178,5;"PONTA GROSSA";"Acessar a via sem observar a presença dos outros veículos";"Colisão transversal";"Com Vítimas Feridas";"Plena Noite";"Crescente";"Céu Claro";"Dupla";"Reta";"Sim";4;0;1;0;2;1;1;3;-25,047729;-50,235707;"SPRF-PR";"DEL03-PR";"UOP01-DEL03-PR"
572022;2024-01-02;"terça-feira";"01:11:00";"RJ";101;591;"PARATY";"Retorno proibido";"Colisão transversal";"Com Vítimas Feridas";"Plena Noite";"Crescente";"Nublado";"Simples";"Curva";"Não";2;0;1;0;1;0;1;2;-23,31079094;-44,71658005;"SPRF-RJ";"DEL03-RJ";"UOP04-DEL03-RJ"
572023;2024-01-01;"segunda-feira";"22:30:00";"MT";163;88,5;"RONDONOPOLIS";"Animais na Pista";"Capotamento";"Com Vítimas Feridas";"Plena Noite";"Crescente";"Nublado";"Dupla";"Não Informado";"Não";5;0;5;0;0;0;5;1;-16,75646914;-54,65421973;"SPRF-MT";"DEL02-MT";"UOP03-DEL02-MT"
572024;2024-01-02;"terça-feira";"02:00:00";"PR";116;103;"SAO JOSE DOS PINHAIS";"Velocidade Incompatível";"Colisão com objeto";"Com Vítimas Fatais";"Plena Noite";"Decrescente";"Céu Claro";"Dupla";"Interseção de vias";"Não";1;1;0;0;0;0;0;1;-25,56976;-49,18452;"SPRF-PR";"DEL01-PR";"UOP07-DEL01-PR"
572025;2024-01-02;"terça-feira";"02:05:00";"RJ";101;389;"RIO DE JANEIRO";"Condutor Dormindo";"Saída de leito carroçável";"Com Vítimas Feridas";"Plena Noite";"Crescente";"Garoa/Chuvisco";"Dupla";"Reta";"Sim";1;0;1;0;0;0;1;1;-22,89077885;-43,66684705;"SPRF-RJ";"DEL03-RJ";"UOP01-DEL03-RJ"
572026;2024-01-01;"segunda-feira";"20:00:00";"RJ";101;532;"ANGRA DOS REIS";"Acessar a via sem observar a presença dos outros veículos";"Colisão transversal";"Com Vítimas Feridas";"Plena Noite";"Decrescente";"Nublado";"Simples";"Reta";"Não";3;0;1;0;2;0;1;2;-23,0188787;-44,53190088;"SPRF-RJ";"DEL03-RJ";"UOP03-DEL03-RJ"
572027;2024-01-01;"segunda-feira";"21:10:00";"RJ";101;529;"ANGRA DOS REIS";"Retorno proibido";"Colisão transversal";"Com Vítimas Feridas";"Plena Noite";"Crescente";"Céu Claro";"Simples";"Reta";"Sim";5;0;2;2;0;1;4;3;-23,02483585;-44,50876994;"SPRF-RJ";"DEL03-RJ";"UOP03-DEL03-RJ"
572028;2024-01-02;"terça-feira";"03:30:00";"MG";381;486,8;"BETIM";"Pedestre andava na pista";"Atropelamento de Pedestre";"Com Vítimas Fatais";"Plena Noite";"Crescente";"Nublado";"Múltipla";"Reta";"Sim";2;1;0;0;0;1;0;2;-19,95644414;-44,13611598;"SPRF-MG";"DEL01-MG";"UOP03-DEL01-MG"
572030;2024-01-01;"segunda-feira";"22:15:00";"SP";116;105;"TAUBATE";"Ausência de reação do condutor";"Capotamento";"Com Vítimas Feridas";"Plena Noite";"Crescente";"Céu Claro";"Múltipla";"Reta";"Sim";5;0;4;0;1;0;4;1;-23,00757973;-45,51466613;"SPRF-SP";"DEL02-SP";"UOP02-DEL02-SP"
572032;2024-01-02;"terça-feira";"04:40:00";"GO";153;677;"PANAMA";"Condutor Dormindo";"Colisão traseira";"Com Vítimas Feridas";"Plena Noite";"Decrescente";"Céu Claro";"Dupla";"Reta";"Não";5;0;1;0;4;0;1;2;-18,2013;-49,28;"SPRF-GO";"DEL03-GO";"UOP02-DEL03-GO"
572034;2024-01-02;"terça-feira";"03:59:00";"GO";364;74;"CACHOEIRA ALTA";"Ausência de reação do condutor";"Tombamento";"Com Vítimas Feridas";"Plena Noite";"Decrescente";"Nublado";"Simples";"Não Informado";"Não";1;0;1;0;0;0;1;1;-18,630026;-51,023273;"SPRF-GO";"DEL05-GO";"UOP02-DEL05-GO"
572036;2024-01-02;"terça-feira";"02:40:00";"AC";364;139;"RIO BRANCO";"Ausência de reação do condutor";"Colisão com objeto";"Sem Vítimas";"Plena Noite";"Crescente";"Céu Claro";"Dupla";"Reta";"Sim";1;0;0;0;0;1;0;1;-9,94989136;-67,86565125;"SPRF-AC";"DEL01-AC";"UOP01-DEL01-AC"
572037;2024-01-01;"segunda-feira";"23:00:00";"GO";50;213,4;"CAMPO ALEGRE DE GOIAS";"Reação tardia ou ineficiente do condutor";"Saída de leito carroçável";"Com Vítimas Fatais";"Plena Noite";"Crescente";"Céu Claro";"Dupla";"Não Informado";"Não";2;1;0;1;0;0;1;1;-17,66913074;-47,73156166;"SPRF-GO";"DEL06-GO";"UOP01-DEL06-GO"
572039;2024-01-02;"terça-feira";"04:40:00";"PR";277;234;"FERNANDES PINHEIRO";"Ausência de reação do condutor";"Colisão com objeto";"Com Vítimas Feridas";"Amanhecer";"Crescente";"Céu Claro";"Simples";"Interseção de vias";"Não";1;0;1;0;0;0;1;1;-25,47103055;-50,49767186;"SPRF-PR";"DEL08-PR";"UOP02-DEL08-PR"
572040;2024-01-02;"terça-feira";"06:00:00";"SC";101;102;"BALNEARIO PICARRAS";"Entrada inopinada do pedestre";"Atropelamento de Pedestre";"Com Vítimas Feridas";"Pleno dia";"Decrescente";"Chuva";"Dupla";"Reta";"Não";2;0;2;0;0;0;2;2;-26,77383397;-48,68594062;"SPRF-SC";"DEL03-SC";"UOP02-DEL03-SC"
572041;2024-01-02;"terça-feira";"06:20:00";"RN";101;83;"NATAL";"Reação tardia ou ineficiente do condutor";"Queda de ocupante de veículo";"Com Vítimas Feridas";"Amanhecer";"Crescente";"Chuva";"Múltipla";"Não Informado";"Sim";1;0;1;0;0;0;1;1;-5,7710445;-35,26616981;"SPRF-RN";"DEL02-RN";"UOP01-DEL02-RN"
572042;2024-01-02;"terça-feira";"06:05:00";"ES";101;457,4;"MIMOSO DO SUL";"Acessar a via sem observar a presença dos outros veículos";"Colisão transversal";"Com Vítimas Feridas";"Pleno dia";"Crescente";"Nublado";"Simples";"Não Informado";"Não";6;0;1;0;5;0;1;2;-21,19988684;-41,30092263;"SPRF-ES";"DEL03-ES";"UOP02-DEL03-ES"
572043;2024-01-02;"terça-feira";"06:00:00";"SC";282;6;"SAO JOSE";"Acumulo de óleo sobre o pavimento";"Tombamento";"Com Vítimas Feridas";"Amanhecer";"Crescente";"Chuva";"Dupla";"Não Informado";"Não";3;0;1;1;1;0;2;3;-27,58485528;-48,61731291;"SPRF-SC";"DEL01-SC";"UOP01-DEL01-SC"
572045;2024-01-02;"terça-feira";"06:00:00";"PR";376;591;"CURITIBA";"Acessar a via sem observar a presença dos outros veículos";"Colisão transversal";"Com Vítimas Feridas";"Pleno dia";"Decrescente";"Céu Claro";"Dupla";"Reta";"Não";6;0;0;1;5;0;1;2;-25,46385419;-49,35735015;"SPRF-PR";"DEL01-PR";"UOP06-DEL01-PR"
572047;2024-01-02;"terça-feira";"05:30:00";"SP";116;108;"TAUBATE";"Ausência de reação do condutor";"Colisão lateral mesmo sentido";"Sem Vítimas";"Plena Noite";"Decrescente";"Céu Claro";"Dupla";"Reta";"Não";2;0;0;0;2;0;0;2;-23,0233097;-45,53763622;"SPRF-SP";"DEL02-SP";"UOP02-DEL02-SP"
572049;2024-01-02;"terça-feira";"04:00:00";"BA";101;895,7;"NOVA VICOSA";"Ausência de reação do condutor";"Saída de leito carroçável";"Com Vítimas Feridas";"Amanhecer";"Decrescente";"Chuva";"Simples";"Não Informado";"Não";2;0;0;1;1;0;1;1;-17,88750099;-39,81597702;"SPRF-BA";"DEL09-BA";"UOP02-DEL09-BA"
572050;2024-01-02;"terça-feira";"07:00:00";"SC";101;59,3;"ARAQUARI";"Trafegar com motocicleta (ou similar) entre as faixas";"Colisão traseira";"Com Vítimas Feridas";"Pleno dia";"Decrescente";"Sol";"Dupla";"Reta";"Não";3;0;2;0;1;0;2;2;-26,43646093;-48,81113029;"SPRF-SC";"DEL03-SC";"UOP02-DEL03-SC"
572052;2024-01-02;"terça-feira";"07:20:00";"RJ";101;532;"ANGRA DOS REIS";"Acesso irregular";"Colisão traseira";"Com Vítimas Feridas";"Pleno dia";"Decrescente";"Céu Claro";"Simples";"Reta";"Não";3;0;0;2;1;0;2;2;-23,01862196;-44,53137517;"SPRF-RJ";"DEL03-RJ";"UOP03-DEL03-RJ"
572053;2024-01-02;"terça-feira";"07:00:00";"SC";101;122;"ITAJAI";"Manobra de mudança de faixa";"Colisão lateral mesmo sentido";"Com Vítimas Feridas";"Pleno dia";"Decrescente";"Chuva";"Múltipla";"Reta";"Não";2;0;1;0;1;0;1;2;-26,92955916;-48,70499836;"SPRF-SC";"DEL04-SC";"UOP04-DEL04-SC"
572054;2024-01-02;"terça-feira";"07:30:00";"ES";101;289;"CARIACICA";"Avarias e/ou desgaste excessivo no pneu";"Tombamento";"Com Vítimas Feridas";"Pleno dia";"Decrescente";"Nublado";"Dupla";"Reta";"Sim";1;0;0;1;0;0;1;1;-20,28029304;-40,39302931;"SPRF-ES";"DEL01-ES";"UOP01-DEL01-ES"
572055;2024-01-02;"terça-feira";"07:14:00";"PI";343;323;"ALTOS";"Acessar a via sem observar a presença dos outros veículos";"Colisão transversal";"Com Vítimas Feridas";"Pleno dia";"Decrescente";"Céu Claro";"Simples";"Reta";"Não";2;0;1;0;1;0;1;2;-5,058037;-42,593838;"SPRF-PI";"DEL01-PI";"UOP01-DEL01-PI"
572057;2024-01-02;"terça-feira";"07:20:00";"RJ";116;195;"QUEIMADOS";"Ausência de reação do condutor";"Queda de ocupante de veículo";"Com Vítimas Feridas";"Pleno dia";"Decrescente";"Céu Claro";"Dupla";"Reta";"Sim";2;0;2;0;0;0;2;1;-22,73573614;-43,54749701;"SPRF-RJ";"DEL06-RJ";"UOP01-DEL06-RJ"
572058;2024-01-02;"terça-feira";"07:20:00";"PE";101;59,2;"RECIFE";"Trafegar com motocicleta (ou similar) entre as faixas";"Colisão lateral mesmo sentido";"Com Vítimas Feridas";"Pleno dia";"Crescente";"Céu Claro";"Dupla";"Reta";"Não";2;0;1;0;1;0;1;2;-7,97708575;-34,92607318;"SPRF-PE";"DEL01-PE";"UOP02-DEL01-PE"
572059;2024-01-02;"terça-feira";"07:55:00";"SC";101;113,3;"ITAJAI";"Manobra de mudança de faixa";"Colisão lateral mesmo sentido";"Com Vítimas Feridas";"Pleno dia";"Decrescente";"Chuva";"Múltipla";"Reta";"Não";2;0;1;0;1;0;1;2;-26,85311393;-48,72689927;"SPRF-SC";"DEL04-SC";"UOP04-DEL04-SC"
572063;2024-01-02;"terça-feira";"07:30:00";"AL";101;177;"TEOTONIO VILELA";"Acessar a via sem observar a presença dos outros veículos";"Colisão traseira";"Com Vítimas Feridas";"Pleno dia";"Crescente";"Céu Claro";"Dupla";"Reta";"Não";3;0;1;0;1;1;1;2;-9,89298237;-36,37611866;"SPRF-AL";"DEL02-AL";"UOP02-DEL02-AL"
572064;2024-01-02;"terça-feira";"08:18:00";"RN";101;84;"SAO GONCALO DO AMARANTE";"Acumulo de areia ou detritos sobre o pavimento";"Queda de ocupante de veículo";"Com Vítimas Feridas";"Pleno dia";"Crescente";"Chuva";"Dupla";"Não Informado";"Sim";2;0;2;0;0;0;2;1;-5,774175;-35,2578;"SPRF-RN";"DEL02-RN";"UOP01-DEL02-RN"
572065;2024-01-02;"terça-feira";"08:30:00";"DF";60;11;"BRASILIA";"Acumulo de óleo sobre o pavimento";"Tombamento";"Com Vítimas Feridas";"Pleno dia";"Decrescente";"Chuva";"Dupla";"Reta";"Sim";1;0;1;0;0;0;1;1;-15,911784;-48,157192;"SPRF-DF";"DEL03-DF";"UOP01-DEL03-DF"
572066;2024-01-02;"terça-feira";"06:30:00";"RS";285;399;"SANTA BARBARA DO SUL";"Acumulo de água sobre o pavimento";"Saída de leito carroçável";"Com Vítimas Feridas";"Amanhecer";"Crescente";"Chuva";"Simples";"Não Informado";"Não";1;0;1;0;0;0;1;1;-28,385458;-53,342712;"SPRF-RS";"DEL10-RS";"UOP02-DEL10-RS"
572067;2024-01-02;"terça-feira";"07:30:00";"RJ";101;274,9;"TANGUA";"Demais falhas mecânicas ou elétricas";"Queda de ocupante de veículo";"Com Vítimas Feridas";"Pleno dia";"Crescente";"Céu Claro";"Dupla";"Reta";"Sim";2;0;1;0;1;0;1;1;-22,73506292;-42,71948103;"SPRF-RJ";"DEL02-RJ";"UOP03-DEL02-RJ"
572068;2024-01-02;"terça-feira";"08:00:00";"PE";408;76,2;"PAUDALHO";"Condutor deixou de manter distância do veículo da frente";"Colisão traseira";"Com Vítimas Feridas";"Pleno dia";"Crescente";"Sol";"Dupla";"Não Informado";"Sim";2;0;1;0;1;0;1;2;-7,89701706;-35,17300548;"SPRF-PE";"DEL01-PE";"UOP01-DEL01-PE"
572069;2024-01-02;"terça-feira";"08:34:00";"DF";60;7,3;"BRASILIA";"Chuva";"Queda de ocupante de veículo";"Com Vítimas Feridas";"Pleno dia";"Decrescente";"Céu Claro";"Dupla";"Reta";"Não";2;0;2;0;0;0;2;1;-15,901237;-48,122334;"SPRF-DF";"DEL03-DF";"UOP01-DEL03-DF"
572072;2024-01-02;"terça-feira";"08:00:00";"PR";376;679;"GUARATUBA";"Reação tardia ou ineficiente do condutor";"Engavetamento";"Com Vítimas Feridas";"Pleno dia";"Decrescente";"Céu Claro";"Dupla";"Reta";"Não";5;0;1;0;4;0;1;3;-25,95050276;-48,90514477;"SPRF-PR";"DEL01-PR";"UOP04-DEL01-PR"
572073;2024-01-02;"terça-feira";"08:15:00";"RN";101;107;"PARNAMIRIM";"Condutor deixou de manter distância do veículo da frente";"Colisão traseira";"Sem Vítimas";"Pleno dia";"Decrescente";"Nublado";"Múltipla";"Reta";"Sim";2;0;0;0;1;1;0;2;-5,91920796;-35,26412409;"SPRF-RN";"DEL01-RN";"UOP01-DEL01-RN"
572074;2024-01-02;"terça-feira";"06:00:00";"MS";NA;NA;"LAGUNA CARAPA";"Pista Escorregadia";"Saída de leito carroçável";"Sem Vítimas";"Pleno dia";"Não Informado";"Garoa/Chuvisco";"Simples";"Reta";"Não";2;0;0;0;2;0;0;1;-22,585192;-55,396041;"SPRF-MS";"DEL04-MS";"UOP03-DEL04-MS"
572075;2024-01-02;"terça-feira";"08:40:00";"PE";101;56;"RECIFE";"Manobra de mudança de faixa";"Colisão lateral mesmo sentido";"Com Vítimas Feridas";"Pleno dia";"Crescente";"Céu Claro";"Dupla";"Reta";"Não";3;0;2;0;1;0;2;2;-7,9554509;-34,91140727;"SPRF-PE";"DEL01-PE";"UOP02-DEL01-PE"
572076;2024-01-02;"terça-feira";"07:40:00";"BA";101;385;"IBIRAPITANGA";"Velocidade Incompatível";"Saída de leito carroçável";"Com Vítimas Feridas";"Pleno dia";"Decrescente";"Céu Claro";"Simples";"Reta";"Não";5;0;3;0;2;0;3;1;-14,00704057;-39,44548763;"SPRF-BA";"DEL05-BA";"UOP03-DEL05-BA"
572077;2024-01-02;"terça-feira";"08:30:00";"AL";104;93;"RIO LARGO";"Área urbana sem a presença de local apropriado para a travessia de pedestres";"Colisão traseira";"Com Vítimas Feridas";"Pleno dia";"Crescente";"Céu Claro";"Dupla";"Reta";"Sim";5;0;1;0;3;1;1;4;-9,52891696;-35,79807693;"SPRF-AL";"DEL01-AL";"UOP01-DEL01-AL"
572078;2024-01-02;"terça-feira";"09:30:00";"SP";101;51;"UBATUBA";"Trafegar com motocicleta (ou similar) entre as faixas";"Colisão transversal";"Com Vítimas Feridas";"Pleno dia";"Crescente";"Céu Claro";"Dupla";"Não Informado";"Sim";5;0;0;1;4;0;1;2;-23,45627795;-45,07111896;"SPRF-SP";"DEL06-SP";"UOP01-DEL06-SP"
572079;2024-01-02;"terça-feira";"09:30:00";"GO";452;40;"SANTA HELENA DE GOIAS";"Manobra de mudança de faixa";"Colisão transversal";"Com Vítimas Feridas";"Pleno dia";"Decrescente";"Céu Claro";"Múltipla";"Não Informado";"Não";5;0;1;0;4;0;1;2;-17,92761132;-50,55878055;"SPRF-GO";"DEL04-GO";"UOP01-DEL04-GO"
572081;2024-01-02;"terça-feira";"07:50:00";"SC";163;103;"SAO JOSE DO CEDRO";"Transitar na contramão";"Colisão lateral sentido oposto";"Com Vítimas Feridas";"Pleno dia";"Decrescente";"Céu Claro";"Simples";"Reta";"Sim";4;0;3;0;1;0;3;2;-26,46209088;-53,5077059;"SPRF-SC";"DEL07-SC";"UOP03-DEL07-SC"
572082;2024-01-02;"terça-feira";"08:00:00";"PR";369;14,6;"CAMBARA";"Condutor Dormindo";"Colisão com objeto";"Com Vítimas Feridas";"Pleno dia";"Decrescente";"Céu Claro";"Simples";"Não Informado";"Não";2;0;2;0;0;0;2;1;-23,0206392;-50,02835803;"SPRF-PR";"DEL07-PR";"UOP05-DEL07-PR"
572083;2024-01-02;"terça-feira";"09:01:00";"PE";104;82,7;"AGRESTINA";"Reação tardia ou ineficiente do condutor";"Colisão com objeto";"Sem Vítimas";"Pleno dia";"Crescente";"Céu Claro";"Simples";"Não Informado";"Não";2;0;0;0;0;2;0;2;-8,414513;-35,967102;"SPRF-PE";"DEL02-PE";"UOP01-DEL02-PE"
572084;2024-01-02;"terça-feira";"09:00:00";"RJ";116;174;"SAO JOAO DE MERITI";"Demais falhas mecânicas ou elétricas";"Queda de ocupante de veículo";"Com Vítimas Feridas";"Pleno dia";"Crescente";"Céu Claro";"Dupla";"Reta";"Sim";2;0;1;0;1;0;1;1;-22,79423806;-43,36403759;"SPRF-RJ";"DEL06-RJ";"UOP01-DEL06-RJ"
572086;2024-01-02;"terça-feira";"08:50:00";"RJ";NA;NA;"SEROPEDICA";"Ausência de reação do condutor";"Colisão transversal";"Sem Vítimas";"Pleno dia";"Não Informado";"Céu Claro";"Simples";"Reta";"Não";2;0;0;0;2;0;0;2;-22,70335517;-43,69949341;"SPRF-RJ";"DEL01-RJ";"UOP03-DEL01-RJ"
572087;2024-01-02;"terça-feira";"09:02:00";"RS";290;25;"SANTO ANTONIO DA PATRULHA";"Manobra de mudança de faixa";"Colisão lateral mesmo sentido";"Com Vítimas Feridas";"Pleno dia";"Crescente";"Céu Claro";"Dupla";"Reta";"Não";4;0;1;0;3;0;1;2;-29,880203;-50,503971;"SPRF-RS";"DEL03-RS";"UOP01-DEL03-RS"
572089;2024-01-02;"terça-feira";"08:00:00";"SC";101;141;"BALNEARIO CAMBORIU";"Reação tardia ou ineficiente do condutor";"Saída de leito carroçável";"Com Vítimas Feridas";"Pleno dia";"Decrescente";"Chuva";"Dupla";"Reta";"Sim";1;0;1;0;0;0;1;1;-27,04761729;-48,59995855;"SPRF-SC";"DEL04-SC";"UOP03-DEL04-SC"
572090;2024-01-02;"terça-feira";"09:10:00";"PR";158;538,8;"PATO BRANCO";"Velocidade Incompatível";"Saída de leito carroçável";"Com Vítimas Feridas";"Pleno dia";"Crescente";"Céu Claro";"Simples";"Curva";"Sim";2;0;0;1;0;1;1;2;-26,25603095;-52,70878155;"SPRF-PR";"DEL02-PR";"UOP01-DEL02-PR"
572091;2024-01-02;"terça-feira";"10:00:00";"SC";101;226;"PALHOCA";"Condutor deixou de manter distância do veículo da frente";"Colisão traseira";"Com Vítimas Feridas";"Pleno dia";"Crescente";"Nublado";"Dupla";"Reta";"Não";9;0;2;0;7;0;2;5;-27,74200001;-48,63806504;"SPRF-SC";"DEL01-SC";"UOP02-DEL01-SC"
572093;2024-01-02;"terça-feira";"10:20:00";"RS";290;20,5;"SANTO ANTONIO DA PATRULHA";"Trafegar com motocicleta (ou similar) entre as faixas";"Colisão lateral mesmo sentido";"Com Vítimas Feridas";"Pleno dia";"Decrescente";"Céu Claro";"Dupla";"Reta";"Não";2;0;1;0;1;0;1;2;-29,889786;-50,464596;"SPRF-RS";"DEL03-RS";"UOP01-DEL03-RS"
572094;2024-01-02;"terça-feira";"09:30:00";"MS";163;548;"BANDEIRANTES";"Ausência de reação do condutor";"Colisão traseira";"Com Vítimas Feridas";"Pleno dia";"Crescente";"Céu Claro";"Simples";"Reta";"Sim";8;0;3;0;5;0;3;2;-19,91869106;-54,36860922;"SPRF-MS";"DEL01-MS";"UOP02-DEL01-MS"
572095;2024-01-02;"terça-feira";"08:30:00";"MG";381;686,7;"LAVRAS";"Velocidade Incompatível";"Saída de leito carroçável";"Com Vítimas Feridas";"Pleno dia";"Crescente";"Chuva";"Dupla";"Não Informado";"Não";2;0;2;0;0;0;2;1;-21,20030689;-45,11944438;"SPRF-MG";"DEL04-MG";"UOP02-DEL04-MG"
572096;2024-01-02;"terça-feira";"08:50:00";"MG";381;688,2;"LAVRAS";"Ausência de reação do condutor";"Colisão com objeto";"Com Vítimas Feridas";"Pleno dia";"Decrescente";"Nublado";"Dupla";"Não Informado";"Não";3;0;1;0;2;0;1;1;-21,21737985;-45,1265452;"SPRF-MG";"DEL04-MG";"UOP02-DEL04-MG"