"id";"data_inversa";"dia_semana";"horario";"uf";"br";"km";"municipio";"causa_acidente";"tipo_acidente";"classificacao_acidente";"fase_dia";"sentido_via";"condicao_metereologica";"tipo_pista";"tracado_via";"uso_solo";"pessoas";"mortos";"feridos_leves";"feridos_graves";"ilesos";"ignorados";"feridos";"veiculos";"latitude";"longitude";"regional";"delegacia";"uop"
572437;2024-01-03;"quarta-feira";"17:15:00";"SC";101;71,8;"ARAQUARI";"Trafegar com motocicleta (ou similar) entre as faixas";"Colisão lateral mesmo sentido";"Com Vítimas Feridas";"Pleno dia";"Decrescente";"Nublado";"Dupla";"Reta";"Sim";2;0;1;0;1;0;1;2;-26,52710498;-48,71536911;"SPRF-SC";"DEL03-SC";"UOP02-DEL03-SC"
572438;2024-01-03;"quarta-feira";"17:35:00";"MG";50;197;"DELTA";"Demais falhas mecânicas ou elétricas";"Incêndio";"Sem Vítimas";"Pleno dia";"Crescente";"Nublado";"Múltipla";"Reta";"Sim";3;0;0;0;3;0;0;1;-19,91076436;-47,83254654;"SPRF-MG";"DEL13-MG";"UOP01-DEL13-MG"
572439;2024-01-03;"quarta-feira";"17:25:00";"BA";101;720;"EUNAPOLIS";"Acessar a via sem observar a presença dos outros veículos";"Colisão transversal";"Com Vítimas Feridas";"Anoitecer";"Crescente";"Nublado";"Simples";"Não Informado";"Sim";2;0;1;0;1;0;1;2;-16,38642759;-39,58646536;"SPRF-BA";"DEL09-BA";"UOP01-DEL09-BA"
572440;2024-01-03;"quarta-feira";"18:33:00";"TO";10;454;"PALMAS";"Condutor deixou de manter distância do veículo da frente";"Engavetamento";"Sem Vítimas";"Anoitecer";"Decrescente";"Céu Claro";"Múltipla";"Reta";"Sim";3;0;0;0;2;1;0;3;-10,30938;-48,29743;"SPRF-TO";"DEL01-TO";"UOP03-DEL01-TO"
572441;2024-01-03;"quarta-feira";"16:40:00";"RJ";40;123;"DUQUE DE CAXIAS";"Reação tardia ou ineficiente do condutor";"Colisão traseira";"Com Vítimas Feridas";"Pleno dia";"Crescente";"Céu Claro";"Dupla";"Curva";"Sim";3;0;1;0;2;0;1;2;-22,79907687;-43,29015739;"SPRF-RJ";"DEL01-RJ";"UOP02-DEL01-RJ"
572443;2024-01-03;"quarta-feira";"18:00:00";"RJ";101;80;"CAMPOS DOS GOYTACAZES";"Ausência de reação do condutor";"Colisão traseira";"Com Vítimas Feridas";"Anoitecer";"Decrescente";"Chuva";"Simples";"Reta";"Sim";8;0;1;0;7;0;1;2;-21,83453437;-41,43797909;"SPRF-RJ";"DEL08-RJ";"UOP02-DEL08-RJ"
572444;2024-01-03;"quarta-feira";"17:20:00";"RJ";101;87;"CAMPOS DOS GOYTACAZES";"Chuva";"Saída de leito carroçável";"Com Vítimas Feridas";"Pleno dia";"Decrescente";"Chuva";"Dupla";"Não Informado";"Não";3;0;0;2;1;0;2;1;-21,82626899;-41,49641201;"SPRF-RJ";"DEL08-RJ";"UOP02-DEL08-RJ"
572445;2024-01-03;"quarta-feira";"18:00:00";"SP";116;393;"MIRACATU";"Pista Escorregadia";"Tombamento";"Com Vítimas Feridas";"Anoitecer";"Crescente";"Garoa/Chuvisco";"Dupla";"Reta";"Não";1;0;0;1;0;0;1;1;-24,28558932;-47,44194093;"SPRF-SP";"DEL04-SP";"UOP02-DEL04-SP"
572446;2024-01-03;"quarta-feira";"15:12:00";"MT";163;92;"RONDONOPOLIS";"Acumulo de água sobre o pavimento";"Saída de leito carroçável";"Com Vítimas Feridas";"Pleno dia";"Decrescente";"Chuva";"Dupla";"Desvio Temporário";"Não";2;0;2;0;0;0;2;1;-16,72418081;-54,64751666;"SPRF-MT";"DEL02-MT";"UOP03-DEL02-MT"
572447;2024-01-03;"quarta-feira";"17:00:00";"PR";376;407,7;"TIBAGI";"Velocidade Incompatível";"Colisão com objeto";"Com Vítimas Feridas";"Pleno dia";"Decrescente";"Nublado";"Dupla";"Não Informado";"Não";3;0;3;0;0;0;3;1;-24,60403406;-50,6635012;"SPRF-PR";"DEL03-PR";"UOP02-DEL03-PR"
572448;2024-01-03;"quarta-feira";"15:50:00";"RJ";101;432;"MANGARATIBA";"Ingestão de álcool pelo condutor";"Capotamento";"Sem Vítimas";"Pleno dia";"Decrescente";"Chuva";"Dupla";"Não Informado";"Sim";1;0;0;0;1;0;0;1;-22,93437472;-44,02919087;"SPRF-RJ";"DEL03-RJ";"UOP02-DEL03-RJ"
572451;2024-01-03;"quarta-feira";"18:49:00";"MG";262;368,8;"JUATUBA";"Ausência de reação do condutor";"Queda de ocupante de veículo";"Com Vítimas Feridas";"Plena Noite";"Decrescente";"Garoa/Chuvisco";"Dupla";"Curva";"Não";1;0;1;0;0;0;1;1;-19,97239513;-44,28042402;"SPRF-MG";"DEL01-MG";"UOP03-DEL01-MG"
572452;2024-01-03;"quarta-feira";"15:30:00";"MT";70;703;"CACERES";"Chuva";"Saída de leito carroçável";"Com Vítimas Feridas";"Pleno dia";"Crescente";"Chuva";"Simples";"Não Informado";"Não";2;0;2;0;0;0;2;1;-16,25105077;-57,45540642;"SPRF-MT";"DEL03-MT";"UOP01-DEL03-MT"
572453;2024-01-03;"quarta-feira";"18:40:00";"PI";343;347;"TERESINA";"Animais na Pista";"Atropelamento de Animal";"Com Vítimas Feridas";"Plena Noite";"Crescente";"Céu Claro";"Simples";"Reta";"Sim";2;0;1;0;1;0;1;2;-5,11877574;-42,78683662;"SPRF-PI";"DEL01-PI";"UOP01-DEL01-PI"
572454;2024-01-03;"quarta-feira";"15:40:00";"MG";116;685;"MURIAE";"Ausência de reação do condutor";"Saída de leito carroçável";"Com Vítimas Feridas";"Pleno dia";"Crescente";"Chuva";"Simples";"Curva";"Não";2;0;1;0;0;1;1;2;-20,98224297;-42,35482631;"SPRF-MG";"DEL07-MG";"UOP02-DEL07-MG"
572457;2024-01-03;"quarta-feira";"17:00:00";"RJ";101;99;"CAMPOS DOS GOYTACAZES";"Ausência de reação do condutor";"Colisão com objeto";"Com Vítimas Feridas";"Pleno dia";"Decrescente";"Chuva";"Dupla";"Curva";"Não";2;0;1;0;1;0;1;1;-21,8758198;-41,5832851;"SPRF-RJ";"DEL08-RJ";"UOP02-DEL08-RJ"
572458;2024-01-03;"quarta-feira";"17:25:00";"MG";116;734;"LARANJAL";"Ausência de reação do condutor";"Saída de leito carroçável";"Com Vítimas Feridas";"Pleno dia";"Decrescente";"Chuva";"Simples";"Reta";"Não";3;0;2;0;1;0;2;1;-21,34565238;-42,4637625;"SPRF-MG";"DEL07-MG";"UOP02-DEL07-MG"
572459;2024-01-03;"quarta-feira";"17:40:00";"SC";470;153,6;"AGRONOMICA";"Acessar a via sem observar a presença dos outros veículos";"Colisão transversal";"Com Vítimas Feridas";"Pleno dia";"Decrescente";"Nublado";"Simples";"Reta";"Não";2;0;1;0;1;0;1;2;-27,27539513;-49,74316478;"SPRF-SC";"DEL04-SC";"UOP02-DEL04-SC"
572460;2024-01-03;"quarta-feira";"16:10:00";"MG";116;702,2;"MURIAE";"Acessar a via sem observar a presença dos outros veículos";"Colisão transversal";"Com Vítimas Feridas";"Pleno dia";"Decrescente";"Chuva";"Simples";"Não Informado";"Sim";2;0;1;0;1;0;1;2;-21,12484713;-42,38134861;"SPRF-MG";"DEL07-MG";"UOP02-DEL07-MG"
572461;2024-01-03;"quarta-feira";"19:00:00";"PE";101;58,8;"RECIFE";"Condutor deixou de manter distância do veículo da frente";"Colisão traseira";"Com Vítimas Feridas";"Plena Noite";"Crescente";"Céu Claro";"Dupla";"Reta";"Sim";5;0;0;2;3;0;2;2;-7,97708575;-34,92607318;"SPRF-PE";"DEL01-PE";"UOP02-DEL01-PE"
572463;2024-01-03;"quarta-feira";"17:20:00";"PR";376;527,2;"PONTA GROSSA";"Reação tardia ou ineficiente do condutor";"Queda de ocupante de veículo";"Com Vítimas Feridas";"Pleno dia";"Decrescente";"Céu Claro";"Dupla";"Não Informado";"Não";1;0;1;0;0;0;1;1;-25,327481;-49,862779;"SPRF-PR";"DEL03-PR";"UOP04-DEL03-PR"
572464;2024-01-03;"quarta-feira";"19:25:00";"BA";110;27;"PAULO AFONSO";"Acessar a via sem observar a presença dos outros veículos";"Atropelamento de Pedestre";"Com Vítimas Feridas";"Plena Noite";"Crescente";"Céu Claro";"Simples";"Reta";"Não";2;0;0;1;0;1;1;2;-9,69242292;-38,22752237;"SPRF-BA";"DEL07-BA";"UOP01-DEL07-BA"
572465;2024-01-03;"quarta-feira";"19:00:00";"DF";80;19;"BRASILIA";"Reação tardia ou ineficiente do condutor";"Saída de leito carroçável";"Com Vítimas Feridas";"Plena Noite";"Crescente";"Nublado";"Dupla";"Reta";"Sim";1;0;1;0;0;0;1;1;-15,675205;-48,204636;"SPRF-DF";"DEL03-DF";"UOP02-DEL03-DF"
572468;2024-01-03;"quarta-feira";"20:00:00";"BA";116;811;"VITORIA DA CONQUISTA";"Demais falhas mecânicas ou elétricas";"Saída de leito carroçável";"Com Vítimas Feridas";"Plena Noite";"Decrescente";"Céu Claro";"Simples";"Reta";"Não";6;0;4;0;2;0;4;1;-14,75613602;-40,68942499;"SPRF-BA";"DEL08-BA";"UOP01-DEL08-BA"
572470;2024-01-03;"quarta-feira";"16:30:00";"GO";60;460;"JATAI";"Ausência de reação do condutor";"Saída de leito carroçável";"Com Vítimas Feridas";"Pleno dia";"Crescente";"Chuva";"Dupla";"Curva";"Não";4;0;4;0;0;0;4;1;-17,8715;-51,6163;"SPRF-GO";"DEL05-GO";"UOP01-DEL05-GO"
572472;2024-01-03;"quarta-feira";"16:55:00";"MG";381;521;"BRUMADINHO";"Chuva";"Saída de leito carroçável";"Com Vítimas Feridas";"Anoitecer";"Decrescente";"Chuva";"Dupla";"Não Informado";"Não";4;0;1;0;3;0;1;1;-20,13846621;-44,31715274;"SPRF-MG";"DEL04-MG";"UOP03-DEL04-MG"
572475;2024-01-03;"quarta-feira";"19:40:00";"MG";40;356,1;"FELIXLANDIA";"Desrespeitar a preferência no cruzamento";"Colisão transversal";"Com Vítimas Feridas";"Plena Noite";"Decrescente";"Chuva";"Simples";"Não Informado";"Sim";2;0;0;1;1;0;1;2;-18,73053982;-44,88268599;"SPRF-MG";"DEL02-MG";"UOP01-DEL02-MG"
572477;2024-01-03;"quarta-feira";"18:00:00";"RO";364;16;"VILHENA";"Acessar a via sem observar a presença dos outros veículos";"Queda de ocupante de veículo";"Com Vítimas Feridas";"Plena Noite";"Crescente";"Chuva";"Simples";"Interseção de vias";"Não";2;0;1;0;1;0;1;2;-12,73437947;-60,15696986;"SPRF-RO";"DEL04-RO";"UOP01-DEL04-RO"
572481;2024-01-03;"quarta-feira";"18:30:00";"RS";116;267;"CANOAS";"Frear bruscamente";"Queda de ocupante de veículo";"Com Vítimas Feridas";"Anoitecer";"Decrescente";"Céu Claro";"Dupla";"Reta";"Sim";1;0;1;0;0;0;1;1;-29,94142398;-51,17697062;"SPRF-RS";"DEL01-RS";"UOP01-DEL01-RS"
572484;2024-01-03;"quarta-feira";"19:15:00";"MG";116;499,9;"INHAPIM";"Reação tardia ou ineficiente do condutor";"Colisão traseira";"Com Vítimas Feridas";"Plena Noite";"Decrescente";"Chuva";"Simples";"Reta";"Não";4;0;1;1;2;0;2;3;-19,55247801;-42,12429712;"SPRF-MG";"DEL06-MG";"UOP02-DEL06-MG"
572485;2024-01-03;"quarta-feira";"22:15:00";"ES";101;142;"LINHARES";"Reação tardia ou ineficiente do condutor";"Colisão transversal";"Com Vítimas Feridas";"Plena Noite";"Decrescente";"Céu Claro";"Múltipla";"Reta";"Sim";2;0;2;0;0;0;2;2;-19,33458987;-40,06755477;"SPRF-ES";"DEL04-ES";"UOP01-DEL04-ES"
572486;2024-01-03;"quarta-feira";"19:02:00";"RS";468;97,7;"TRES PASSOS";"Ultrapassagem Indevida";"Colisão lateral mesmo sentido";"Com Vítimas Feridas";"Anoitecer";"Crescente";"Céu Claro";"Simples";"Não Informado";"Não";3;0;2;0;1;0;2;2;-27,48845026;-53,89320218;"SPRF-RS";"DEL08-RS";"UOP02-DEL08-RS"
572488;2024-01-03;"quarta-feira";"22:25:00";"MG";116;576,9;"MANHUACU";"Ausência de reação do condutor";"Saída de leito carroçável";"Com Vítimas Feridas";"Plena Noite";"Crescente";"Céu Claro";"Simples";"Curva";"Não";2;0;1;0;1;0;1;1;-20,15473996;-42,18629605;"SPRF-MG";"DEL06-MG";"UOP03-DEL06-MG"
572490;2024-01-03;"quarta-feira";"23:30:00";"ES";101;272,2;"SERRA";"Acessar a via sem observar a presença dos outros veículos";"Colisão lateral mesmo sentido";"Com Vítimas Feridas";"Plena Noite";"Decrescente";"Nublado";"Dupla";"Não Informado";"Não";2;0;0;1;1;0;1;2;-20,22724888;-40,28426988;"SPRF-ES";"DEL02-ES";"UOP01-DEL02-ES"
572491;2024-01-03;"quarta-feira";"22:51:00";"GO";40;22;"LUZIANIA";"Entrada inopinada do pedestre";"Atropelamento de Pedestre";"Com Vítimas Fatais";"Plena Noite";"Crescente";"Céu Claro";"Dupla";"Reta";"Sim";5;1;0;0;4;0;0;2;-16,227484;-47,914109;"SPRF-DF";"DEL01-DF";"UOP01-DEL01-DF"
572492;2024-01-03;"quarta-feira";"21:19:00";"GO";80;19,4;"PADRE BERNARDO";"Ausência de reação do condutor";"Saída de leito carroçável";"Com Vítimas Feridas";"Plena Noite";"Decrescente";"Chuva";"Dupla";"Não Informado";"Não";1;0;0;1;0;0;1;1;-15,384497;-48,208798;"SPRF-DF";"DEL03-DF";"UOP02-DEL03-DF"
572494;2024-01-04;"quinta-feira";"00:05:00";"SP";381;62;"MAIRIPORA";"Ausência de reação do condutor";"Capotamento";"Com Vítimas Feridas";"Plena Noite";"Decrescente";"Céu Claro";"Dupla";"Reta";"Não";1;0;1;0;0;0;1;1;-23,29437896;-46,57254696;"SPRF-SP";"DEL03-SP";"UOP01-DEL03-SP"
572495;2024-01-03;"quarta-feira";"23:00:00";"MA";226;299;"BARRA DO CORDA";"Conversão proibida";"Colisão transversal";"Com Vítimas Feridas";"Plena Noite";"Crescente";"Chuva";"Múltipla";"Reta";"Sim";3;0;1;0;2;0;1;2;-5,49791235;-45,24263176;"SPRF-MA";"DEL03-MA";"UOP03-DEL03-MA"
572496;2024-01-04;"quinta-feira";"00:40:00";"PI";343;52;"BURITI DOS LOPES";"Transitar na contramão";"Colisão frontal";"Com Vítimas Fatais";"Plena Noite";"Crescente";"Céu Claro";"Simples";"Reta";"Não";2;1;0;0;1;0;0;2;-3,194594;-41,841324;"SPRF-PI";"DEL05-PI";"UOP01-DEL05-PI"
572497;2024-01-04;"quinta-feira";"00:20:00";"RN";427;2,1;"CURRAIS NOVOS";"Animais na Pista";"Saída de leito carroçável";"Com Vítimas Feridas";"Plena Noite";"Decrescente";"Nublado";"Simples";"Curva";"Não";3;0;3;0;0;0;3;1;-6,282889;-36,521175;"SPRF-RN";"DEL03-RN";"UOP02-DEL03-RN"
572502;2024-01-04;"quinta-feira";"01:10:00";"SC";101;186;"BIGUACU";"Ingestão de álcool pelo condutor";"Saída de leito carroçável";"Sem Vítimas";"Plena Noite";"Decrescente";"Chuva";"Múltipla";"Curva";"Não";1;0;0;0;0;1;0;1;-27,4341098;-48,62567129;"SPRF-SC";"DEL01-SC";"UOP01-DEL01-SC"
572504;2024-01-04;"quinta-feira";"03:40:00";"SC";101;194,5;"BIGUACU";"Pista Escorregadia";"Queda de ocupante de veículo";"Com Vítimas Feridas";"Plena Noite";"Decrescente";"Garoa/Chuvisco";"Múltipla";"Reta";"Sim";1;0;1;0;0;0;1;1;-27,49815117;-48,65661236;"SPRF-SC";"DEL01-SC";"UOP01-DEL01-SC"
572507;2024-01-04;"quinta-feira";"03:00:00";"MG";153;87,9;"PRATA";"Pista Escorregadia";"Saída de leito carroçável";"Com Vítimas Feridas";"Plena Noite";"Crescente";"Chuva";"Simples";"Não Informado";"Não";5;0;2;0;3;0;2;1;-19,127673;-48,966483;"SPRF-MG";"DEL15-MG";"UOP03-DEL15-MG"
572509;2024-01-04;"quinta-feira";"04:30:00";"SC";101;128;"ITAJAI";"Ingestão de álcool pelo condutor";"Colisão com objeto";"Com Vítimas Feridas";"Amanhecer";"Decrescente";"Céu Claro";"Dupla";"Reta";"Não";2;0;1;1;0;0;2;1;-26,97284292;-48,68299451;"SPRF-SC";"DEL04-SC";"UOP04-DEL04-SC"
572511;2024-01-03;"quarta-feira";"16:40:00";"MG";153;87,9;"PRATA";"Pista Escorregadia";"Saída de leito carroçável";"Com Vítimas Feridas";"Pleno dia";"Crescente";"Chuva";"Simples";"Não Informado";"Não";4;0;4;0;0;0;4;1;-19,11737199;-48,96972196;"SPRF-MG";"DEL15-MG";"UOP03-DEL15-MG"
572512;2024-01-04;"quinta-feira";"05:30:00";"SC";282;72,1;"RANCHO QUEIMADO";"Acumulo de água sobre o pavimento";"Saída de leito carroçável";"Com Vítimas Feridas";"Amanhecer";"Crescente";"Chuva";"Simples";"Não Informado";"Não";4;0;1;0;3;0;1;1;-27,683439;-49,105259;"SPRF-SC";"DEL01-SC";"UOP03-DEL01-SC"
572513;2024-01-04;"quinta-feira";"04:40:00";"MT";163;118;"RONDONOPOLIS";"Área urbana sem a presença de local apropriado para a travessia de pedestres";"Atropelamento de Pedestre";"Com Vítimas Feridas";"Amanhecer";"Decrescente";"Nublado";"Dupla";"Não Informado";"Sim";2;0;1;1;0;0;2;2;-16,51361392;-54,65519619;"SPRF-MT";"DEL02-MT";"UOP01-DEL02-MT"
572514;2024-01-04;"quinta-feira";"07:00:00";"SC";101;200;"SAO JOSE";"Condutor deixou de manter distância do veículo da frente";"Colisão traseira";"Com Vítimas Feridas";"Pleno dia";"Crescente";"Céu Claro";"Múltipla";"Reta";"Sim";4;0;2;0;2;0;2;2;-27,54018513;-48,62287714;"SPRF-SC";"DEL01-SC";"UOP01-DEL01-SC"
572515;2024-01-04;"quinta-feira";"07:25:00";"SC";101;206,8;"SAO JOSE";"Reação tardia ou ineficiente do condutor";"Tombamento";"Com Vítimas Feridas";"Pleno dia";"Crescente";"Nublado";"Múltipla";"Reta";"Sim";2;0;1;0;0;1;1;2;-27,59907246;-48,62173319;"SPRF-SC";"DEL01-SC";"UOP01-DEL01-SC"
572516;2024-01-04;"quinta-feira";"06:30:00";"PR";116;38;"CAMPINA GRANDE DO SUL";"Reação tardia ou ineficiente do condutor";"Saída de leito carroçável";"Com Vítimas Feridas";"Amanhecer";"Decrescente";"Chuva";"Dupla";"Curva";"Não";3;0;2;0;1;0;2;1;-25,14802509;-48,85922071;"SPRF-PR";"DEL01-PR";"UOP02-DEL01-PR"
572517;2024-01-04;"quinta-feira";"06:55:00";"SC";101;137;"BALNEARIO CAMBORIU";"Problema com o freio";"Tombamento";"Com Vítimas Feridas";"Pleno dia";"Decrescente";"Nublado";"Múltipla";"Reta";"Sim";2;0;1;1;0;0;2;1;-27,0157238;-48,61192763;"SPRF-SC";"DEL04-SC";"UOP03-DEL04-SC"
572518;2024-01-04;"quinta-feira";"07:15:00";"PR";376;215;"JANDAIA DO SUL";"Reação tardia ou ineficiente do condutor";"Colisão com objeto";"Com Vítimas Feridas";"Pleno dia";"Decrescente";"Céu Claro";"Dupla";"Reta";"Não";1;0;1;0;0;0;1;1;-23,59537856;-51,64222304;"SPRF-PR";"DEL09-PR";"UOP01-DEL09-PR"
572520;2024-01-04;"quinta-feira";"07:35:00";"RS";386;350;"ESTRELA";"Condutor deixou de manter distância do veículo da frente";"Colisão traseira";"Com Vítimas Feridas";"Pleno dia";"Crescente";"Céu Claro";"Dupla";"Não Informado";"Não";2;0;1;0;1;0;1;2;-29,4743;-51,952923;"SPRF-RS";"DEL04-RS";"UOP01-DEL04-RS"
572521;2024-01-04;"quinta-feira";"07:00:00";"GO";153;504;"APARECIDA DE GOIANIA";"Demais falhas mecânicas ou elétricas";"Tombamento";"Com Vítimas Feridas";"Pleno dia";"Crescente";"Chuva";"Dupla";"Reta";"Sim";2;0;2;0;0;0;2;1;-16,7451;-49,2408;"SPRF-GO";"DEL01-GO";"UOP01-DEL01-GO"
572522;2024-01-04;"quinta-feira";"05:40:00";"RJ";101;384;"RIO DE JANEIRO";"Acessar a via sem observar a presença dos outros veículos";"Colisão transversal";"Com Vítimas Feridas";"Amanhecer";"Decrescente";"Chuva";"Dupla";"Reta";"Sim";2;0;1;0;1;0;1;2;-22,87911609;-43,62323999;"SPRF-RJ";"DEL03-RJ";"UOP01-DEL03-RJ"
572524;2024-01-04;"quinta-feira";"07:36:00";"RJ";116;191;"NOVA IGUACU";"Acesso irregular";"Colisão com objeto";"Sem Vítimas";"Amanhecer";"Decrescente";"Céu Claro";"Simples";"Reta";"Não";1;0;0;0;0;1;0;1;-22,74421443;-43,509822;"SPRF-RJ";"DEL06-RJ";"UOP01-DEL06-RJ"
572526;2024-01-04;"quinta-feira";"08:10:00";"PE";101;116,3;"IPOJUCA";"Condutor Dormindo";"Saída de leito carroçável";"Com Vítimas Feridas";"Pleno dia";"Crescente";"Céu Claro";"Dupla";"Curva";"Não";2;0;2;0;0;0;2;1;-8,34532196;-35,14676704;"SPRF-PE";"DEL01-PE";"UOP03-DEL01-PE"
572527;2024-01-04;"quinta-feira";"08:09:00";"MG";365;634;"UBERLANDIA";"Ausência de reação do condutor";"Colisão com objeto";"Com Vítimas Feridas";"Pleno dia";"Crescente";"Chuva";"Dupla";"Retorno Regulamentado";"Não";2;0;2;0;0;0;2;1;-18,89398203;-48,409205;"SPRF-MG";"DEL15-MG";"UOP01-DEL15-MG"
572528;2024-01-04;"quinta-feira";"06:30:00";"RJ";393;198;"PARAIBA DO SUL";"Acumulo de água sobre o pavimento";"Saída de leito carroçável";"Com Vítimas Feridas";"Pleno dia";"Crescente";"Chuva";"Simples";"Reta";"Não";3;0;2;0;1;0;2;1;-22,20864263;-43,38170217;"SPRF-RJ";"DEL05-RJ";"UOP03-DEL05-RJ"
572529;2024-01-04;"quinta-feira";"08:10:00";"RN";101;115;"SAO JOSE DE MIPIBU";"Manobra de mudança de faixa";"Colisão lateral mesmo sentido";"Com Vítimas Feridas";"Pleno dia";"Decrescente";"Céu Claro";"Dupla";"Reta";"Sim";2;0;1;0;1;0;1;2;-5,99096804;-35,26381408;"SPRF-RN";"DEL01-RN";"UOP01-DEL01-RN"
572530;2024-01-04;"quinta-feira";"08:30:00";"GO";50;261;"CATALAO";"Acumulo de água sobre o pavimento";"Saída de leito carroçável";"Com Vítimas Feridas";"Pleno dia";"Decrescente";"Chuva";"Dupla";"Curva";"Não";3;0;2;0;1;0;2;1;-18,0377;-47,853;"SPRF-GO";"DEL06-GO";"UOP01-DEL06-GO"
572531;2024-01-04;"quinta-feira";"07:15:00";"PR";369;186,7;"ARAPONGAS";"Condutor Dormindo";"Colisão com objeto";"Sem Vítimas";"Pleno dia";"Decrescente";"Céu Claro";"Simples";"Reta";"Sim";4;0;0;0;4;0;0;1;-23,42098684;-51,42483871;"SPRF-PR";"DEL07-PR";"UOP03-DEL07-PR"
572532;2024-01-04;"quinta-feira";"06:30:00";"SC";282;583;"PINHALZINHO";"Condutor Dormindo";"Saída de leito carroçável";"Com Vítimas Feridas";"Amanhecer";"Crescente";"Céu Claro";"Simples";"Não Informado";"Não";4;0;1;0;3;0;1;1;-26,828905;-53,009552;"SPRF-SC";"DEL07-SC";"UOP02-DEL07-SC"
572535;2024-01-03;"quarta-feira";"21:45:00";"RJ";40;103;"DUQUE DE CAXIAS";"Sistema de drenagem ineficiente";"Colisão lateral mesmo sentido";"Com Vítimas Feridas";"Plena Noite";"Crescente";"Chuva";"Múltipla";"Reta";"Sim";2;0;1;0;1;0;1;2;-22,62009;-43,286922;"SPRF-RJ";"DEL01-RJ";"UOP02-DEL01-RJ"
572536;2024-01-04;"quinta-feira";"09:15:00";"BA";116;12;"VITORIA DA CONQUISTA";"Condutor deixou de manter distância do veículo da frente";"Colisão traseira";"Com Vítimas Feridas";"Pleno dia";"Crescente";"Céu Claro";"Simples";"Reta";"Sim";2;0;1;0;1;0;1;2;-14,878;-40,8712;"SPRF-BA";"DEL08-BA";"UOP01-DEL08-BA"
572537;2024-01-04;"quinta-feira";"05:00:00";"SP";116;327;"JUQUITIBA";"Chuva";"Saída de leito carroçável";"Com Vítimas Feridas";"Amanhecer";"Decrescente";"Chuva";"Dupla";"Curva";"Sim";1;0;1;0;0;0;1;1;-23,93901304;-47,06241203;"SPRF-SP";"DEL04-SP";"UOP03-DEL04-SP"
572539;2024-01-04;"quinta-feira";"09:10:00";"SC";282;48;"AGUAS MORNAS";"Velocidade Incompatível";"Colisão com objeto";"Com Vítimas Feridas";"Pleno dia";"Crescente";"Chuva";"Dupla";"Curva";"Não";5;0;1;0;4;0;1;1;-27,714352;-48,938072;"SPRF-SC";"DEL01-SC";"UOP03-DEL01-SC"
572542;2024-01-04;"quinta-feira";"09:30:00";"SC";101;210;"SAO JOSE";"Ausência de reação do condutor";"Colisão traseira";"Com Vítimas Feridas";"Pleno dia";"Decrescente";"Céu Claro";"Simples";"Reta";"Sim";3;0;2;0;1;0;2;2;-27,6167305;-48,6457265;"SPRF-SC";"DEL01-SC";"UOP01-DEL01-SC"
572545;2024-01-04;"quinta-feira";"10:10:00";"RS";293;12;"CAPAO DO LEAO";"Acessar a via sem observar a presença dos outros veículos";"Colisão lateral mesmo sentido";"Com Vítimas Feridas";"Pleno dia";"Crescente";"Nublado";"Simples";"Reta";"Não";2;0;1;0;1;0;1;2;-31,75636452;-52,44078991;"SPRF-RS";"DEL07-RS";"UOP01-DEL07-RS"
572546;2024-01-04;"quinta-feira";"08:40:00";"PA";230;117;"MARABA";"Ausência de reação do condutor";"Colisão transversal";"Com Vítimas Feridas";"Pleno dia";"Decrescente";"Céu Claro";"Dupla";"Não Informado";"Sim";3;0;1;1;1;0;2;2;-5,35569904;-49,09047302;"SPRF-PA";"DEL03-PA";"UOP01-DEL03-PA"
572550;2024-01-04;"quinta-feira";"10:30:00";"PR";163;213,4;"CASCAVEL";"Velocidade Incompatível";"Colisão traseira";"Com Vítimas Feridas";"Pleno dia";"Crescente";"Sol";"Dupla";"Reta";"Não";3;0;1;0;2;0;1;2;-24,89323756;-53,5432937;"SPRF-PR";"DEL04-PR";"UOP01-DEL04-PR"
572553;2024-01-04;"quinta-feira";"10:40:00";"CE";20;189,5;"BOA VIAGEM";"Reação tardia ou ineficiente do condutor";"Saída de leito carroçável";"Com Vítimas Feridas";"Pleno dia";"Crescente";"Céu Claro";"Simples";"Não Informado";"Não";4;0;2;2;0;0;4;1;-5,21919537;-39,80596861;"SPRF-CE";"DEL02-CE";"UOP02-DEL02-CE"
572556;2024-01-04;"quinta-feira";"10:40:00";"SC";101;144,3;"ITAPEMA";"Trafegar com motocicleta (ou similar) entre as faixas";"Colisão lateral mesmo sentido";"Com Vítimas Feridas";"Pleno dia";"Decrescente";"Céu Claro";"Dupla";"Reta";"Sim";4;0;1;1;2;0;2;2;-27,0732659;-48,59672716;"SPRF-SC";"DEL04-SC";"UOP03-DEL04-SC"
572557;2024-01-04;"quinta-feira";"11:40:00";"PR";376;623;"SAO JOSE DOS PINHAIS";"Ausência de reação do condutor";"Saída de leito carroçável";"Com Vítimas Feridas";"Pleno dia";"Decrescente";"Nublado";"Dupla";"Reta";"Não";2;0;2;0;0;0;2;1;-25,63462416;-49,16182135;"SPRF-PR";"DEL01-PR";"UOP04-DEL01-PR"