"id";"data_inversa";"dia_semana";"horario";"uf";"br";"km";"municipio";"causa_acidente";"tipo_acidente";"classificacao_acidente";"fase_dia";"sentido_via";"condicao_metereologica";"tipo_pista";"tracado_via";"uso_solo";"pessoas";"mortos";"feridos_leves";"feridos_graves";"ilesos";"ignorados";"feridos";"veiculos";"latitude";"longitude";"regional";"delegacia";"uop"
572922;2024-01-06;"sábado";"11:30:00";"BA";101;747,5;"ITABELA";"Condutor deixou de manter distância do veículo da frente";"Colisão traseira";"Com Vítimas Feridas";"Pleno dia";"Crescente";"Nublado";"Simples";"Não Informado";"Não";3;0;1;0;2;0;1;2;-16,589352;-39,554658;"SPRF-BA";"DEL09-BA";"UOP01-DEL09-BA"
572923;2024-01-06;"sábado";"11:30:00";"SE";235;11;"NOSSA SENHORA DO SOCORRO";"Manobra de mudança de faixa";"Colisão transversal";"Com Vítimas Feridas";"Pleno dia";"Crescente";"Céu Claro";"Simples";"Reta";"Não";4;0;3;0;1;0;3;2;-10,877883;-37,156052;"SPRF-SE";"DEL01-SE";"UOP01-DEL01-SE"
572924;2024-01-06;"sábado";"10:59:00";"MS";163;725;"COXIM";"Condutor Dormindo";"Saída de leito carroçável";"Com Vítimas Feridas";"Pleno dia";"Crescente";"Céu Claro";"Simples";"Reta";"Sim";4;0;1;0;3;0;1;1;-18,55245685;-54,75080527;"SPRF-MS";"DEL06-MS";"UOP01-DEL06-MS"
572926;2024-01-06;"sábado";"10:30:00";"RJ";493;20,5;"MAGE";"Acesso irregular";"Colisão transversal";"Com Vítimas Feridas";"Pleno dia";"Decrescente";"Sol";"Simples";"Curva";"Não";2;0;1;0;1;0;1;2;-22,66364;-43,036495;"SPRF-RJ";"DEL04-RJ";"UOP02-DEL04-RJ"
572927;2024-01-06;"sábado";"12:20:00";"RS";386;342;"LAJEADO";"Ausência de reação do condutor";"Colisão com objeto";"Sem Vítimas";"Pleno dia";"Crescente";"Céu Claro";"Simples";"Reta";"Sim";2;0;0;0;2;0;0;1;-29,431631;-52,011932;"SPRF-RS";"DEL04-RS";"UOP01-DEL04-RS"
572929;2024-01-06;"sábado";"11:30:00";"PR";116;152;"MANDIRITUBA";"Acessar a via sem observar a presença dos outros veículos";"Colisão transversal";"Com Vítimas Feridas";"Pleno dia";"Crescente";"Nublado";"Dupla";"Rotatória";"Não";5;0;1;0;4;0;1;2;-25,861982;-49,362068;"SPRF-PR";"DEL01-PR";"UOP03-DEL01-PR"
572930;2024-01-06;"sábado";"12:00:00";"SP";381;12;"BRAGANCA PAULISTA";"Condutor deixou de manter distância do veículo da frente";"Colisão traseira";"Com Vítimas Feridas";"Pleno dia";"Crescente";"Céu Claro";"Dupla";"Não Informado";"Não";3;0;1;0;2;0;1;2;-22,92855105;-46,46168398;"SPRF-SP";"DEL03-SP";"UOP02-DEL03-SP"
572931;2024-01-06;"sábado";"12:20:00";"PB";230;142;"CAMPINA GRANDE";"Mal súbito do condutor";"Queda de ocupante de veículo";"Com Vítimas Feridas";"Pleno dia";"Decrescente";"Céu Claro";"Dupla";"Reta";"Não";1;0;1;0;0;0;1;1;-7,2573;-35,8131;"SPRF-PB";"DEL02-PB";"UOP01-DEL02-PB"
572932;2024-01-06;"sábado";"09:40:00";"RJ";101;495;"ANGRA DOS REIS";"Acumulo de areia ou detritos sobre o pavimento";"Colisão lateral sentido oposto";"Com Vítimas Feridas";"Pleno dia";"Crescente";"Céu Claro";"Simples";"Curva";"Não";3;0;1;0;2;0;1;2;-22,93180313;-44,32178488;"SPRF-RJ";"DEL03-RJ";"UOP03-DEL03-RJ"
572933;2024-01-06;"sábado";"07:30:00";"RJ";101;554;"PARATY";"Conversão proibida";"Colisão transversal";"Com Vítimas Feridas";"Pleno dia";"Decrescente";"Nublado";"Simples";"Curva";"Não";4;0;0;2;2;0;2;2;-23,06778628;-44,69358474;"SPRF-RJ";"DEL03-RJ";"UOP04-DEL03-RJ"
572934;2024-01-06;"sábado";"12:30:00";"BA";101;372;"GANDU";"Velocidade Incompatível";"Saída de leito carroçável";"Com Vítimas Feridas";"Pleno dia";"Decrescente";"Céu Claro";"Simples";"Curva";"Não";2;0;2;0;0;0;2;1;-13,79651912;-39,49564241;"SPRF-BA";"DEL05-BA";"UOP03-DEL05-BA"
572935;2024-01-06;"sábado";"09:45:00";"PE";101;55,2;"PAULISTA";"Condutor deixou de manter distância do veículo da frente";"Colisão traseira";"Com Vítimas Feridas";"Pleno dia";"Crescente";"Sol";"Múltipla";"Reta";"Não";2;0;1;0;1;0;1;2;-7,94806621;-34,9062148;"SPRF-PE";"DEL01-PE";"UOP02-DEL01-PE"
572937;2024-01-06;"sábado";"09:00:00";"MG";381;236,2;"SANTANA DO PARAISO";"Ausência de reação do condutor";"Saída de leito carroçável";"Com Vítimas Feridas";"Pleno dia";"Decrescente";"Nublado";"Simples";"Não Informado";"Não";2;0;2;0;0;0;2;1;-19,38800792;-42,47616714;"SPRF-MG";"DEL06-MG";"UOP01-DEL06-MG"
572940;2024-01-06;"sábado";"12:45:00";"GO";60;172,5;"ABADIA DE GOIAS";"Animais na Pista";"Atropelamento de Animal";"Com Vítimas Feridas";"Pleno dia";"Decrescente";"Sol";"Dupla";"Desvio Temporário";"Não";1;0;1;0;0;0;1;1;-16,738;-49,4076;"SPRF-GO";"DEL01-GO";"UOP02-DEL01-GO"
572941;2024-01-06;"sábado";"11:10:00";"MG";40;678,1;"CARANDAI";"Condutor Dormindo";"Colisão frontal";"Com Vítimas Feridas";"Pleno dia";"Decrescente";"Nublado";"Simples";"Curva";"Não";2;0;2;0;0;0;2;2;-21,03626477;-43,77169538;"SPRF-MG";"DEL05-MG";"UOP02-DEL05-MG"
572942;2024-01-06;"sábado";"09:35:00";"RS";285;100;"MONTE ALEGRE DOS CAMPOS";"Ausência de reação do condutor";"Saída de leito carroçável";"Com Vítimas Feridas";"Pleno dia";"Decrescente";"Céu Claro";"Simples";"Curva";"Não";2;0;2;0;0;0;2;1;-28,578039;-50,774544;"SPRF-RS";"DEL05-RS";"UOP03-DEL05-RS"
572943;2024-01-06;"sábado";"13:00:00";"GO";70;8;"AGUAS LINDAS DE GOIAS";"Condutor deixou de manter distância do veículo da frente";"Colisão traseira";"Com Vítimas Feridas";"Pleno dia";"Crescente";"Céu Claro";"Dupla";"Reta";"Sim";4;0;0;2;2;0;2;2;-15,73733681;-48,27407468;"SPRF-DF";"DEL03-DF";"UOP02-DEL03-DF"
572944;2024-01-06;"sábado";"10:50:00";"SC";280;110;"SAO BENTO DO SUL";"Chuva";"Saída de leito carroçável";"Com Vítimas Feridas";"Pleno dia";"Crescente";"Céu Claro";"Simples";"Curva";"Não";3;0;2;0;1;0;2;1;-26,32140672;-49,38932175;"SPRF-SC";"DEL06-SC";"UOP03-DEL06-SC"
572946;2024-01-06;"sábado";"13:20:00";"GO";40;4,7;"VALPARAISO DE GOIAS";"Condutor deixou de manter distância do veículo da frente";"Colisão traseira";"Com Vítimas Feridas";"Pleno dia";"Crescente";"Nublado";"Dupla";"Reta";"Sim";2;0;1;0;1;0;1;2;-16,085241;-47,986752;"SPRF-DF";"DEL01-DF";"UOP01-DEL01-DF"
572948;2024-01-06;"sábado";"12:50:00";"RN";405;3,2;"MOSSORO";"Velocidade Incompatível";"Colisão lateral mesmo sentido";"Com Vítimas Feridas";"Pleno dia";"Crescente";"Céu Claro";"Simples";"Não Informado";"Sim";3;0;1;0;0;2;1;2;-5,19386547;-37,38052995;"SPRF-RN";"DEL04-RN";"UOP02-DEL04-RN"
572950;2024-01-06;"sábado";"13:50:00";"SP";116;51;"LORENA";"Reação tardia ou ineficiente do condutor";"Colisão traseira";"Com Vítimas Feridas";"Pleno dia";"Crescente";"Céu Claro";"Dupla";"Retorno Regulamentado";"Sim";3;0;0;1;1;1;1;3;-22,74157511;-45,09206392;"SPRF-SP";"DEL08-SP";"UOP02-DEL08-SP"
572951;2024-01-06;"sábado";"14:15:00";"MG";381;355;"JOAO MONLEVADE";"Afundamento ou ondulação no pavimento";"Tombamento";"Com Vítimas Feridas";"Pleno dia";"Decrescente";"Céu Claro";"Simples";"Reta";"Sim";1;0;1;0;0;0;1;1;-19,84112398;-43,199388;"SPRF-MG";"DEL03-MG";"UOP01-DEL03-MG"
572952;2024-01-06;"sábado";"12:15:00";"CE";230;106;"VARZEA ALEGRE";"Acessar a via sem observar a presença dos outros veículos";"Colisão transversal";"Com Vítimas Feridas";"Pleno dia";"Crescente";"Céu Claro";"Simples";"Não Informado";"Não";3;0;0;1;2;0;1;2;-6,87469932;-39,50490286;"SPRF-CE";"DEL05-CE";"UOP01-DEL05-CE"
572953;2024-01-06;"sábado";"14:00:00";"MG";381;849,2;"POUSO ALEGRE";"Ausência de reação do condutor";"Colisão com objeto";"Com Vítimas Feridas";"Pleno dia";"Crescente";"Céu Claro";"Dupla";"Reta";"Não";2;0;1;0;1;0;1;1;-22,26991499;-45,89241402;"SPRF-MG";"DEL16-MG";"UOP01-DEL16-MG"
572956;2024-01-06;"sábado";"09:10:00";"PI";343;637;"FLORIANO";"Reação tardia ou ineficiente do condutor";"Saída de leito carroçável";"Com Vítimas Feridas";"Pleno dia";"Crescente";"Céu Claro";"Simples";"Reta";"Não";2;0;0;1;1;0;1;1;-7,011704;-43,346176;"SPRF-PI";"DEL03-PI";"UOP01-DEL03-PI"
572957;2024-01-06;"sábado";"14:10:00";"BA";324;622,5;"SALVADOR";"Entrada inopinada do pedestre";"Atropelamento de Pedestre";"Com Vítimas Feridas";"Pleno dia";"Decrescente";"Sol";"Dupla";"Reta";"Sim";2;0;1;0;1;0;1;2;-12,91888605;-38,46502095;"SPRF-BA";"DEL01-BA";"UOP01-DEL01-BA"
572959;2024-01-06;"sábado";"14:55:00";"MG";365;19;"UBERLANDIA";"Chuva";"Colisão com objeto";"Com Vítimas Feridas";"Pleno dia";"Crescente";"Chuva";"Dupla";"Reta";"Não";1;0;1;0;0;0;1;1;-18,936936;-48,208926;"SPRF-MG";"DEL12-MG";"UOP01-DEL12-MG"
572961;2024-01-06;"sábado";"15:00:00";"MA";135;10,9;"SAO LUIS";"Acessar a via sem observar a presença dos outros veículos";"Colisão transversal";"Com Vítimas Feridas";"Pleno dia";"Decrescente";"Nublado";"Dupla";"Não Informado";"Sim";2;0;1;0;1;0;1;2;-2,664589;-44,286497;"SPRF-MA";"DEL01-MA";"UOP01-DEL01-MA"
572963;2024-01-06;"sábado";"15:10:00";"MG";262;37;"MANHUACU";"Manobra de mudança de faixa";"Colisão lateral mesmo sentido";"Sem Vítimas";"Pleno dia";"Decrescente";"Nublado";"Simples";"Reta";"Sim";2;0;0;0;2;0;0;2;-20,25748975;-42,03048732;"SPRF-MG";"DEL06-MG";"UOP03-DEL06-MG"
572964;2024-01-06;"sábado";"08:30:00";"SC";282;494,1;"XANXERE";"Transitar na contramão";"Colisão frontal";"Com Vítimas Fatais";"Pleno dia";"Crescente";"Céu Claro";"Simples";"Não Informado";"Não";9;2;1;6;0;0;7;2;-26,86929782;-52,3128801;"SPRF-SC";"DEL07-SC";"UOP01-DEL07-SC"
572965;2024-01-06;"sábado";"15:45:00";"PB";101;115;"PEDRAS DE FOGO";"Transitar na contramão";"Colisão frontal";"Com Vítimas Feridas";"Pleno dia";"Decrescente";"Céu Claro";"Dupla";"Reta";"Sim";3;0;2;0;1;0;2;2;-7,396321;-34,95577703;"SPRF-PB";"DEL01-PB";"UOP02-DEL01-PB"
572967;2024-01-06;"sábado";"15:58:00";"SC";470;56,2;"BLUMENAU";"Retorno proibido";"Colisão traseira";"Com Vítimas Feridas";"Pleno dia";"Crescente";"Céu Claro";"Simples";"Desvio Temporário";"Sim";2;0;0;1;1;0;1;2;-26,87674;-49,127743;"SPRF-SC";"DEL04-SC";"UOP01-DEL04-SC"
572968;2024-01-06;"sábado";"11:35:00";"MT";70;503;"CUIABA";"Conversão proibida";"Colisão transversal";"Com Vítimas Feridas";"Pleno dia";"Decrescente";"Céu Claro";"Simples";"Reta";"Não";3;0;1;0;2;0;1;2;-15,67139089;-55,94815295;"SPRF-MT";"DEL01-MT";"UOP02-DEL01-MT"
572969;2024-01-06;"sábado";"15:45:00";"SP";381;32;"ATIBAIA";"Condutor deixou de manter distância do veículo da frente";"Engavetamento";"Com Vítimas Feridas";"Pleno dia";"Crescente";"Sol";"Dupla";"Reta";"Não";4;0;1;0;3;0;1;3;-23,06461405;-46,57048121;"SPRF-SP";"DEL03-SP";"UOP02-DEL03-SP"
572971;2024-01-06;"sábado";"16:00:00";"RS";116;224;"DOIS IRMAOS";"Velocidade Incompatível";"Colisão frontal";"Com Vítimas Feridas";"Pleno dia";"Crescente";"Céu Claro";"Simples";"Curva";"Não";3;0;1;1;1;0;2;2;-29,58975513;-51,10781795;"SPRF-RS";"DEL01-RS";"UOP02-DEL01-RS"
572974;2024-01-06;"sábado";"15:44:00";"DF";70;8,8;"BRASILIA";"Manobra de mudança de faixa";"Colisão lateral mesmo sentido";"Com Vítimas Feridas";"Pleno dia";"Crescente";"Nublado";"Dupla";"Reta";"Sim";3;0;2;1;0;0;3;2;-15,784966;-48,122108;"SPRF-DF";"DEL03-DF";"UOP02-DEL03-DF"
572975;2024-01-06;"sábado";"13:30:00";"PR";376;168,6;"MARINGA";"Reação tardia ou ineficiente do condutor";"Saída de leito carroçável";"Com Vítimas Feridas";"Pleno dia";"Crescente";"Céu Claro";"Dupla";"Reta";"Não";2;0;2;0;0;0;2;1;-23,409788;-51,987453;"SPRF-PR";"DEL09-PR";"UOP01-DEL09-PR"
572976;2024-01-06;"sábado";"16:10:00";"MG";50;63;"UBERLANDIA";"Velocidade Incompatível";"Colisão traseira";"Com Vítimas Feridas";"Pleno dia";"Decrescente";"Chuva";"Dupla";"Curva";"Não";4;0;3;0;1;0;3;2;-18,832105;-48,249361;"SPRF-MG";"DEL15-MG";"UOP02-DEL15-MG"
572977;2024-01-06;"sábado";"16:45:00";"GO";20;79,8;"VILA BOA";"Transitar na contramão";"Colisão frontal";"Com Vítimas Feridas";"Pleno dia";"Crescente";"Chuva";"Simples";"Reta";"Não";5;0;3;1;1;0;4;2;-15,097135;-47,110748;"SPRF-DF";"DEL02-DF";"UOP02-DEL02-DF"
572979;2024-01-06;"sábado";"16:45:00";"ES";101;267,9;"SERRA";"Ausência de reação do condutor";"Colisão transversal";"Com Vítimas Feridas";"Pleno dia";"Crescente";"Nublado";"Múltipla";"Interseção de vias";"Sim";2;0;1;0;1;0;1;2;-20,19930999;-40,26884609;"SPRF-ES";"DEL02-ES";"UOP01-DEL02-ES"
572980;2024-01-06;"sábado";"16:40:00";"SC";101;203;"SAO JOSE";"Mal súbito do condutor";"Colisão traseira";"Com Vítimas Feridas";"Pleno dia";"Decrescente";"Céu Claro";"Dupla";"Reta";"Sim";3;0;1;0;2;0;1;2;-27,5650044;-48,61460082;"SPRF-SC";"DEL01-SC";"UOP01-DEL01-SC"
572981;2024-01-06;"sábado";"16:30:00";"RS";116;216,1;"MORRO REUTER";"Reação tardia ou ineficiente do condutor";"Colisão lateral mesmo sentido";"Com Vítimas Feridas";"Pleno dia";"Decrescente";"Céu Claro";"Múltipla";"Reta";"Sim";4;0;0;1;3;0;1;2;-29,53755386;-51,07975245;"SPRF-RS";"DEL05-RS";"UOP02-DEL05-RS"
572982;2024-01-06;"sábado";"16:30:00";"MA";135;7;"SAO LUIS";"Acessar a via sem observar a presença dos outros veículos";"Colisão transversal";"Com Vítimas Feridas";"Pleno dia";"Crescente";"Céu Claro";"Dupla";"Retorno Regulamentado";"Sim";3;0;1;0;2;0;1;2;-2,63608835;-44,26848552;"SPRF-MA";"DEL01-MA";"UOP01-DEL01-MA"
572984;2024-01-06;"sábado";"16:40:00";"SP";101;40;"UBATUBA";"Reação tardia ou ineficiente do condutor";"Colisão traseira";"Sem Vítimas";"Pleno dia";"Crescente";"Céu Claro";"Simples";"Reta";"Sim";2;0;0;0;2;0;0;2;-23,41821571;-45,03929549;"SPRF-SP";"DEL06-SP";"UOP01-DEL06-SP"
572985;2024-01-06;"sábado";"15:30:00";"PR";369;178;"ARAPONGAS";"Transitar na contramão";"Colisão frontal";"Com Vítimas Feridas";"Pleno dia";"Decrescente";"Céu Claro";"Dupla";"Reta";"Sim";3;0;2;0;1;0;2;3;-23,35511455;-51,39255805;"SPRF-PR";"DEL07-PR";"UOP01-DEL07-PR"
572986;2024-01-06;"sábado";"16:32:00";"PA";10;323;"SAO MIGUEL DO GUAMA";"Transitar na contramão";"Colisão frontal";"Com Vítimas Feridas";"Anoitecer";"Crescente";"Céu Claro";"Simples";"Reta";"Não";2;0;0;1;1;0;1;2;-1,61088202;-47,48281005;"SPRF-PA";"DEL01-PA";"UOP02-DEL01-PA"
572987;2024-01-06;"sábado";"16:30:00";"SC";101;136;"BALNEARIO CAMBORIU";"Manobra de mudança de faixa";"Colisão lateral mesmo sentido";"Com Vítimas Feridas";"Pleno dia";"Crescente";"Nublado";"Múltipla";"Curva";"Sim";1;0;1;0;0;0;1;1;-27,008113;-48,617245;"SPRF-SC";"DEL04-SC";"UOP03-DEL04-SC"
572988;2024-01-06;"sábado";"16:45:00";"MG";50;59;"UBERLANDIA";"Ausência de reação do condutor";"Colisão traseira";"Com Vítimas Feridas";"Pleno dia";"Decrescente";"Chuva";"Dupla";"Desvio Temporário";"Não";6;0;2;0;3;1;2;3;-18,809104;-48,244005;"SPRF-MG";"DEL15-MG";"UOP02-DEL15-MG"
572991;2024-01-06;"sábado";"17:30:00";"GO";60;89,9;"ANAPOLIS";"Ingestão de álcool pelo condutor";"Colisão com objeto";"Com Vítimas Feridas";"Pleno dia";"Decrescente";"Céu Claro";"Dupla";"Interseção de vias";"Sim";1;0;1;0;0;0;1;1;-16,3367;-48,8957;"SPRF-GO";"DEL02-GO";"UOP01-DEL02-GO"
572992;2024-01-06;"sábado";"17:40:00";"CE";116;3;"FORTALEZA";"Acessar a via sem observar a presença dos outros veículos";"Colisão lateral mesmo sentido";"Com Vítimas Feridas";"Anoitecer";"Crescente";"Céu Claro";"Dupla";"Reta";"Sim";2;0;1;0;1;0;1;2;-3,77866493;-38,51490171;"SPRF-CE";"DEL01-CE";"UOP02-DEL01-CE"
572994;2024-01-06;"sábado";"17:46:00";"DF";20;22,4;"BRASILIA";"Acumulo de água sobre o pavimento";"Saída de leito carroçável";"Com Vítimas Feridas";"Anoitecer";"Decrescente";"Chuva";"Dupla";"Desvio Temporário";"Não";5;0;3;0;2;0;3;1;-15,59834;-47,676186;"SPRF-DF";"DEL02-DF";"UOP01-DEL02-DF"
572995;2024-01-06;"sábado";"17:20:00";"MG";365;626;"UBERLANDIA";"Velocidade Incompatível";"Colisão com objeto";"Com Vítimas Feridas";"Pleno dia";"Decrescente";"Chuva";"Dupla";"Curva";"Sim";1;0;1;0;0;0;1;1;-18,90659356;-48,33469405;"SPRF-MG";"DEL15-MG";"UOP01-DEL15-MG"
572996;2024-01-06;"sábado";"17:50:00";"SP";116;497,9;"CAJATI";"Reação tardia ou ineficiente do condutor";"Colisão lateral mesmo sentido";"Com Vítimas Feridas";"Anoitecer";"Crescente";"Céu Claro";"Dupla";"Não Informado";"Não";2;0;1;0;1;0;1;2;-24,77566399;-48,17082817;"SPRF-SP";"DEL05-SP";"UOP02-DEL05-SP"
572998;2024-01-06;"sábado";"17:45:00";"SC";101;133;"BALNEARIO CAMBORIU";"Transitar na contramão";"Colisão frontal";"Com Vítimas Feridas";"Pleno dia";"Decrescente";"Céu Claro";"Simples";"Reta";"Sim";2;0;0;1;1;0;1;2;-26,99936;-48,64609;"SPRF-SC";"DEL04-SC";"UOP03-DEL04-SC"
572999;2024-01-06;"sábado";"17:20:00";"RJ";393;171;"TRES RIOS";"Ultrapassagem Indevida";"Colisão lateral mesmo sentido";"Com Vítimas Feridas";"Pleno dia";"Crescente";"Céu Claro";"Simples";"Reta";"Não";2;0;1;0;1;0;1;2;-22,12300119;-43,16875093;"SPRF-RJ";"DEL05-RJ";"UOP03-DEL05-RJ"
573001;2024-01-06;"sábado";"18:30:00";"RS";290;26,8;"SANTO ANTONIO DA PATRULHA";"Demais falhas mecânicas ou elétricas";"Queda de ocupante de veículo";"Com Vítimas Feridas";"Anoitecer";"Decrescente";"Céu Claro";"Múltipla";"Reta";"Não";2;0;2;0;0;0;2;1;-29,8803182;-50,51108122;"SPRF-RS";"DEL03-RS";"UOP01-DEL03-RS"
573002;2024-01-06;"sábado";"18:00:00";"PE";101;75;"RECIFE";"Reação tardia ou ineficiente do condutor";"Engavetamento";"Sem Vítimas";"Plena Noite";"Decrescente";"Céu Claro";"Dupla";"Reta";"Sim";4;0;0;0;3;1;0;4;-8,115289;-34,944327;"SPRF-PE";"DEL01-PE";"UOP01-DEL01-PE"
573006;2024-01-06;"sábado";"19:21:00";"DF";20;21;"BRASILIA";"Chuva";"Colisão traseira";"Com Vítimas Feridas";"Plena Noite";"Crescente";"Chuva";"Dupla";"Reta";"Sim";5;0;2;0;3;0;2;2;-15,603384;-47,684692;"SPRF-DF";"DEL02-DF";"UOP01-DEL02-DF"
573007;2024-01-06;"sábado";"19:00:00";"SC";101;116,9;"ITAJAI";"Ausência de reação do condutor";"Tombamento";"Com Vítimas Feridas";"Plena Noite";"Decrescente";"Nublado";"Dupla";"Reta";"Não";1;0;0;1;0;0;1;1;-26,87905605;-48,72603512;"SPRF-SC";"DEL04-SC";"UOP04-DEL04-SC"
573011;2024-01-06;"sábado";"19:25:00";"PE";407;124;"PETROLINA";"Pedestre cruzava a pista fora da faixa";"Atropelamento de Pedestre";"Com Vítimas Feridas";"Plena Noite";"Decrescente";"Céu Claro";"Dupla";"Não Informado";"Sim";2;0;0;1;1;0;1;2;-9,36929881;-40,54137139;"SPRF-PE";"DEL06-PE";"UOP01-DEL06-PE"
573012;2024-01-06;"sábado";"20:10:00";"PI";316;313;"PICOS";"Ausência de reação do condutor";"Colisão transversal";"Sem Vítimas";"Plena Noite";"Decrescente";"Céu Claro";"Simples";"Reta";"Sim";1;0;0;0;1;0;0;1;-7,07959049;-41,44975182;"SPRF-PI";"DEL04-PI";"UOP01-DEL04-PI"
573013;2024-01-06;"sábado";"19:40:00";"PR";376;168,6;"MARINGA";"Velocidade Incompatível";"Capotamento";"Com Vítimas Feridas";"Plena Noite";"Crescente";"Céu Claro";"Dupla";"Não Informado";"Não";4;0;4;0;0;0;4;1;-23,409788;-51,987453;"SPRF-PR";"DEL09-PR";"UOP01-DEL09-PR"
573014;2024-01-06;"sábado";"19:45:00";"SC";282;16,3;"PALHOCA";"Acessar a via sem observar a presença dos outros veículos";"Colisão transversal";"Com Vítimas Feridas";"Plena Noite";"Decrescente";"Nublado";"Simples";"Não Informado";"Sim";2;0;1;0;1;0;1;2;-27,658611;-48,681847;"SPRF-SC";"DEL01-SC";"UOP02-DEL01-SC"
573015;2024-01-06;"sábado";"18:45:00";"RS";285;297,7;"PASSO FUNDO";"Acessar a via sem observar a presença dos outros veículos";"Colisão com objeto";"Sem Vítimas";"Pleno dia";"Decrescente";"Céu Claro";"Simples";"Interseção de vias";"Não";3;0;0;0;3;0;0;2;-28,235136;-52,413391;"SPRF-RS";"DEL08-RS";"UOP03-DEL08-RS"
573016;2024-01-06;"sábado";"18:30:00";"MA";135;111;"MIRANDA DO NORTE";"Manobra de mudança de faixa";"Colisão frontal";"Com Vítimas Feridas";"Anoitecer";"Crescente";"Ignorado";"Simples";"Não Informado";"Não";2;0;0;1;0;1;1;2;-3,44372711;-44,52377369;"SPRF-MA";"DEL01-MA";"UOP02-DEL01-MA"
573017;2024-01-06;"sábado";"20:20:00";"RJ";393;280;"BARRA DO PIRAI";"Acessar a via sem observar a presença dos outros veículos";"Colisão frontal";"Com Vítimas Feridas";"Plena Noite";"Crescente";"Céu Claro";"Simples";"Reta";"Sim";2;0;1;0;1;0;1;2;-22,47750785;-44,01954402;"SPRF-RJ";"DEL05-RJ";"UOP04-DEL05-RJ"
573018;2024-01-06;"sábado";"20:18:00";"MG";381;529;"BRUMADINHO";"Demais falhas mecânicas ou elétricas";"Incêndio";"Sem Vítimas";"Plena Noite";"Crescente";"Nublado";"Dupla";"Curva";"Não";1;0;0;0;1;0;0;1;-20,16619722;-44,36914378;"SPRF-MG";"DEL04-MG";"UOP03-DEL04-MG"
573019;2024-01-06;"sábado";"20:45:00";"RS";472;180,8;"SANTO CRISTO";"Ingestão de álcool pelo condutor";"Colisão frontal";"Com Vítimas Feridas";"Plena Noite";"Crescente";"Céu Claro";"Simples";"Não Informado";"Não";4;0;4;0;0;0;4;2;-27,838514;-54,566691;"SPRF-RS";"DEL10-RS";"UOP01-DEL10-RS"
573022;2024-01-06;"sábado";"19:45:00";"RJ";356;72;"ITALVA";"Mal súbito do condutor";"Queda de ocupante de veículo";"Com Vítimas Feridas";"Plena Noite";"Crescente";"Céu Claro";"Simples";"Reta";"Sim";1;0;0;1;0;0;1;1;-21,39690599;-41,69222213;"SPRF-RJ";"DEL08-RJ";"UOP03-DEL08-RJ"
573025;2024-01-06;"sábado";"21:00:00";"MG";381;488,5;"BETIM";"Demais falhas mecânicas ou elétricas";"Tombamento";"Com Vítimas Feridas";"Plena Noite";"Crescente";"Nublado";"Dupla";"Reta";"Não";2;0;2;0;0;0;2;1;-19,95626218;-44,12778068;"SPRF-MG";"DEL01-MG";"UOP03-DEL01-MG"
573026;2024-01-06;"sábado";"20:45:00";"PR";277;596;"CASCAVEL";"Acessar a via sem observar a presença dos outros veículos";"Colisão transversal";"Com Vítimas Feridas";"Plena Noite";"Crescente";"Céu Claro";"Simples";"Não Informado";"Sim";2;0;1;0;1;0;1;2;-24,98837665;-53,50778641;"SPRF-PR";"DEL04-PR";"UOP01-DEL04-PR"
573027;2024-01-06;"sábado";"18:25:00";"RO";364;424;"JARU";"Acessar a via sem observar a presença dos outros veículos";"Colisão lateral mesmo sentido";"Com Vítimas Feridas";"Anoitecer";"Crescente";"Céu Claro";"Simples";"Reta";"Sim";3;0;1;0;2;0;1;2;-10,44457274;-62,46568412;"SPRF-RO";"DEL03-RO";"UOP02-DEL03-RO"
573029;2024-01-06;"sábado";"21:00:00";"SC";101;210;"SAO JOSE";"Ausência de reação do condutor";"Tombamento";"Com Vítimas Feridas";"Plena Noite";"Decrescente";"Garoa/Chuvisco";"Múltipla";"Reta";"Sim";1;0;1;0;0;0;1;1;-27,6167305;-48,6457265;"SPRF-SC";"DEL01-SC";"UOP01-DEL01-SC"
573030;2024-01-06;"sábado";"21:10:00";"PA";230;647;"ALTAMIRA";"Iluminação deficiente";"Colisão traseira";"Com Vítimas Feridas";"Plena Noite";"Decrescente";"Céu Claro";"Simples";"Não Informado";"Sim";2;0;1;0;0;1;1;2;-3,22320618;-52,25794799;"SPRF-PA";"DEL04-PA";"UOP01-DEL04-PA"
573031;2024-01-06;"sábado";"19:10:00";"PR";163;8,7;"BARRACAO";"Condutor deixou de manter distância do veículo da frente";"Colisão traseira";"Sem Vítimas";"Pleno dia";"Crescente";"Sol";"Simples";"Reta";"Sim";2;0;0;0;2;0;0;2;-26,255687;-53,630241;"SPRF-PR";"DEL02-PR";"UOP02-DEL02-PR"
573033;2024-01-06;"sábado";"21:33:00";"RN";405;175,2;"JOSE DA PENHA";"Iluminação deficiente";"Atropelamento de Pedestre";"Com Vítimas Fatais";"Plena Noite";"Crescente";"Céu Claro";"Simples";"Reta";"Não";2;1;0;0;1;0;0;2;-6,3086345;-38,282516;"SPRF-RN";"DEL04-RN";"UOP02-DEL04-RN"
573034;2024-01-06;"sábado";"22:00:00";"RN";304;114,6;"ACU";"Animais na Pista";"Atropelamento de Animal";"Com Vítimas Feridas";"Plena Noite";"Crescente";"Céu Claro";"Simples";"Reta";"Não";3;0;1;2;0;0;3;3;-5,60985893;-36,90493696;"SPRF-RN";"DEL04-RN";"UOP01-DEL04-RN"