"id";"data_inversa";"dia_semana";"horario";"uf";"br";"km";"municipio";"causa_acidente";"tipo_acidente";"classificacao_acidente";"fase_dia";"sentido_via";"condicao_metereologica";"tipo_pista";"tracado_via";"uso_solo";"pessoas";"mortos";"feridos_leves";"feridos_graves";"ilesos";"ignorados";"feridos";"veiculos";"latitude";"longitude";"regional";"delegacia";"uop"
573236;2024-01-07;"domingo";"20:55:00";"SP";116;274;"TABOAO DA SERRA";"Acessar a via sem observar a presença dos outros veículos";"Colisão transversal";"Sem Vítimas";"Plena Noite";"Decrescente";"Céu Claro";"Dupla";"Reta";"Sim";3;0;0;0;3;0;0;3;-23,61822139;-46,80619955;"SPRF-SP";"DEL04-SP";"UOP01-DEL04-SP"
573237;2024-01-07;"domingo";"16:15:00";"RN";226;90,4;"TANGARA";"Condutor Dormindo";"Saída de leito carroçável";"Com Vítimas Feridas";"Pleno dia";"Decrescente";"Céu Claro";"Simples";"Reta";"Não";4;0;1;0;3;0;1;1;-6,23687003;-35,84452598;"SPRF-RN";"DEL03-RN";"UOP02-DEL03-RN"
573238;2024-01-07;"domingo";"20:30:00";"RS";386;9;"IRAI";"Pedestre cruzava a pista fora da faixa";"Atropelamento de Pedestre";"Com Vítimas Feridas";"Plena Noite";"Decrescente";"Céu Claro";"Simples";"Reta";"Não";3;0;1;0;2;0;1;2;-27,209459;-53,297165;"SPRF-RS";"DEL08-RS";"UOP02-DEL08-RS"
573239;2024-01-07;"domingo";"20:46:00";"MG";381;4;"BETIM";"Reação tardia ou ineficiente do condutor";"Colisão traseira";"Sem Vítimas";"Plena Noite";"Decrescente";"Garoa/Chuvisco";"Dupla";"Reta";"Sim";2;0;0;0;1;1;0;2;-19,96825;-44,198708;"SPRF-MG";"DEL01-MG";"UOP03-DEL01-MG"
573240;2024-01-07;"domingo";"21:00:00";"SC";101;157;"PORTO BELO";"Acessar a via sem observar a presença dos outros veículos";"Colisão transversal";"Com Vítimas Feridas";"Plena Noite";"Decrescente";"Nublado";"Dupla";"Retorno Regulamentado";"Não";5;0;3;1;1;0;4;2;-27,181625;-48,6121179;"SPRF-SC";"DEL04-SC";"UOP03-DEL04-SC"
573241;2024-01-07;"domingo";"17:30:00";"MG";365;427;"PATOS DE MINAS";"Chuva";"Colisão lateral sentido oposto";"Com Vítimas Feridas";"Pleno dia";"Crescente";"Chuva";"Simples";"Reta";"Não";9;0;8;0;1;0;8;3;-18,74966665;-46,6410042;"SPRF-MG";"DEL10-MG";"UOP01-DEL10-MG"
573242;2024-01-07;"domingo";"20:05:00";"RS";285;266,9;"MATO CASTELHANO";"Iluminação deficiente";"Colisão traseira";"Com Vítimas Feridas";"Plena Noite";"Decrescente";"Nublado";"Simples";"Reta";"Sim";5;0;3;1;1;0;4;2;-28,304386;-52,13625;"SPRF-RS";"DEL08-RS";"UOP03-DEL08-RS"
573243;2024-01-07;"domingo";"20:55:00";"SP";116;96;"PINDAMONHANGABA";"Reação tardia ou ineficiente do condutor";"Colisão traseira";"Com Vítimas Feridas";"Plena Noite";"Crescente";"Céu Claro";"Dupla";"Não Informado";"Não";3;0;1;0;2;0;1;2;-22,96945055;-45,43869623;"SPRF-SP";"DEL08-SP";"UOP01-DEL08-SP"
573244;2024-01-07;"domingo";"21:30:00";"MG";40;632,7;"CONSELHEIRO LAFAIETE";"Velocidade Incompatível";"Colisão lateral mesmo sentido";"Com Vítimas Feridas";"Plena Noite";"Crescente";"Nublado";"Simples";"Não Informado";"Sim";4;0;3;0;1;0;3;2;-20,68412561;-43,79334914;"SPRF-MG";"DEL05-MG";"UOP02-DEL05-MG"
573245;2024-01-07;"domingo";"21:10:00";"PR";277;613;"CEU AZUL";"Manobra de mudança de faixa";"Colisão lateral sentido oposto";"Com Vítimas Feridas";"Pleno dia";"Decrescente";"Céu Claro";"Simples";"Não Informado";"Não";5;0;2;1;1;1;3;3;-25,06149319;-53,64838088;"SPRF-PR";"DEL05-PR";"UOP02-DEL05-PR"
573246;2024-01-07;"domingo";"20:30:00";"RS";392;256;"CACAPAVA DO SUL";"Falta de elemento de contenção que evite a saída do leito carroçável";"Saída de leito carroçável";"Sem Vítimas";"Plena Noite";"Crescente";"Nublado";"Simples";"Não Informado";"Não";2;0;0;0;2;0;0;1;-30,50863104;-53,46943104;"SPRF-RS";"DEL09-RS";"UOP02-DEL09-RS"
573247;2024-01-07;"domingo";"17:55:00";"GO";60;224;"CEZARINA";"Pista esburacada";"Capotamento";"Com Vítimas Feridas";"Pleno dia";"Decrescente";"Nublado";"Dupla";"Reta";"Não";2;0;0;1;1;0;1;1;-17,0064;-49,7729;"SPRF-GO";"DEL01-GO";"UOP02-DEL01-GO"
573248;2024-01-07;"domingo";"20:35:00";"RS";386;70,5;"BOA VISTA DAS MISSOES";"Pista esburacada";"Queda de ocupante de veículo";"Com Vítimas Feridas";"Plena Noite";"Crescente";"Céu Claro";"Simples";"Reta";"Não";1;0;1;0;0;0;1;1;-27,668911;-53,31282;"SPRF-RS";"DEL08-RS";"UOP02-DEL08-RS"
573249;2024-01-07;"domingo";"21:10:00";"PR";116;85;"PIRAQUARA";"Pedestre andava na pista";"Atropelamento de Pedestre";"Com Vítimas Fatais";"Plena Noite";"Crescente";"Céu Claro";"Dupla";"Reta";"Não";3;1;0;0;2;0;0;2;-25,43036239;-49,08349472;"SPRF-PR";"DEL01-PR";"UOP07-DEL01-PR"
573250;2024-01-07;"domingo";"21:20:00";"RJ";356;184,4;"SAO JOAO DA BARRA";"Ultrapassagem Indevida";"Atropelamento de Pedestre";"Com Vítimas Feridas";"Plena Noite";"Decrescente";"Céu Claro";"Simples";"Reta";"Sim";2;0;0;1;0;1;1;2;-21,63571996;-41,04558102;"SPRF-RJ";"DEL08-RJ";"UOP02-DEL08-RJ"
573251;2024-01-07;"domingo";"20:20:00";"PR";376;176,3;"MARINGA";"Acessar a via sem observar a presença dos outros veículos";"Colisão lateral mesmo sentido";"Com Vítimas Feridas";"Plena Noite";"Crescente";"Nublado";"Múltipla";"Interseção de vias";"Sim";3;0;1;0;2;0;1;2;-23,41245324;-51,93245888;"SPRF-PR";"DEL09-PR";"UOP01-DEL09-PR"
573252;2024-01-07;"domingo";"17:40:00";"MG";40;588;"ITABIRITO";"Demais falhas mecânicas ou elétricas";"Incêndio";"Sem Vítimas";"Anoitecer";"Decrescente";"Céu Claro";"Simples";"Não Informado";"Não";6;0;0;0;6;0;0;1;-20,35149094;-43,91313094;"SPRF-MG";"DEL01-MG";"UOP02-DEL01-MG"
573253;2024-01-07;"domingo";"22:00:00";"ES";101;145,5;"LINHARES";"Animais na Pista";"Tombamento";"Com Vítimas Feridas";"Plena Noite";"Crescente";"Nublado";"Simples";"Reta";"Sim";3;0;2;0;0;1;2;2;-19,36089598;-40,06464018;"SPRF-ES";"DEL04-ES";"UOP01-DEL04-ES"
573254;2024-01-07;"domingo";"22:45:00";"RS";386;342,4;"LAJEADO";"Ingestão de álcool pelo condutor";"Tombamento";"Com Vítimas Feridas";"Plena Noite";"Crescente";"Nublado";"Simples";"Não Informado";"Não";1;0;1;0;0;0;1;1;-29,43379336;-52,00809717;"SPRF-RS";"DEL04-RS";"UOP01-DEL04-RS"
573255;2024-01-07;"domingo";"23:00:00";"AP";210;9;"MACAPA";"Ausência de reação do condutor";"Colisão com objeto";"Sem Vítimas";"Plena Noite";"Decrescente";"Céu Claro";"Simples";"Curva";"Não";1;0;0;0;0;1;0;1;0,11354905;-51,12709092;"SPRF-AP";"DEL01-AP";"UOP01-DEL01-AP"
573256;2024-01-07;"domingo";"21:30:00";"RJ";101;405;"ITAGUAI";"Demais falhas mecânicas ou elétricas";"Queda de ocupante de veículo";"Com Vítimas Feridas";"Plena Noite";"Decrescente";"Céu Claro";"Dupla";"Reta";"Sim";1;0;1;0;0;0;1;1;-22,867606;-43,802743;"SPRF-RJ";"DEL03-RJ";"UOP01-DEL03-RJ"
573257;2024-01-07;"domingo";"21:40:00";"SC";282;620,2;"IRACEMINHA";"Condutor Dormindo";"Colisão traseira";"Com Vítimas Feridas";"Plena Noite";"Decrescente";"Céu Claro";"Simples";"Não Informado";"Não";4;0;1;0;3;0;1;2;-26,80141261;-53,31023611;"SPRF-SC";"DEL07-SC";"UOP02-DEL07-SC"
573259;2024-01-07;"domingo";"22:10:00";"PR";277;4;"FOZ DO IGUACU";"Ingestão de álcool pelo condutor";"Colisão transversal";"Sem Vítimas";"Plena Noite";"Decrescente";"Céu Claro";"Dupla";"Não Informado";"Sim";2;0;0;0;2;0;0;2;-25,46912011;-54,58488464;"SPRF-PR";"DEL05-PR";"UOP03-DEL05-PR"
573260;2024-01-07;"domingo";"22:10:00";"RN";110;43,2;"MOSSORO";"Animais na Pista";"Atropelamento de Animal";"Com Vítimas Feridas";"Plena Noite";"Crescente";"Céu Claro";"Simples";"Reta";"Não";3;0;1;0;2;0;1;1;-5,18223639;-37,29640087;"SPRF-RN";"DEL04-RN";"UOP01-DEL04-RN"
573261;2024-01-07;"domingo";"23:15:00";"SC";101;218;"PALHOCA";"Transitar na contramão";"Colisão frontal";"Com Vítimas Feridas";"Plena Noite";"Decrescente";"Céu Claro";"Múltipla";"Reta";"Sim";2;0;1;1;0;0;2;2;-27,6758601;-48,67052525;"SPRF-SC";"DEL01-SC";"UOP02-DEL01-SC"
573262;2024-01-07;"domingo";"22:40:00";"SP";116;281,3;"EMBU DAS ARTES";"Pedestre andava na pista";"Atropelamento de Pedestre";"Com Vítimas Feridas";"Plena Noite";"Decrescente";"Céu Claro";"Dupla";"Reta";"Sim";2;0;1;0;1;0;1;2;-23,67784787;-46,85769227;"SPRF-SP";"DEL04-SP";"UOP01-DEL04-SP"
573264;2024-01-07;"domingo";"22:30:00";"MG";50;51;"ARAGUARI";"Ingestão de álcool pelo condutor";"Tombamento";"Sem Vítimas";"Plena Noite";"Crescente";"Céu Claro";"Dupla";"Reta";"Não";1;0;0;0;1;0;0;1;-18,74433705;-48,2313459;"SPRF-MG";"DEL15-MG";"UOP02-DEL15-MG"
573265;2024-01-07;"domingo";"23:28:00";"CE";116;7;"FORTALEZA";"Transitar na contramão";"Colisão lateral sentido oposto";"Com Vítimas Feridas";"Plena Noite";"Crescente";"Céu Claro";"Simples";"Não Informado";"Sim";2;0;0;1;0;1;1;2;-3,81073099;-38,50074867;"SPRF-CE";"DEL01-CE";"UOP02-DEL01-CE"
573266;2024-01-07;"domingo";"20:45:00";"MG";50;60,7;"UBERLANDIA";"Ingestão de álcool pelo condutor";"Tombamento";"Com Vítimas Feridas";"Plena Noite";"Crescente";"Céu Claro";"Dupla";"Não Informado";"Não";1;0;1;0;0;0;1;1;-18,80909682;-48,24439716;"SPRF-MG";"DEL15-MG";"UOP02-DEL15-MG"
573267;2024-01-07;"domingo";"23:15:00";"RN";304;45,2;"MOSSORO";"Reação tardia ou ineficiente do condutor";"Colisão com objeto";"Sem Vítimas";"Plena Noite";"Decrescente";"Céu Claro";"Dupla";"Não Informado";"Sim";1;0;0;0;0;1;0;1;-5,2250698;-37,3490001;"SPRF-RN";"DEL04-RN";"UOP01-DEL04-RN"
573269;2024-01-07;"domingo";"23:00:00";"SP";459;29;"LORENA";"Reação tardia ou ineficiente do condutor";"Tombamento";"Com Vítimas Feridas";"Plena Noite";"Crescente";"Céu Claro";"Simples";"Reta";"Não";1;0;1;0;0;0;1;1;-22,717228;-45,108387;"SPRF-SP";"DEL08-SP";"UOP02-DEL08-SP"
573270;2024-01-07;"domingo";"22:40:00";"RS";101;71;"OSORIO";"Pedestre - Ingestão de álcool/ substâncias psicoativas";"Atropelamento de Pedestre";"Com Vítimas Fatais";"Plena Noite";"Crescente";"Céu Claro";"Dupla";"Reta";"Não";6;1;0;0;4;1;0;3;-29,759604;-50,21723;"SPRF-RS";"DEL03-RS";"UOP01-DEL03-RS"
573271;2024-01-07;"domingo";"20:00:00";"MA";10;364;"ITINGA DO MARANHAO";"Ingestão de álcool pelo condutor";"Colisão lateral sentido oposto";"Sem Vítimas";"Plena Noite";"Decrescente";"Chuva";"Simples";"Reta";"Não";2;0;0;0;2;0;0;2;-4,566338;-47,491867;"SPRF-MA";"DEL04-MA";"UOP03-DEL04-MA"
573272;2024-01-07;"domingo";"20:00:00";"RJ";40;68;"PETROPOLIS";"Reação tardia ou ineficiente do condutor";"Saída de leito carroçável";"Com Vítimas Feridas";"Plena Noite";"Decrescente";"Nublado";"Dupla";"Curva";"Não";1;0;1;0;0;0;1;1;-22,4381808;-43,18488009;"SPRF-RJ";"DEL05-RJ";"UOP02-DEL05-RJ"
573274;2024-01-07;"domingo";"22:30:00";"MG";381;751;"TRES CORACOES";"Ausência de reação do condutor";"Saída de leito carroçável";"Sem Vítimas";"Plena Noite";"Decrescente";"Nublado";"Dupla";"Reta";"Não";1;0;0;0;1;0;0;1;-21,66868652;-45,32558014;"SPRF-MG";"DEL16-MG";"UOP02-DEL16-MG"
573276;2024-01-08;"segunda-feira";"00:50:00";"TO";230;137,6;"ARAGUATINS";"Reação tardia ou ineficiente do condutor";"Colisão traseira";"Com Vítimas Feridas";"Plena Noite";"Crescente";"Garoa/Chuvisco";"Simples";"Reta";"Não";5;0;4;0;1;0;4;2;-5,736606;-48,088705;"SPRF-TO";"DEL02-TO";"UOP03-DEL02-TO"
573277;2024-01-07;"domingo";"23:30:00";"PE";423;84,9;"SAO JOAO";"Animais na Pista";"Atropelamento de Animal";"Com Vítimas Feridas";"Plena Noite";"Crescente";"Céu Claro";"Simples";"Reta";"Não";8;0;1;0;3;4;1;3;-8,798195;-36,43809;"SPRF-PE";"DEL03-PE";"UOP01-DEL03-PE"
573278;2024-01-07;"domingo";"21:00:00";"SP";459;28;"LORENA";"Reação tardia ou ineficiente do condutor";"Colisão traseira";"Com Vítimas Feridas";"Plena Noite";"Crescente";"Céu Claro";"Simples";"Reta";"Não";3;0;1;1;1;0;2;2;-22,709425;-45,113232;"SPRF-SP";"DEL08-SP";"UOP02-DEL08-SP"
573280;2024-01-08;"segunda-feira";"00:59:00";"GO";40;29,9;"LUZIANIA";"Ausência de reação do condutor";"Colisão com objeto";"Sem Vítimas";"Plena Noite";"Decrescente";"Céu Claro";"Dupla";"Curva";"Sim";1;0;0;0;1;0;0;1;-16,273718;-47,871456;"SPRF-DF";"DEL01-DF";"UOP01-DEL01-DF"
573281;2024-01-07;"domingo";"23:30:00";"PA";10;204;"IPIXUNA DO PARA";"Acostamento em desnível";"Saída de leito carroçável";"Com Vítimas Feridas";"Pleno dia";"Decrescente";"Céu Claro";"Simples";"Não Informado";"Não";2;0;1;1;0;0;2;1;-2,64533;-47,47846145;"SPRF-PA";"DEL02-PA";"UOP01-DEL02-PA"
573282;2024-01-08;"segunda-feira";"02:30:00";"RS";386;341;"LAJEADO";"Reação tardia ou ineficiente do condutor";"Saída de leito carroçável";"Sem Vítimas";"Plena Noite";"Decrescente";"Céu Claro";"Dupla";"Não Informado";"Não";1;0;0;0;0;1;0;1;-29,425882;-52,019684;"SPRF-RS";"DEL04-RS";"UOP01-DEL04-RS"
573283;2024-01-08;"segunda-feira";"02:50:00";"PE";101;129,1;"ESCADA";"Transitar no Acostamento";"Colisão com objeto";"Com Vítimas Fatais";"Plena Noite";"Crescente";"Céu Claro";"Dupla";"Curva";"Não";1;1;0;0;0;0;0;1;-8,38595;-35,250695;"SPRF-PE";"DEL01-PE";"UOP03-DEL01-PE"
573284;2024-01-08;"segunda-feira";"00:15:00";"SC";282;455,5;"PONTE SERRADA";"Ausência de reação do condutor";"Saída de leito carroçável";"Com Vítimas Feridas";"Plena Noite";"Decrescente";"Céu Claro";"Simples";"Reta";"Não";3;0;3;0;0;0;3;1;-26,888617;-51,99427;"SPRF-SC";"DEL07-SC";"UOP04-DEL07-SC"
573285;2024-01-08;"segunda-feira";"02:00:00";"DF";20;5;"BRASILIA";"Animais na Pista";"Atropelamento de Animal";"Sem Vítimas";"Plena Noite";"Crescente";"Nublado";"Dupla";"Não Informado";"Sim";15;0;0;0;15;0;0;1;-15,670546;-47,816044;"SPRF-DF";"DEL02-DF";"UOP01-DEL02-DF"
573286;2024-01-08;"segunda-feira";"01:45:00";"MT";163;728;"SORRISO";"Ingestão de álcool pelo condutor";"Saída de leito carroçável";"Sem Vítimas";"Plena Noite";"Decrescente";"Nublado";"Simples";"Reta";"Não";1;0;0;0;1;0;0;1;-12,85395281;-55,82996748;"SPRF-MT";"DEL06-MT";"UOP01-DEL06-MT"
573288;2024-01-08;"segunda-feira";"05:00:00";"MG";381;860,5;"POUSO ALEGRE";"Condutor Dormindo";"Saída de leito carroçável";"Com Vítimas Feridas";"Amanhecer";"Decrescente";"Céu Claro";"Dupla";"Curva";"Não";2;0;2;0;0;0;2;1;-22,32533297;-45,91080492;"SPRF-MG";"DEL16-MG";"UOP01-DEL16-MG"
573289;2024-01-08;"segunda-feira";"04:30:00";"MS";163;84,5;"ITAQUIRAI";"Reação tardia ou ineficiente do condutor";"Saída de leito carroçável";"Com Vítimas Feridas";"Pleno dia";"Crescente";"Céu Claro";"Simples";"Não Informado";"Não";2;0;2;0;0;0;2;1;-23,42380201;-54,20709108;"SPRF-MS";"DEL09-MS";"UOP01-DEL09-MS"
573290;2024-01-08;"segunda-feira";"05:45:00";"GO";60;169;"GOIANIA";"Ingestão de álcool pelo condutor";"Colisão traseira";"Com Vítimas Feridas";"Amanhecer";"Decrescente";"Céu Claro";"Dupla";"Não Informado";"Sim";2;0;0;1;1;0;1;2;-16,7269;-49,3822;"SPRF-GO";"DEL01-GO";"UOP02-DEL01-GO"
573291;2024-01-08;"segunda-feira";"05:30:00";"RJ";101;75;"CAMPOS DOS GOYTACAZES";"Demais falhas mecânicas ou elétricas";"Incêndio";"Sem Vítimas";"Pleno dia";"Crescente";"Céu Claro";"Simples";"Reta";"Não";1;0;0;0;1;0;0;1;-21,816525;-41,397686;"SPRF-RJ";"DEL08-RJ";"UOP02-DEL08-RJ"
573292;2024-01-08;"segunda-feira";"03:50:00";"GO";20;56,6;"FORMOSA";"Entrada inopinada do pedestre";"Atropelamento de Pedestre";"Com Vítimas Fatais";"Plena Noite";"Decrescente";"Chuva";"Simples";"Não Informado";"Não";2;1;0;0;0;1;0;2;-15,280248;-47,154476;"SPRF-DF";"DEL02-DF";"UOP02-DEL02-DF"
573293;2024-01-08;"segunda-feira";"06:15:00";"SC";101;134;"BALNEARIO CAMBORIU";"Desrespeitar a preferência no cruzamento";"Colisão transversal";"Com Vítimas Feridas";"Pleno dia";"Crescente";"Céu Claro";"Múltipla";"Rotatória";"Sim";2;0;1;0;1;0;1;2;-27,00218;-48,636433;"SPRF-SC";"DEL04-SC";"UOP03-DEL04-SC"
573294;2024-01-08;"segunda-feira";"06:45:00";"SE";235;5;"NOSSA SENHORA DO SOCORRO";"Condutor deixou de manter distância do veículo da frente";"Colisão traseira";"Com Vítimas Feridas";"Pleno dia";"Decrescente";"Sol";"Dupla";"Reta";"Sim";3;0;1;0;2;0;1;2;-10,9041;-37,1278;"SPRF-SE";"DEL01-SE";"UOP01-DEL01-SE"
573295;2024-01-07;"domingo";"16:30:00";"RJ";116;67;"TERESOPOLIS";"Condutor Dormindo";"Saída de leito carroçável";"Com Vítimas Feridas";"Pleno dia";"Crescente";"Nublado";"Simples";"Curva";"Não";2;0;1;0;1;0;1;1;-22,29371693;-42,93354335;"SPRF-RJ";"DEL04-RJ";"UOP01-DEL04-RJ"
573296;2024-01-08;"segunda-feira";"07:00:00";"SC";101;137;"BALNEARIO CAMBORIU";"Condutor deixou de manter distância do veículo da frente";"Colisão traseira";"Com Vítimas Feridas";"Pleno dia";"Decrescente";"Céu Claro";"Dupla";"Reta";"Sim";2;0;1;0;1;0;1;2;-27,0157238;-48,61192763;"SPRF-SC";"DEL04-SC";"UOP03-DEL04-SC"
573297;2024-01-08;"segunda-feira";"06:30:00";"DF";40;4,8;"BRASILIA";"Reação tardia ou ineficiente do condutor";"Queda de ocupante de veículo";"Com Vítimas Feridas";"Pleno dia";"Decrescente";"Nublado";"Dupla";"Reta";"Sim";2;0;1;0;0;1;1;2;-16,012033;-47,982124;"SPRF-DF";"DEL01-DF";"UOP01-DEL01-DF"
573298;2024-01-08;"segunda-feira";"07:10:00";"DF";20;6,5;"BRASILIA";"Chuva";"Tombamento";"Com Vítimas Feridas";"Pleno dia";"Decrescente";"Garoa/Chuvisco";"Dupla";"Desvio Temporário";"Sim";1;0;1;0;0;0;1;1;-15,665888;-47,808308;"SPRF-DF";"DEL02-DF";"UOP01-DEL02-DF"
573300;2024-01-08;"segunda-feira";"07:15:00";"MG";50;21;"UBERLANDIA";"Condutor deixou de manter distância do veículo da frente";"Tombamento";"Com Vítimas Feridas";"Pleno dia";"Crescente";"Céu Claro";"Simples";"Curva";"Sim";1;0;1;0;0;0;1;1;-18,9113;-48,2622;"SPRF-MG";"DEL15-MG";"UOP01-DEL15-MG"
573301;2024-01-08;"segunda-feira";"06:30:00";"ES";101;271,3;"SERRA";"Trafegar com motocicleta (ou similar) entre as faixas";"Tombamento";"Com Vítimas Feridas";"Pleno dia";"Decrescente";"Céu Claro";"Múltipla";"Reta";"Sim";2;0;0;2;0;0;2;1;-20,2306061;-40,2800467;"SPRF-ES";"DEL02-ES";"UOP01-DEL02-ES"
573302;2024-01-08;"segunda-feira";"06:35:00";"RN";406;162;"SAO GONCALO DO AMARANTE";"Ausência de reação do condutor";"Colisão traseira";"Com Vítimas Feridas";"Pleno dia";"Crescente";"Céu Claro";"Simples";"Reta";"Não";2;0;1;0;1;0;1;2;-5,7280941;-35,36099113;"SPRF-RN";"DEL02-RN";"UOP01-DEL02-RN"
573303;2024-01-08;"segunda-feira";"07:40:00";"SC";101;50;"JOINVILLE";"Condutor deixou de manter distância do veículo da frente";"Engavetamento";"Com Vítimas Feridas";"Pleno dia";"Decrescente";"Nublado";"Dupla";"Reta";"Não";6;0;3;0;3;0;3;4;-26,389594;-48,840036;"SPRF-SC";"DEL03-SC";"UOP01-DEL03-SC"
573304;2024-01-08;"segunda-feira";"07:25:00";"PB";230;8,8;"CABEDELO";"Condutor deixou de manter distância do veículo da frente";"Colisão traseira";"Com Vítimas Feridas";"Pleno dia";"Decrescente";"Céu Claro";"Dupla";"Reta";"Sim";5;0;3;1;0;1;4;4;-7,0355;-34,8429;"SPRF-PB";"DEL01-PB";"UOP01-DEL01-PB"
573305;2024-01-08;"segunda-feira";"08:00:00";"MG";116;705,9;"MURIAE";"Demais falhas mecânicas ou elétricas";"Queda de ocupante de veículo";"Com Vítimas Feridas";"Pleno dia";"Crescente";"Céu Claro";"Simples";"Curva";"Sim";1;0;1;0;0;0;1;1;-21,149356;-42,383094;"SPRF-MG";"DEL07-MG";"UOP02-DEL07-MG"
573307;2024-01-08;"segunda-feira";"08:00:00";"SP";116;144;"SAO JOSE DOS CAMPOS";"Reação tardia ou ineficiente do condutor";"Colisão traseira";"Com Vítimas Feridas";"Pleno dia";"Crescente";"Céu Claro";"Múltipla";"Reta";"Sim";6;0;2;0;4;0;2;2;-23,18274416;-45,84633592;"SPRF-SP";"DEL02-SP";"UOP01-DEL02-SP"
573308;2024-01-08;"segunda-feira";"07:50:00";"RS";116;266;"CANOAS";"Ausência de reação do condutor";"Colisão traseira";"Com Vítimas Feridas";"Pleno dia";"Decrescente";"Céu Claro";"Dupla";"Reta";"Sim";1;0;1;0;0;0;1;1;-29,93242399;-51,17742077;"SPRF-RS";"DEL01-RS";"UOP01-DEL01-RS"
573310;2024-01-08;"segunda-feira";"08:00:00";"SC";280;51;"GUARAMIRIM";"Acessar a via sem observar a presença dos outros veículos";"Colisão transversal";"Com Vítimas Feridas";"Pleno dia";"Decrescente";"Céu Claro";"Dupla";"Retorno Regulamentado";"Sim";2;0;0;1;1;0;1;2;-26,46538871;-48,95544449;"SPRF-SC";"DEL03-SC";"UOP03-DEL03-SC"
573312;2024-01-08;"segunda-feira";"08:00:00";"BA";101;876;"TEIXEIRA DE FREITAS";"Acessar a via sem observar a presença dos outros veículos";"Colisão transversal";"Com Vítimas Feridas";"Pleno dia";"Decrescente";"Céu Claro";"Simples";"Interseção de vias";"Sim";3;0;1;2;0;0;3;2;-17,55500924;-39,72106934;"SPRF-BA";"DEL09-BA";"UOP02-DEL09-BA"
573314;2024-01-08;"segunda-feira";"07:50:00";"RJ";101;319;"NITEROI";"Trafegar com motocicleta (ou similar) entre as faixas";"Colisão traseira";"Com Vítimas Feridas";"Pleno dia";"Crescente";"Céu Claro";"Dupla";"Curva";"Sim";3;0;1;0;2;0;1;2;-22,85411774;-43,1018014;"SPRF-RJ";"DEL02-RJ";"UOP02-DEL02-RJ"
573315;2024-01-08;"segunda-feira";"08:01:00";"RS";293;2;"CAPAO DO LEAO";"Acessar a via sem observar a presença dos outros veículos";"Colisão transversal";"Com Vítimas Feridas";"Pleno dia";"Crescente";"Céu Claro";"Simples";"Rotatória";"Sim";3;0;2;0;1;0;2;2;-31,76298328;-52,41851807;"SPRF-RS";"DEL07-RS";"UOP01-DEL07-RS"
573318;2024-01-08;"segunda-feira";"09:00:00";"PE";428;187,9;"PETROLINA";"Desrespeitar a preferência no cruzamento";"Colisão lateral mesmo sentido";"Com Vítimas Feridas";"Pleno dia";"Crescente";"Céu Claro";"Simples";"Não Informado";"Sim";2;0;1;0;1;0;1;2;-9,35604301;-40,47854198;"SPRF-PE";"DEL06-PE";"UOP01-DEL06-PE"
573319;2024-01-08;"segunda-feira";"09:00:00";"RJ";101;294;"ITABORAI";"Condutor deixou de manter distância do veículo da frente";"Colisão traseira";"Com Vítimas Feridas";"Pleno dia";"Decrescente";"Sol";"Dupla";"Reta";"Sim";3;0;1;0;2;0;1;2;-22,7584434;-42,89502344;"SPRF-RJ";"DEL02-RJ";"UOP02-DEL02-RJ"
573321;2024-01-08;"segunda-feira";"05:05:00";"PI";316;154,5;"ELESBAO VELOSO";"Transitar na contramão";"Colisão frontal";"Com Vítimas Fatais";"Amanhecer";"Decrescente";"Nublado";"Simples";"Reta";"Não";4;1;0;0;3;0;0;2;-6,16786899;-42,12577889;"SPRF-PI";"DEL04-PI";"UOP02-DEL04-PI"
573322;2024-01-08;"segunda-feira";"08:30:00";"SC";280;28,9;"ARAQUARI";"Ausência de reação do condutor";"Queda de ocupante de veículo";"Com Vítimas Feridas";"Pleno dia";"Decrescente";"Céu Claro";"Simples";"Reta";"Não";1;0;1;0;0;0;1;1;-26,40450077;-48,74561031;"SPRF-SC";"DEL03-SC";"UOP03-DEL03-SC"
573323;2024-01-08;"segunda-feira";"06:20:00";"PI";343;319,9;"ALTOS";"Acessar a via sem observar a presença dos outros veículos";"Colisão transversal";"Com Vítimas Feridas";"Pleno dia";"Decrescente";"Céu Claro";"Simples";"Reta";"Sim";5;0;2;2;1;0;4;4;-5,048245;-42,560604;"SPRF-PI";"DEL01-PI";"UOP01-DEL01-PI"
573324;2024-01-08;"segunda-feira";"08:00:00";"GO";60;334;"SANTO ANTONIO DA BARRA";"Ausência de reação do condutor";"Saída de leito carroçável";"Com Vítimas Feridas";"Pleno dia";"Crescente";"Céu Claro";"Dupla";"Reta";"Não";2;0;1;0;1;0;1;1;-17,5449;-50,5538;"SPRF-GO";"DEL04-GO";"UOP02-DEL04-GO"
573326;2024-01-08;"segunda-feira";"09:15:00";"MG";381;774;"CAMPANHA";"Objeto estático sobre o leito carroçável";"Colisão com objeto";"Com Vítimas Feridas";"Pleno dia";"Crescente";"Céu Claro";"Dupla";"Reta";"Não";2;0;0;1;1;0;1;1;-21,80533771;-45,47582709;"SPRF-MG";"DEL16-MG";"UOP02-DEL16-MG"