"id";"data_inversa";"dia_semana";"horario";"uf";"br";"km";"municipio";"causa_acidente";"tipo_acidente";"classificacao_acidente";"fase_dia";"sentido_via";"condicao_metereologica";"tipo_pista";"tracado_via";"uso_solo";"pessoas";"mortos";"feridos_leves";"feridos_graves";"ilesos";"ignorados";"feridos";"veiculos";"latitude";"longitude";"regional";"delegacia";"uop"
573327;2024-01-08;"segunda-feira";"09:35:00";"SC";101;23;"JOINVILLE";"Reação tardia ou ineficiente do condutor";"Colisão com objeto";"Com Vítimas Feridas";"Pleno dia";"Crescente";"Sol";"Dupla";"Reta";"Não";3;0;2;0;1;0;2;1;-26,16582501;-48,90742427;"SPRF-SC";"DEL03-SC";"UOP01-DEL03-SC"
573328;2024-01-08;"segunda-feira";"01:10:00";"RJ";40;112;"DUQUE DE CAXIAS";"Ausência de reação do condutor";"Queda de ocupante de veículo";"Com Vítimas Fatais";"Plena Noite";"Decrescente";"Céu Claro";"Múltipla";"Reta";"Sim";1;1;0;0;0;0;0;1;-22,7004454;-43,29014851;"SPRF-RJ";"DEL01-RJ";"UOP02-DEL01-RJ"
573333;2024-01-08;"segunda-feira";"11:00:00";"SP";116;227;"GUARULHOS";"Ausência de reação do condutor";"Colisão traseira";"Com Vítimas Feridas";"Pleno dia";"Decrescente";"Nublado";"Múltipla";"Reta";"Sim";2;0;1;0;1;0;1;2;-23,49659264;-46,55648754;"SPRF-SP";"DEL01-SP";"UOP01-DEL01-SP"
573334;2024-01-08;"segunda-feira";"08:10:00";"CE";116;3;"FORTALEZA";"Condutor deixou de manter distância do veículo da frente";"Colisão traseira";"Com Vítimas Feridas";"Pleno dia";"Crescente";"Sol";"Múltipla";"Reta";"Sim";2;0;1;0;1;0;1;2;-3,77866493;-38,51490171;"SPRF-CE";"DEL01-CE";"UOP02-DEL01-CE"
573338;2024-01-08;"segunda-feira";"07:35:00";"PR";369;148;"LONDRINA";"Demais falhas mecânicas ou elétricas";"Queda de ocupante de veículo";"Com Vítimas Feridas";"Pleno dia";"Decrescente";"Céu Claro";"Dupla";"Reta";"Não";1;0;1;0;0;0;1;1;-23,29310146;-51,14292383;"SPRF-PR";"DEL07-PR";"UOP01-DEL07-PR"
573340;2024-01-08;"segunda-feira";"11:30:00";"MA";222;666;"ACAILANDIA";"Acessar a via sem observar a presença dos outros veículos";"Atropelamento de Pedestre";"Com Vítimas Feridas";"Pleno dia";"Decrescente";"Céu Claro";"Simples";"Desvio Temporário";"Não";4;0;1;0;1;2;1;3;-4,89816069;-47,39197619;"SPRF-MA";"DEL04-MA";"UOP03-DEL04-MA"
573344;2024-01-08;"segunda-feira";"11:10:00";"MG";381;890;"CAMBUI";"Avarias e/ou desgaste excessivo no pneu";"Queda de ocupante de veículo";"Com Vítimas Feridas";"Pleno dia";"Crescente";"Céu Claro";"Dupla";"Reta";"Não";2;0;1;0;1;0;1;1;-22,5863847;-46,0498174;"SPRF-MG";"DEL16-MG";"UOP03-DEL16-MG"
573345;2024-01-08;"segunda-feira";"10:00:00";"BA";116;820;"VITORIA DA CONQUISTA";"Reação tardia ou ineficiente do condutor";"Colisão lateral mesmo sentido";"Com Vítimas Feridas";"Pleno dia";"Crescente";"Nublado";"Simples";"Desvio Temporário";"Não";2;0;1;0;1;0;1;2;-14,8335;-40,8391;"SPRF-BA";"DEL08-BA";"UOP01-DEL08-BA"
573346;2024-01-08;"segunda-feira";"11:30:00";"GO";60;164;"GOIANIA";"Acessar a via sem observar a presença dos outros veículos";"Colisão lateral mesmo sentido";"Com Vítimas Feridas";"Pleno dia";"Decrescente";"Céu Claro";"Dupla";"Reta";"Sim";2;0;1;0;1;0;1;2;-16,70248839;-49,33814829;"SPRF-GO";"DEL01-GO";"UOP02-DEL01-GO"
573347;2024-01-07;"domingo";"20:00:00";"PI";135;76,5;"CANAVIEIRA";"Reação tardia ou ineficiente do condutor";"Saída de leito carroçável";"Com Vítimas Feridas";"Plena Noite";"Crescente";"Ignorado";"Simples";"Retorno Regulamentado";"Não";5;0;4;1;0;0;5;1;-7,31265139;-43,71477191;"SPRF-PI";"DEL03-PI";"UOP01-DEL03-PI"
573348;2024-01-08;"segunda-feira";"09:25:00";"RS";116;530;"CAPAO DO LEAO";"Desrespeitar a preferência no cruzamento";"Colisão transversal";"Com Vítimas Feridas";"Pleno dia";"Crescente";"Céu Claro";"Simples";"Interseção de vias";"Não";3;0;2;0;1;0;2;2;-31,7590834;-52,43687971;"SPRF-RS";"DEL07-RS";"UOP01-DEL07-RS"
573349;2024-01-08;"segunda-feira";"12:00:00";"MG";50;21,6;"UBERLANDIA";"Acessar a via sem observar a presença dos outros veículos";"Colisão transversal";"Com Vítimas Feridas";"Pleno dia";"Crescente";"Sol";"Simples";"Reta";"Sim";2;0;0;1;1;0;1;2;-18,93877353;-48,22184801;"SPRF-MG";"DEL15-MG";"UOP01-DEL15-MG"
573351;2024-01-08;"segunda-feira";"09:15:00";"PE";407;128;"PETROLINA";"Desrespeitar a preferência no cruzamento";"Colisão lateral mesmo sentido";"Com Vítimas Feridas";"Pleno dia";"Crescente";"Céu Claro";"Simples";"Rotatória";"Sim";3;0;1;0;2;0;1;2;-9,39387565;-40,51133888;"SPRF-PE";"DEL06-PE";"UOP01-DEL06-PE"
573352;2024-01-08;"segunda-feira";"11:20:00";"MG";381;172;"GOVERNADOR VALADARES";"Ultrapassagem Indevida";"Saída de leito carroçável";"Com Vítimas Feridas";"Pleno dia";"Decrescente";"Céu Claro";"Simples";"Reta";"Não";4;0;1;1;2;0;2;1;-18,98622096;-42,10906603;"SPRF-MG";"DEL06-MG";"UOP01-DEL06-MG"
573353;2024-01-08;"segunda-feira";"10:10:00";"MS";163;484,5;"CAMPO GRANDE";"Reação tardia ou ineficiente do condutor";"Engavetamento";"Sem Vítimas";"Pleno dia";"Crescente";"Céu Claro";"Simples";"Não Informado";"Sim";11;0;0;0;11;0;0;3;-20,45104898;-54,5403266;"SPRF-MS";"DEL01-MS";"UOP02-DEL01-MS"
573355;2024-01-08;"segunda-feira";"11:31:00";"CE";20;281,6;"CANINDE";"Demais falhas mecânicas ou elétricas";"Colisão com objeto";"Com Vítimas Feridas";"Pleno dia";"Decrescente";"Céu Claro";"Simples";"Não Informado";"Não";1;0;1;0;0;0;1;1;-4,57207006;-39,35928633;"SPRF-CE";"DEL02-CE";"UOP01-DEL02-CE"
573357;2024-01-08;"segunda-feira";"12:16:00";"SC";101;205;"SAO JOSE";"Ausência de reação do condutor";"Colisão traseira";"Com Vítimas Feridas";"Pleno dia";"Decrescente";"Céu Claro";"Múltipla";"Reta";"Sim";5;0;1;0;4;0;1;2;-27,58313237;-48,61532885;"SPRF-SC";"DEL01-SC";"UOP01-DEL01-SC"
573358;2024-01-08;"segunda-feira";"07:50:00";"BA";407;53,1;"JUAZEIRO";"Condutor Dormindo";"Saída de leito carroçável";"Com Vítimas Feridas";"Pleno dia";"Crescente";"Céu Claro";"Simples";"Reta";"Não";1;0;1;0;0;0;1;1;-9,87216168;-40,28692137;"SPRF-BA";"DEL04-BA";"UOP01-DEL04-BA"
573359;2024-01-08;"segunda-feira";"12:15:00";"MG";116;151,4;"PONTO DOS VOLANTES";"Acumulo de água sobre o pavimento";"Saída de leito carroçável";"Com Vítimas Feridas";"Pleno dia";"Decrescente";"Chuva";"Simples";"Curva";"Não";2;0;1;0;1;0;1;1;-16,85906306;-41,47287414;"SPRF-MG";"DEL11-MG";"UOP02-DEL11-MG"
573362;2024-01-08;"segunda-feira";"11:50:00";"RO";319;63;"PORTO VELHO";"Reação tardia ou ineficiente do condutor";"Colisão traseira";"Com Vítimas Feridas";"Pleno dia";"Crescente";"Céu Claro";"Dupla";"Reta";"Sim";2;0;1;0;1;0;1;2;-8,75732901;-63,88641;"SPRF-RO";"DEL01-RO";"UOP01-DEL01-RO"
573363;2024-01-08;"segunda-feira";"12:40:00";"PA";230;115;"MARABA";"Manobra de mudança de faixa";"Colisão lateral mesmo sentido";"Com Vítimas Feridas";"Pleno dia";"Crescente";"Céu Claro";"Dupla";"Reta";"Sim";2;0;2;0;0;0;2;2;-5,36241425;-49,07496007;"SPRF-PA";"DEL03-PA";"UOP01-DEL03-PA"
573365;2024-01-08;"segunda-feira";"13:10:00";"RN";304;48,2;"MOSSORO";"Acesso irregular";"Colisão transversal";"Com Vítimas Feridas";"Pleno dia";"Decrescente";"Céu Claro";"Dupla";"Reta";"Sim";2;0;1;0;1;0;1;2;-5,22868577;-37,32203081;"SPRF-RN";"DEL04-RN";"UOP01-DEL04-RN"
573367;2024-01-08;"segunda-feira";"11:00:00";"BA";110;158;"RIBEIRA DO POMBAL";"Reação tardia ou ineficiente do condutor";"Saída de leito carroçável";"Com Vítimas Feridas";"Pleno dia";"Crescente";"Céu Claro";"Simples";"Reta";"Não";3;0;1;0;2;0;1;1;-10,74116731;-38,49881672;"SPRF-BA";"DEL07-BA";"UOP02-DEL07-BA"
573368;2024-01-08;"segunda-feira";"12:50:00";"AP";210;1;"MACAPA";"Condutor deixou de manter distância do veículo da frente";"Colisão traseira";"Sem Vítimas";"Pleno dia";"Crescente";"Céu Claro";"Dupla";"Retorno Regulamentado";"Sim";3;0;0;0;3;0;0;3;0,07816717;-51,06998693;"SPRF-AP";"DEL01-AP";"UOP01-DEL01-AP"
573369;2024-01-08;"segunda-feira";"12:00:00";"RJ";101;485;"ANGRA DOS REIS";"Velocidade Incompatível";"Colisão transversal";"Com Vítimas Feridas";"Pleno dia";"Crescente";"Céu Claro";"Simples";"Rotatória";"Sim";2;0;1;0;1;0;1;2;-22,98361897;-44,29586833;"SPRF-RJ";"DEL03-RJ";"UOP03-DEL03-RJ"
573372;2024-01-08;"segunda-feira";"12:50:00";"MT";364;335;"SANTO ANTONIO DO LEVERGER";"Reação tardia ou ineficiente do condutor";"Saída de leito carroçável";"Sem Vítimas";"Pleno dia";"Decrescente";"Chuva";"Dupla";"Curva";"Não";5;0;0;0;5;0;0;1;-15,8264007;-55,45177389;"SPRF-MT";"DEL05-MT";"UOP02-DEL05-MT"
573373;2024-01-08;"segunda-feira";"13:20:00";"SC";101;122,2;"ITAJAI";"Manobra de mudança de faixa";"Colisão lateral mesmo sentido";"Com Vítimas Feridas";"Pleno dia";"Decrescente";"Céu Claro";"Múltipla";"Não Informado";"Sim";2;0;1;0;1;0;1;2;-26,92955916;-48,70499836;"SPRF-SC";"DEL04-SC";"UOP04-DEL04-SC"
573374;2024-01-08;"segunda-feira";"13:50:00";"SP";116;292;"ITAPECERICA DA SERRA";"Velocidade Incompatível";"Tombamento";"Com Vítimas Feridas";"Pleno dia";"Crescente";"Nublado";"Simples";"Retorno Regulamentado";"Não";1;0;1;0;0;0;1;1;-23,74581995;-46,90003027;"SPRF-SP";"DEL04-SP";"UOP01-DEL04-SP"
573375;2024-01-02;"terça-feira";"09:40:00";"RJ";116;183;"NOVA IGUACU";"Manobra de mudança de faixa";"Colisão lateral mesmo sentido";"Com Vítimas Feridas";"Pleno dia";"Crescente";"Céu Claro";"Dupla";"Reta";"Sim";5;0;1;0;4;0;1;2;-22,7516014018;-43,4384983094;"SPRF-RJ";"DEL06-RJ";"UOP01-DEL06-RJ"
573377;2024-01-08;"segunda-feira";"14:17:00";"RN";101;97;"NATAL";"Acumulo de areia ou detritos sobre o pavimento";"Tombamento";"Com Vítimas Feridas";"Pleno dia";"Decrescente";"Céu Claro";"Simples";"Não Informado";"Não";1;0;1;0;0;0;1;1;-5,85758898;-35,21271205;"SPRF-RN";"DEL01-RN";"UOP01-DEL01-RN"
573378;2024-01-08;"segunda-feira";"13:00:00";"RJ";40;71;"PETROPOLIS";"Conversão proibida";"Colisão transversal";"Com Vítimas Feridas";"Pleno dia";"Crescente";"Céu Claro";"Dupla";"Reta";"Sim";3;0;2;0;1;0;2;2;-22,45304974;-43,20832411;"SPRF-RJ";"DEL01-RJ";"UOP01-DEL01-RJ"
573379;2024-01-08;"segunda-feira";"14:40:00";"SP";116;230;"SAO PAULO";"Reação tardia ou ineficiente do condutor";"Colisão lateral mesmo sentido";"Com Vítimas Feridas";"Pleno dia";"Crescente";"Nublado";"Múltipla";"Reta";"Sim";2;0;1;0;1;0;1;2;-23,52251783;-46,5855702;"SPRF-SP";"DEL01-SP";"UOP01-DEL01-SP"
573381;2024-01-08;"segunda-feira";"14:40:00";"SP";101;18,7;"UBATUBA";"Acessar a via sem observar a presença dos outros veículos";"Colisão transversal";"Com Vítimas Feridas";"Pleno dia";"Crescente";"Céu Claro";"Simples";"Não Informado";"Não";8;0;4;0;4;0;4;2;-23,31746811;-44,899601;"SPRF-SP";"DEL06-SP";"UOP01-DEL06-SP"
573383;2024-01-08;"segunda-feira";"14:02:00";"GO";251;26;"CRISTALINA";"Acessar a via sem observar a presença dos outros veículos";"Colisão frontal";"Com Vítimas Feridas";"Pleno dia";"Crescente";"Nublado";"Simples";"Reta";"Sim";2;0;2;0;0;0;2;2;-16,10610344;-47,49477642;"SPRF-DF";"DEL01-DF";"UOP01-DEL01-DF"
573384;2024-01-08;"segunda-feira";"14:00:00";"MG";40;521;"CONTAGEM";"Acessar a via sem observar a presença dos outros veículos";"Colisão traseira";"Com Vítimas Feridas";"Pleno dia";"Decrescente";"Sol";"Dupla";"Interseção de vias";"Sim";2;0;1;0;1;0;1;2;-19,8537483;-44,0720892;"SPRF-MG";"DEL01-MG";"UOP02-DEL01-MG"
573385;2024-01-08;"segunda-feira";"13:45:00";"BA";101;804,9;"ITAMARAJU";"Acesso irregular";"Colisão frontal";"Com Vítimas Fatais";"Pleno dia";"Decrescente";"Céu Claro";"Simples";"Reta";"Sim";6;2;4;0;0;0;4;2;-17,16628085;-39,5779873;"SPRF-BA";"DEL09-BA";"UOP02-DEL09-BA"
573387;2024-01-04;"quinta-feira";"09:00:00";"BA";116;518;"ITATIM";"Acessar a via sem observar a presença dos outros veículos";"Colisão transversal";"Com Vítimas Feridas";"Pleno dia";"Decrescente";"Céu Claro";"Simples";"Reta";"Não";2;0;0;1;1;0;1;2;-12,67669892;-39,66293504;"SPRF-BA";"DEL03-BA";"UOP02-DEL03-BA"
573389;2024-01-08;"segunda-feira";"14:35:00";"PI";343;12,7;"PARNAIBA";"Condutor desrespeitou a iluminação vermelha do semáforo";"Colisão transversal";"Com Vítimas Feridas";"Pleno dia";"Crescente";"Sol";"Dupla";"Reta";"Sim";4;0;2;0;2;0;2;2;-2,910035;-41,753662;"SPRF-PI";"DEL05-PI";"UOP01-DEL05-PI"
573391;2024-01-08;"segunda-feira";"13:00:00";"MS";163;218,5;"CAARAPO";"Ausência de reação do condutor";"Capotamento";"Com Vítimas Feridas";"Pleno dia";"Crescente";"Céu Claro";"Simples";"Reta";"Não";1;0;1;0;0;0;1;1;-22,55457404;-54,83263605;"SPRF-MS";"DEL04-MS";"UOP02-DEL04-MS"
573392;2024-01-08;"segunda-feira";"15:15:00";"PI";343;1;"TERESINA";"Ausência de reação do condutor";"Colisão traseira";"Com Vítimas Feridas";"Pleno dia";"Decrescente";"Céu Claro";"Dupla";"Reta";"Não";4;0;1;0;3;0;1;2;-5,08038264;-42,75829738;"SPRF-PI";"DEL01-PI";"UOP01-DEL01-PI"
573393;2024-01-08;"segunda-feira";"15:30:00";"SC";101;200,9;"SAO JOSE";"Reação tardia ou ineficiente do condutor";"Colisão traseira";"Com Vítimas Feridas";"Pleno dia";"Crescente";"Céu Claro";"Dupla";"Reta";"Sim";3;0;1;0;1;1;1;3;-27,54018513;-48,62287714;"SPRF-SC";"DEL01-SC";"UOP01-DEL01-SC"
573397;2024-01-08;"segunda-feira";"11:20:00";"SC";101;121,3;"ITAJAI";"Trafegar com motocicleta (ou similar) entre as faixas";"Colisão lateral mesmo sentido";"Com Vítimas Feridas";"Pleno dia";"Decrescente";"Céu Claro";"Múltipla";"Reta";"Sim";2;0;0;1;1;0;1;2;-26,92103178;-48,70856446;"SPRF-SC";"DEL04-SC";"UOP04-DEL04-SC"
573398;2024-01-08;"segunda-feira";"14:45:00";"PR";277;74;"SAO JOSE DOS PINHAIS";"Demais falhas mecânicas ou elétricas";"Incêndio";"Sem Vítimas";"Pleno dia";"Decrescente";"Céu Claro";"Dupla";"Não Informado";"Não";2;0;0;0;2;0;0;1;-25,51726115;-49,11540707;"SPRF-PR";"DEL01-PR";"UOP07-DEL01-PR"
573401;2024-01-08;"segunda-feira";"15:40:00";"RS";116;250;"SAO LEOPOLDO";"Ausência de reação do condutor";"Saída de leito carroçável";"Sem Vítimas";"Pleno dia";"Crescente";"Céu Claro";"Dupla";"Não Informado";"Sim";1;0;0;0;1;0;0;1;-29,79148798;-51,16399615;"SPRF-RS";"DEL01-RS";"UOP02-DEL01-RS"
573403;2024-01-08;"segunda-feira";"14:55:00";"DF";80;16,8;"BRASILIA";"Reação tardia ou ineficiente do condutor";"Colisão frontal";"Com Vítimas Feridas";"Pleno dia";"Crescente";"Nublado";"Simples";"Não Informado";"Não";4;0;3;0;1;0;3;2;-15,701065;-48,202263;"SPRF-DF";"DEL03-DF";"UOP02-DEL03-DF"
573404;2024-01-08;"segunda-feira";"15:50:00";"SC";101;133,4;"BALNEARIO CAMBORIU";"Reação tardia ou ineficiente do condutor";"Colisão traseira";"Com Vítimas Feridas";"Pleno dia";"Crescente";"Céu Claro";"Múltipla";"Reta";"Sim";4;0;1;0;3;0;1;2;-26,99936;-48,64609;"SPRF-SC";"DEL04-SC";"UOP03-DEL04-SC"
573406;2024-01-08;"segunda-feira";"12:30:00";"MG";381;237,8;"SANTANA DO PARAISO";"Ausência de reação do condutor";"Saída de leito carroçável";"Sem Vítimas";"Pleno dia";"Decrescente";"Nublado";"Simples";"Não Informado";"Não";1;0;0;0;1;0;0;1;-19,39363909;-42,48302693;"SPRF-MG";"DEL06-MG";"UOP01-DEL06-MG"
573407;2024-01-08;"segunda-feira";"16:34:00";"DF";20;40,5;"BRASILIA";"Acumulo de água sobre o pavimento";"Saída de leito carroçável";"Com Vítimas Feridas";"Pleno dia";"Decrescente";"Chuva";"Dupla";"Não Informado";"Não";2;0;1;0;1;0;1;1;-15,581552;-47,508035;"SPRF-DF";"DEL02-DF";"UOP01-DEL02-DF"
573408;2024-01-08;"segunda-feira";"17:00:00";"SP";153;74,6;"BADY BASSITT";"Avarias e/ou desgaste excessivo no pneu";"Tombamento";"Com Vítimas Feridas";"Pleno dia";"Crescente";"Céu Claro";"Dupla";"Não Informado";"Sim";2;0;2;0;0;0;2;1;-20,88538598;-49,42676402;"SPRF-SP";"DEL09-SP";"UOP01-DEL09-SP"
573409;2024-01-08;"segunda-feira";"16:20:00";"RN";101;105,5;"PARNAMIRIM";"Condutor deixou de manter distância do veículo da frente";"Colisão traseira";"Com Vítimas Feridas";"Pleno dia";"Decrescente";"Sol";"Dupla";"Reta";"Sim";3;0;0;1;2;0;1;2;-5,90165196;-35,25928517;"SPRF-RN";"DEL01-RN";"UOP01-DEL01-RN"
573410;2024-01-08;"segunda-feira";"17:00:00";"SP";116;433;"REGISTRO";"Manobra de mudança de faixa";"Colisão traseira";"Com Vítimas Feridas";"Pleno dia";"Decrescente";"Céu Claro";"Dupla";"Reta";"Não";2;0;1;0;1;0;1;2;-24,42030004;-47,77032299;"SPRF-SP";"DEL05-SP";"UOP01-DEL05-SP"
573411;2024-01-08;"segunda-feira";"17:00:00";"RS";116;245;"SAO LEOPOLDO";"Ausência de reação do condutor";"Colisão lateral mesmo sentido";"Com Vítimas Feridas";"Pleno dia";"Decrescente";"Céu Claro";"Dupla";"Reta";"Sim";3;0;1;0;2;0;1;2;-29,74980902;-51,15125361;"SPRF-RS";"DEL01-RS";"UOP02-DEL01-RS"
573412;2024-01-08;"segunda-feira";"12:55:00";"MG";262;15;"MARTINS SOARES";"Ausência de reação do condutor";"Colisão traseira";"Com Vítimas Feridas";"Pleno dia";"Crescente";"Nublado";"Simples";"Reta";"Sim";2;0;1;0;1;0;1;2;-20,26054008;-41,87631604;"SPRF-MG";"DEL06-MG";"UOP03-DEL06-MG"
573413;2024-01-08;"segunda-feira";"15:15:00";"BA";101;278;"LAJE";"Reação tardia ou ineficiente do condutor";"Saída de leito carroçável";"Com Vítimas Feridas";"Pleno dia";"Decrescente";"Céu Claro";"Simples";"Não Informado";"Não";1;0;1;0;0;0;1;1;-13,20820402;-39,32291594;"SPRF-BA";"DEL01-BA";"UOP02-DEL01-BA"
573415;2024-01-08;"segunda-feira";"15:55:00";"RJ";116;173;"SAO JOAO DE MERITI";"Manobra de mudança de faixa";"Colisão lateral mesmo sentido";"Com Vítimas Feridas";"Pleno dia";"Decrescente";"Céu Claro";"Dupla";"Reta";"Sim";4;0;3;0;0;1;3;3;-22,79810324;-43,35726614;"SPRF-RJ";"DEL06-RJ";"UOP01-DEL06-RJ"
573416;2024-01-08;"segunda-feira";"17:00:00";"BA";324;621;"SALVADOR";"Reação tardia ou ineficiente do condutor";"Colisão traseira";"Com Vítimas Feridas";"Pleno dia";"Decrescente";"Céu Claro";"Dupla";"Curva";"Sim";2;0;1;0;1;0;1;2;-12,91233708;-38,45956983;"SPRF-BA";"DEL01-BA";"UOP01-DEL01-BA"
573417;2024-01-08;"segunda-feira";"17:25:00";"RN";101;96;"NATAL";"Condutor deixou de manter distância do veículo da frente";"Colisão traseira";"Com Vítimas Feridas";"Anoitecer";"Decrescente";"Céu Claro";"Dupla";"Reta";"Não";2;0;1;0;1;0;1;2;-5,84949622;-35,20890752;"SPRF-RN";"DEL01-RN";"UOP01-DEL01-RN"
573419;2024-01-08;"segunda-feira";"14:23:00";"RN";406;154;"CEARA-MIRIM";"Condutor deixou de manter distância do veículo da frente";"Colisão traseira";"Com Vítimas Feridas";"Pleno dia";"Crescente";"Céu Claro";"Simples";"Desvio Temporário";"Não";2;0;1;0;1;0;1;2;-5,67079426;-35,40552534;"SPRF-RN";"DEL02-RN";"UOP01-DEL02-RN"
573421;2024-01-08;"segunda-feira";"17:40:00";"SC";101;133,8;"BALNEARIO CAMBORIU";"Acessar a via sem observar a presença dos outros veículos";"Colisão lateral mesmo sentido";"Com Vítimas Feridas";"Pleno dia";"Crescente";"Céu Claro";"Múltipla";"Interseção de vias";"Sim";2;0;1;0;1;0;1;2;-26,99936;-48,64609;"SPRF-SC";"DEL04-SC";"UOP03-DEL04-SC"
573422;2024-01-08;"segunda-feira";"17:45:00";"SC";101;229;"PALHOCA";"Condutor deixou de manter distância do veículo da frente";"Colisão com objeto";"Com Vítimas Feridas";"Pleno dia";"Decrescente";"Garoa/Chuvisco";"Múltipla";"Reta";"Não";1;0;1;0;0;0;1;1;-27,7688932;-48,63205379;"SPRF-SC";"DEL01-SC";"UOP02-DEL01-SC"
573426;2024-01-08;"segunda-feira";"17:40:00";"AP";210;3;"MACAPA";"Acessar a via sem observar a presença dos outros veículos";"Colisão transversal";"Com Vítimas Feridas";"Anoitecer";"Decrescente";"Céu Claro";"Dupla";"Reta";"Sim";3;0;2;1;0;0;3;2;0,0872336499;-51,0856900706;"SPRF-AP";"DEL01-AP";"UOP01-DEL01-AP"
573427;2024-01-08;"segunda-feira";"14:55:00";"MG";251;358;"PADRE CARVALHO";"Condutor Dormindo";"Saída de leito carroçável";"Com Vítimas Feridas";"Pleno dia";"Crescente";"Nublado";"Simples";"Reta";"Não";6;0;4;0;2;0;4;1;-16,26576621;-42,57202148;"SPRF-MG";"DEL12-MG";"UOP02-DEL12-MG"
573428;2024-01-08;"segunda-feira";"16:50:00";"MS";262;323;"CAMPO GRANDE";"Demais falhas mecânicas ou elétricas";"Incêndio";"Sem Vítimas";"Pleno dia";"Decrescente";"Nublado";"Simples";"Reta";"Não";1;0;0;0;1;0;0;1;-20,46901688;-54,506023;"SPRF-MS";"DEL01-MS";"UOP01-DEL01-MS"
573429;2024-01-08;"segunda-feira";"18:05:00";"DF";60;6;"BRASILIA";"Ausência de reação do condutor";"Queda de ocupante de veículo";"Sem Vítimas";"Pleno dia";"Crescente";"Ignorado";"Dupla";"Não Informado";"Não";1;0;0;0;0;1;0;1;-15,897939;-48,113056;"SPRF-DF";"DEL03-DF";"UOP01-DEL03-DF"
573430;2024-01-08;"segunda-feira";"17:50:00";"SP";381;33;"ATIBAIA";"Ausência de reação do condutor";"Queda de ocupante de veículo";"Com Vítimas Feridas";"Pleno dia";"Crescente";"Nublado";"Dupla";"Reta";"Sim";1;0;1;0;0;0;1;1;-23,0728028;-46,56673562;"SPRF-SP";"DEL03-SP";"UOP02-DEL03-SP"
573432;2024-01-08;"segunda-feira";"15:20:00";"PI";343;206,7;"CAPITAO DE CAMPOS";"Transtornos Mentais (exceto suicidio)";"Colisão com objeto";"Com Vítimas Feridas";"Pleno dia";"Decrescente";"Céu Claro";"Simples";"Reta";"Não";5;0;1;0;4;0;1;1;-4,417403;-41,88747;"SPRF-PI";"DEL02-PI";"UOP01-DEL02-PI"
573433;2024-01-08;"segunda-feira";"18:04:00";"RN";101;96;"NATAL";"Manobra de mudança de faixa";"Colisão traseira";"Com Vítimas Feridas";"Anoitecer";"Crescente";"Céu Claro";"Dupla";"Reta";"Sim";3;0;1;0;2;0;1;2;-5,84949622;-35,20890752;"SPRF-RN";"DEL01-RN";"UOP01-DEL01-RN"
573434;2024-01-08;"segunda-feira";"18:20:00";"BA";116;418;"FEIRA DE SANTANA";"Desrespeitar a preferência no cruzamento";"Colisão transversal";"Com Vítimas Feridas";"Plena Noite";"Decrescente";"Céu Claro";"Múltipla";"Viaduto";"Sim";2;0;0;1;1;0;1;2;-12,185808;-38,965225;"SPRF-BA";"DEL02-BA";"UOP01-DEL02-BA"
573435;2024-01-08;"segunda-feira";"17:55:00";"PR";116;44,5;"CAMPINA GRANDE DO SUL";"Acumulo de água sobre o pavimento";"Saída de leito carroçável";"Com Vítimas Feridas";"Pleno dia";"Crescente";"Chuva";"Dupla";"Não Informado";"Não";2;0;1;0;1;0;1;1;-25,1882321;-48,88492529;"SPRF-PR";"DEL01-PR";"UOP02-DEL01-PR"
573437;2024-01-08;"segunda-feira";"18:40:00";"TO";10;456;"PALMAS";"Condutor deixou de manter distância do veículo da frente";"Colisão traseira";"Com Vítimas Feridas";"Anoitecer";"Decrescente";"Céu Claro";"Múltipla";"Reta";"Sim";2;0;0;1;1;0;1;2;-10,20863984;-48,15545194;"SPRF-TO";"DEL01-TO";"UOP03-DEL01-TO"
573438;2024-01-08;"segunda-feira";"19:00:00";"SP";116;222;"GUARULHOS";"Condutor deixou de manter distância do veículo da frente";"Colisão traseira";"Com Vítimas Feridas";"Plena Noite";"Crescente";"Garoa/Chuvisco";"Múltipla";"Reta";"Sim";2;0;1;0;1;0;1;2;-23,47093408;-46,51631097;"SPRF-SP";"DEL01-SP";"UOP01-DEL01-SP"
573439;2024-01-08;"segunda-feira";"18:15:00";"SP";116;153;"SAO JOSE DOS CAMPOS";"Trafegar com motocicleta (ou similar) entre as faixas";"Colisão lateral mesmo sentido";"Com Vítimas Feridas";"Anoitecer";"Crescente";"Céu Claro";"Múltipla";"Reta";"Sim";3;0;1;0;2;0;1;3;-23,23262274;-45,91372624;"SPRF-SP";"DEL02-SP";"UOP01-DEL02-SP"