"id";"data_inversa";"dia_semana";"horario";"uf";"br";"km";"municipio";"causa_acidente";"tipo_acidente";"classificacao_acidente";"fase_dia";"sentido_via";"condicao_metereologica";"tipo_pista";"tracado_via";"uso_solo";"pessoas";"mortos";"feridos_leves";"feridos_graves";"ilesos";"ignorados";"feridos";"veiculos";"latitude";"longitude";"regional";"delegacia";"uop"
573579;2024-01-09;"terça-feira";"13:40:00";"SP";116;55,1;"LORENA";"Mal súbito do condutor";"Colisão com objeto";"Com Vítimas Feridas";"Pleno dia";"Crescente";"Céu Claro";"Dupla";"Reta";"Não";3;0;2;0;1;0;2;1;-22,76356421;-45,12272385;"SPRF-SP";"DEL08-SP";"UOP02-DEL08-SP"
573581;2024-01-09;"terça-feira";"12:45:00";"PE";104;65,8;"CARUARU";"Ausência de reação do condutor";"Colisão traseira";"Com Vítimas Feridas";"Pleno dia";"Crescente";"Nublado";"Dupla";"Não Informado";"Sim";3;0;1;0;2;0;1;3;-8,2867;-35,9838;"SPRF-PE";"DEL02-PE";"UOP01-DEL02-PE"
573582;2024-01-09;"terça-feira";"11:50:00";"MG";116;808,3;"ALEM PARAIBA";"Acessar a via sem observar a presença dos outros veículos";"Colisão transversal";"Com Vítimas Feridas";"Pleno dia";"Decrescente";"Sol";"Simples";"Reta";"Não";4;0;3;0;1;0;3;3;-21,81917799;-42,68924498;"SPRF-MG";"DEL07-MG";"UOP01-DEL07-MG"
573583;2024-01-09;"terça-feira";"12:25:00";"RS";101;1,9;"TORRES";"Acessar a via sem observar a presença dos outros veículos";"Tombamento";"Com Vítimas Feridas";"Pleno dia";"Decrescente";"Nublado";"Dupla";"Reta";"Não";1;0;1;0;0;0;1;1;-29,31602055;-49,77423549;"SPRF-RS";"DEL03-RS";"UOP02-DEL03-RS"
573584;2024-01-02;"terça-feira";"22:45:00";"MG";116;412,1;"GOVERNADOR VALADARES";"Retorno proibido";"Colisão transversal";"Com Vítimas Feridas";"Plena Noite";"Decrescente";"Chuva";"Simples";"Reta";"Sim";2;0;1;0;1;0;1;2;-18,8781889;-41,96228027;"SPRF-MG";"DEL06-MG";"UOP01-DEL06-MG"
573586;2024-01-09;"terça-feira";"13:30:00";"SC";101;193,2;"BIGUACU";"Ingestão de álcool pelo condutor";"Saída de leito carroçável";"Sem Vítimas";"Pleno dia";"Crescente";"Céu Claro";"Múltipla";"Curva";"Sim";1;0;0;0;1;0;0;1;-27,489574;-48,655914;"SPRF-SC";"DEL01-SC";"UOP01-DEL01-SC"
573587;2024-01-09;"terça-feira";"12:00:00";"RJ";40;123;"DUQUE DE CAXIAS";"Ausência de reação do condutor";"Saída de leito carroçável";"Com Vítimas Feridas";"Pleno dia";"Decrescente";"Céu Claro";"Dupla";"Reta";"Sim";1;0;1;0;0;0;1;1;-22,79907687;-43,29015739;"SPRF-RJ";"DEL01-RJ";"UOP02-DEL01-RJ"
573590;2024-01-09;"terça-feira";"14:40:00";"PR";116;33,8;"CAMPINA GRANDE DO SUL";"Reação tardia ou ineficiente do condutor";"Tombamento";"Com Vítimas Feridas";"Pleno dia";"Decrescente";"Chuva";"Dupla";"Não Informado";"Não";1;0;1;0;0;0;1;1;-25,1152842;-48,85224223;"SPRF-PR";"DEL01-PR";"UOP02-DEL01-PR"
573591;2024-01-09;"terça-feira";"15:00:00";"SC";101;136;"BALNEARIO CAMBORIU";"Acessar a via sem observar a presença dos outros veículos";"Colisão lateral mesmo sentido";"Com Vítimas Feridas";"Pleno dia";"Decrescente";"Céu Claro";"Dupla";"Reta";"Não";3;0;2;0;1;0;2;2;-27,008113;-48,617245;"SPRF-SC";"DEL04-SC";"UOP03-DEL04-SC"
573592;2024-01-09;"terça-feira";"15:30:00";"SP";116;282;"EMBU DAS ARTES";"Ausência de reação do condutor";"Queda de ocupante de veículo";"Com Vítimas Feridas";"Pleno dia";"Crescente";"Nublado";"Dupla";"Não Informado";"Não";1;0;1;0;0;0;1;1;-23,68570216;-46,85970975;"SPRF-SP";"DEL04-SP";"UOP01-DEL04-SP"
573593;2024-01-09;"terça-feira";"15:00:00";"PR";116;30;"CAMPINA GRANDE DO SUL";"Reação tardia ou ineficiente do condutor";"Saída de leito carroçável";"Com Vítimas Feridas";"Pleno dia";"Crescente";"Garoa/Chuvisco";"Dupla";"Não Informado";"Não";3;0;3;0;0;0;3;1;-25,10003092;-48,82089801;"SPRF-PR";"DEL01-PR";"UOP02-DEL01-PR"
573594;2024-01-01;"segunda-feira";"16:00:00";"MG";153;88,9;"PRATA";"Acumulo de água sobre o pavimento";"Saída de leito carroçável";"Com Vítimas Feridas";"Pleno dia";"Crescente";"Chuva";"Simples";"Não Informado";"Não";5;0;5;0;0;0;5;1;-19,12589594;-48,96661173;"SPRF-MG";"DEL15-MG";"UOP03-DEL15-MG"
573596;2024-01-09;"terça-feira";"16:00:00";"PR";277;641,8;"CEU AZUL";"Avarias e/ou desgaste excessivo no pneu";"Colisão transversal";"Com Vítimas Fatais";"Pleno dia";"Crescente";"Chuva";"Simples";"Curva";"Não";5;1;1;2;1;0;3;3;-25,17656952;-53,86489517;"SPRF-PR";"DEL05-PR";"UOP02-DEL05-PR"
573599;2024-01-09;"terça-feira";"15:45:00";"PR";376;190;"MARIALVA";"Avarias e/ou desgaste excessivo no pneu";"Tombamento";"Com Vítimas Feridas";"Pleno dia";"Crescente";"Céu Claro";"Dupla";"Curva";"Sim";1;0;0;1;0;0;1;1;-23,47560277;-51,81167587;"SPRF-PR";"DEL09-PR";"UOP01-DEL09-PR"
573600;2024-01-09;"terça-feira";"15:00:00";"PR";158;525,1;"PATO BRANCO";"Reação tardia ou ineficiente do condutor";"Colisão com objeto";"Com Vítimas Feridas";"Pleno dia";"Crescente";"Vento";"Simples";"Reta";"Não";1;0;1;0;0;0;1;1;-26,15019792;-52,66273226;"SPRF-PR";"DEL02-PR";"UOP01-DEL02-PR"
573601;2024-01-09;"terça-feira";"16:30:00";"SE";235;52;"ITABAIANA";"Desrespeitar a preferência no cruzamento";"Colisão transversal";"Com Vítimas Feridas";"Pleno dia";"Crescente";"Céu Claro";"Simples";"Reta";"Sim";3;0;2;0;1;0;2;2;-10,693279;-37,437557;"SPRF-SE";"DEL01-SE";"UOP02-DEL01-SE"
573602;2024-01-09;"terça-feira";"15:00:00";"MS";262;752,8;"CORUMBA";"Demais falhas mecânicas ou elétricas";"Incêndio";"Sem Vítimas";"Pleno dia";"Crescente";"Céu Claro";"Simples";"Reta";"Não";60;0;0;0;60;0;0;1;-19,21265799;-57,64541874;"SPRF-MS";"DEL03-MS";"UOP03-DEL03-MS"
573604;2024-01-09;"terça-feira";"16:40:00";"SC";101;274,8;"IMBITUBA";"Pedestre andava na pista";"Atropelamento de Pedestre";"Com Vítimas Feridas";"Pleno dia";"Decrescente";"Nublado";"Múltipla";"Reta";"Não";2;0;1;1;0;0;2;2;-28,129852;-48,69322;"SPRF-SC";"DEL02-SC";"UOP03-DEL02-SC"
573605;2024-01-09;"terça-feira";"16:10:00";"PR";116;109;"CURITIBA";"Ausência de reação do condutor";"Colisão lateral mesmo sentido";"Com Vítimas Feridas";"Pleno dia";"Crescente";"Chuva";"Dupla";"Reta";"Sim";3;0;2;0;1;0;2;2;-25,57140489;-49,20748999;"SPRF-PR";"DEL01-PR";"UOP07-DEL01-PR"
573606;2024-01-09;"terça-feira";"16:00:00";"BA";242;417;"SEABRA";"Ingestão de álcool pelo condutor";"Colisão frontal";"Com Vítimas Feridas";"Pleno dia";"Decrescente";"Céu Claro";"Simples";"Não Informado";"Não";3;0;1;0;1;1;1;3;-12,43099561;-41,79739105;"SPRF-BA";"DEL06-BA";"UOP01-DEL06-BA"
573608;2024-01-09;"terça-feira";"17:20:00";"PB";230;18,8;"JOAO PESSOA";"Condutor deixou de manter distância do veículo da frente";"Colisão traseira";"Com Vítimas Feridas";"Pleno dia";"Crescente";"Céu Claro";"Dupla";"Reta";"Sim";2;0;1;0;1;0;1;2;-7,1198;-34,8453;"SPRF-PB";"DEL01-PB";"UOP01-DEL01-PB"
573610;2024-01-09;"terça-feira";"14:30:00";"BA";116;567;"NOVA ITARANA";"Acessar a via sem observar a presença dos outros veículos";"Colisão transversal";"Com Vítimas Feridas";"Pleno dia";"Crescente";"Sol";"Simples";"Interseção de vias";"Não";8;0;3;0;5;0;3;2;-12,98625197;-39,94414505;"SPRF-BA";"DEL03-BA";"UOP02-DEL03-BA"
573612;2024-01-09;"terça-feira";"17:30:00";"DF";40;4,3;"BRASILIA";"Condutor deixou de manter distância do veículo da frente";"Colisão traseira";"Com Vítimas Feridas";"Pleno dia";"Crescente";"Nublado";"Dupla";"Reta";"Sim";2;0;1;0;1;0;1;2;-16,012033;-47,982124;"SPRF-DF";"DEL01-DF";"UOP01-DEL01-DF"
573613;2024-01-09;"terça-feira";"16:35:00";"RS";158;565,8;"SANTANA DO LIVRAMENTO";"Desrespeitar a preferência no cruzamento";"Colisão transversal";"Com Vítimas Feridas";"Pleno dia";"Crescente";"Céu Claro";"Simples";"Interseção de vias";"Não";4;0;0;1;3;0;1;2;-30,8765186;-55,51091194;"SPRF-RS";"DEL11-RS";"UOP01-DEL11-RS"
573614;2024-01-09;"terça-feira";"17:35:00";"MG";116;548,6;"SANTA BARBARA DO LESTE";"Acessar a via sem observar a presença dos outros veículos";"Colisão lateral mesmo sentido";"Com Vítimas Feridas";"Pleno dia";"Crescente";"Chuva";"Simples";"Não Informado";"Não";3;0;1;0;2;0;1;2;-19,95272398;-42,13044183;"SPRF-MG";"DEL06-MG";"UOP02-DEL06-MG"
573615;2024-01-04;"quinta-feira";"10:40:00";"RJ";101;328;"RIO DE JANEIRO";"Demais falhas mecânicas ou elétricas";"Incêndio";"Sem Vítimas";"Pleno dia";"Decrescente";"Nublado";"Dupla";"Reta";"Não";1;0;0;0;1;0;0;1;-22,87028692;-43,16579699;"SPRF-RJ";"DEL02-RJ";"UOP01-DEL02-RJ"
573616;2024-01-09;"terça-feira";"17:00:00";"RJ";40;124;"RIO DE JANEIRO";"Ausência de reação do condutor";"Colisão traseira";"Com Vítimas Feridas";"Pleno dia";"Decrescente";"Céu Claro";"Simples";"Reta";"Sim";2;0;1;0;1;0;1;2;-22,807953;-43,289124;"SPRF-RJ";"DEL01-RJ";"UOP02-DEL01-RJ"
573617;2024-01-09;"terça-feira";"17:00:00";"PI";316;295;"PICOS";"Acessar a via sem observar a presença dos outros veículos";"Colisão transversal";"Com Vítimas Feridas";"Pleno dia";"Decrescente";"Céu Claro";"Simples";"Não Informado";"Não";2;0;2;0;0;0;2;2;-7,0181459;-41,57975095;"SPRF-PI";"DEL04-PI";"UOP01-DEL04-PI"
573620;2024-01-09;"terça-feira";"16:00:00";"MG";50;73;"UBERLANDIA";"Reação tardia ou ineficiente do condutor";"Colisão traseira";"Com Vítimas Feridas";"Pleno dia";"Crescente";"Nublado";"Dupla";"Reta";"Sim";2;0;1;0;1;0;1;2;-18,85140204;-48,25345932;"SPRF-MG";"DEL15-MG";"UOP01-DEL15-MG"
573621;2024-01-09;"terça-feira";"17:45:00";"CE";116;41,3;"HORIZONTE";"Acessar a via sem observar a presença dos outros veículos";"Colisão transversal";"Com Vítimas Feridas";"Plena Noite";"Crescente";"Céu Claro";"Dupla";"Reta";"Sim";3;0;2;0;1;0;2;2;-4,1024351;-38,50001011;"SPRF-CE";"DEL01-CE";"UOP02-DEL01-CE"
573622;2024-01-09;"terça-feira";"17:45:00";"SC";101;329,5;"TUBARAO";"Ausência de reação do condutor";"Colisão traseira";"Com Vítimas Feridas";"Anoitecer";"Decrescente";"Nublado";"Dupla";"Reta";"Não";2;0;1;0;1;0;1;2;-28,44404822;-48,96611372;"SPRF-SC";"DEL02-SC";"UOP01-DEL02-SC"
573623;2024-01-09;"terça-feira";"17:50:00";"SP";116;164,8;"JACAREI";"Manobra de mudança de faixa";"Colisão lateral mesmo sentido";"Com Vítimas Feridas";"Pleno dia";"Crescente";"Sol";"Dupla";"Reta";"Não";2;0;1;0;1;0;1;2;-23,29691791;-46,00798704;"SPRF-SP";"DEL02-SP";"UOP01-DEL02-SP"
573624;2024-01-09;"terça-feira";"15:30:00";"RS";386;165,9;"CARAZINHO";"Acumulo de água sobre o pavimento";"Saída de leito carroçável";"Com Vítimas Feridas";"Pleno dia";"Crescente";"Chuva";"Simples";"Reta";"Não";2;0;2;0;0;0;2;1;-28,197134;-52,827736;"SPRF-RS";"DEL08-RS";"UOP01-DEL08-RS"
573628;2024-01-09;"terça-feira";"17:22:00";"BA";101;526;"BUERAREMA";"Velocidade Incompatível";"Atropelamento de Pedestre";"Com Vítimas Fatais";"Anoitecer";"Decrescente";"Céu Claro";"Simples";"Reta";"Não";2;1;0;0;0;1;0;2;-14,97094689;-39,3210876;"SPRF-BA";"DEL05-BA";"UOP01-DEL05-BA"
573629;2024-01-09;"terça-feira";"18:00:00";"RN";304;297;"MACAIBA";"Manobra de mudança de faixa";"Colisão lateral mesmo sentido";"Com Vítimas Feridas";"Plena Noite";"Crescente";"Céu Claro";"Dupla";"Não Informado";"Sim";2;0;1;0;1;0;1;2;-5,864618;-35,343445;"SPRF-RN";"DEL01-RN";"UOP02-DEL01-RN"
573631;2024-01-09;"terça-feira";"17:50:00";"MS";163;484,4;"CAMPO GRANDE";"Desrespeitar a preferência no cruzamento";"Colisão transversal";"Com Vítimas Feridas";"Pleno dia";"Decrescente";"Céu Claro";"Simples";"Não Informado";"Sim";4;0;2;0;2;0;2;2;-20,45104898;-54,5403266;"SPRF-MS";"DEL01-MS";"UOP02-DEL01-MS"
573632;2024-01-09;"terça-feira";"18:20:00";"SP";116;225;"GUARULHOS";"Chuva";"Tombamento";"Com Vítimas Feridas";"Anoitecer";"Decrescente";"Chuva";"Dupla";"Reta";"Sim";1;0;1;0;0;0;1;1;-23,48586772;-46,54075317;"SPRF-SP";"DEL01-SP";"UOP01-DEL01-SP"
573633;2024-01-09;"terça-feira";"18:20:00";"SC";101;211,8;"PALHOCA";"Manobra de mudança de faixa";"Colisão lateral mesmo sentido";"Com Vítimas Feridas";"Anoitecer";"Decrescente";"Garoa/Chuvisco";"Múltipla";"Reta";"Não";2;0;0;1;1;0;1;2;-27,62329313;-48,65245588;"SPRF-SC";"DEL01-SC";"UOP02-DEL01-SC"
573635;2024-01-09;"terça-feira";"18:55:00";"CE";222;222,2;"SOBRAL";"Entrada inopinada do pedestre";"Atropelamento de Pedestre";"Com Vítimas Feridas";"Plena Noite";"Crescente";"Céu Claro";"Simples";"Reta";"Sim";2;0;1;0;0;1;1;2;-3,72134641;-40,32871618;"SPRF-CE";"DEL04-CE";"UOP01-DEL04-CE"
573636;2024-01-09;"terça-feira";"19:00:00";"CE";222;13;"CAUCAIA";"Acessar a via sem observar a presença dos outros veículos";"Atropelamento de Pedestre";"Com Vítimas Feridas";"Plena Noite";"Crescente";"Céu Claro";"Simples";"Não Informado";"Não";2;0;1;0;1;0;1;2;-3,762488;-38,681833;"SPRF-CE";"DEL01-CE";"UOP01-DEL01-CE"
573638;2024-01-09;"terça-feira";"18:45:00";"DF";40;3,7;"BRASILIA";"Ausência de reação do condutor";"Colisão traseira";"Com Vítimas Feridas";"Plena Noite";"Crescente";"Nublado";"Dupla";"Não Informado";"Não";2;0;1;0;1;0;1;2;-16,003145;-47,983944;"SPRF-DF";"DEL01-DF";"UOP01-DEL01-DF"
573639;2024-01-09;"terça-feira";"19:18:00";"ES";101;277,5;"SERRA";"Acessar a via sem observar a presença dos outros veículos";"Tombamento";"Com Vítimas Feridas";"Pleno dia";"Crescente";"Céu Claro";"Dupla";"Reta";"Sim";2;0;2;0;0;0;2;1;-20,218122;-40,339325;"SPRF-ES";"DEL02-ES";"UOP01-DEL02-ES"
573640;2024-01-09;"terça-feira";"18:50:00";"RJ";40;113;"DUQUE DE CAXIAS";"Demais falhas mecânicas ou elétricas";"Queda de ocupante de veículo";"Com Vítimas Feridas";"Plena Noite";"Decrescente";"Céu Claro";"Dupla";"Não Informado";"Não";2;0;2;0;0;0;2;1;-22,70948502;-43,29040354;"SPRF-RJ";"DEL01-RJ";"UOP02-DEL01-RJ"
573641;2024-01-09;"terça-feira";"19:42:00";"RN";304;33;"MOSSORO";"Animais na Pista";"Atropelamento de Animal";"Com Vítimas Feridas";"Plena Noite";"Decrescente";"Céu Claro";"Múltipla";"Reta";"Sim";1;0;1;0;0;0;1;1;-5,1436187;-37,34679947;"SPRF-RN";"DEL04-RN";"UOP02-DEL04-RN"
573642;2024-01-09;"terça-feira";"19:30:00";"DF";70;12,5;"BRASILIA";"Trafegar com motocicleta (ou similar) entre as faixas";"Colisão transversal";"Com Vítimas Feridas";"Plena Noite";"Crescente";"Nublado";"Dupla";"Reta";"Não";3;0;1;0;2;0;1;2;-15,792243;-48,158543;"SPRF-DF";"DEL03-DF";"UOP02-DEL03-DF"
573649;2024-01-09;"terça-feira";"20:15:00";"SC";470;22;"ILHOTA";"Ausência de reação do condutor";"Tombamento";"Com Vítimas Feridas";"Plena Noite";"Decrescente";"Nublado";"Dupla";"Viaduto";"Não";1;0;0;1;0;0;1;1;-26,880066;-48,836224;"SPRF-SC";"DEL04-SC";"UOP04-DEL04-SC"
573651;2024-01-09;"terça-feira";"19:10:00";"SP";116;226;"GUARULHOS";"Chuva";"Queda de ocupante de veículo";"Com Vítimas Feridas";"Plena Noite";"Decrescente";"Chuva";"Dupla";"Não Informado";"Não";1;0;1;0;0;0;1;1;-23,49102507;-46,54878195;"SPRF-SP";"DEL01-SP";"UOP01-DEL01-SP"
573652;2024-01-09;"terça-feira";"19:45:00";"PE";101;51,6;"PAULISTA";"Desrespeitar a preferência no cruzamento";"Colisão transversal";"Com Vítimas Feridas";"Plena Noite";"Decrescente";"Céu Claro";"Simples";"Reta";"Sim";3;0;1;2;0;0;3;2;-7,9169968;-34,89689272;"SPRF-PE";"DEL01-PE";"UOP02-DEL01-PE"
573653;2024-01-09;"terça-feira";"17:00:00";"PR";277;216;"TEIXEIRA SOARES";"Demais falhas mecânicas ou elétricas";"Queda de ocupante de veículo";"Com Vítimas Feridas";"Pleno dia";"Crescente";"Céu Claro";"Simples";"Reta";"Não";2;0;2;0;0;0;2;1;-25,45928696;-50,34213707;"SPRF-PR";"DEL08-PR";"UOP02-DEL08-PR"
573654;2024-01-09;"terça-feira";"19:30:00";"MS";163;630,4;"SAO GABRIEL DO OESTE";"Demais falhas mecânicas ou elétricas";"Incêndio";"Sem Vítimas";"Plena Noite";"Crescente";"Céu Claro";"Dupla";"Reta";"Não";1;0;0;0;1;0;0;1;-19,28588606;-54,64282106;"SPRF-MS";"DEL06-MS";"UOP02-DEL06-MS"
573655;2024-01-09;"terça-feira";"19:50:00";"MG";381;929,2;"ITAPEVA";"Ingestão de álcool pelo condutor";"Saída de leito carroçável";"Com Vítimas Fatais";"Plena Noite";"Decrescente";"Nublado";"Dupla";"Curva";"Não";1;1;0;0;0;0;0;1;-22,77097808;-46,23617649;"SPRF-MG";"DEL16-MG";"UOP03-DEL16-MG"
573656;2024-01-09;"terça-feira";"10:10:00";"PA";230;1;"ALTAMIRA";"Reação tardia ou ineficiente do condutor";"Tombamento";"Com Vítimas Feridas";"Pleno dia";"Decrescente";"Céu Claro";"Dupla";"Não Informado";"Sim";2;0;0;1;1;0;1;2;-3,203721;-52,206787;"SPRF-PA";"DEL04-PA";"UOP01-DEL04-PA"
573659;2024-01-09;"terça-feira";"20:30:00";"SP";116;489;"CAJATI";"Reação tardia ou ineficiente do condutor";"Queda de ocupante de veículo";"Com Vítimas Feridas";"Plena Noite";"Decrescente";"Céu Claro";"Simples";"Não Informado";"Sim";1;0;1;0;0;0;1;1;-24,73034183;-48,10760707;"SPRF-SP";"DEL05-SP";"UOP01-DEL05-SP"
573660;2024-01-09;"terça-feira";"19:10:00";"RO";429;156;"SAO MIGUEL DO GUAPORE";"Objeto estático sobre o leito carroçável";"Queda de ocupante de veículo";"Com Vítimas Feridas";"Plena Noite";"Decrescente";"Céu Claro";"Simples";"Reta";"Não";1;0;0;1;0;0;1;1;-11,71037389;-62,68764797;"SPRF-RO";"DEL02-RO";"UOP03-DEL02-RO"
573662;2024-01-09;"terça-feira";"22:05:00";"PA";316;105;"SANTA MARIA DO PARA";"Acesso irregular";"Colisão transversal";"Sem Vítimas";"Plena Noite";"Crescente";"Céu Claro";"Simples";"Reta";"Não";2;0;0;0;2;0;0;2;-1,34280151;-47,55991892;"SPRF-PA";"DEL01-PA";"UOP02-DEL01-PA"
573663;2024-01-09;"terça-feira";"09:50:00";"RS";116;269;"CANOAS";"Ausência de reação do condutor";"Tombamento";"Com Vítimas Feridas";"Plena Noite";"Decrescente";"Céu Claro";"Dupla";"Reta";"Sim";2;0;1;0;0;1;1;2;-29,95942501;-51,17608515;"SPRF-RS";"DEL01-RS";"UOP01-DEL01-RS"
573665;2024-01-09;"terça-feira";"23:00:00";"GO";40;0;"VALPARAISO DE GOIAS";"Transitar na contramão";"Colisão frontal";"Sem Vítimas";"Plena Noite";"Crescente";"Nublado";"Dupla";"Reta";"Sim";3;0;0;0;3;0;0;3;-16,05393824;-47,98216581;"SPRF-DF";"DEL01-DF";"UOP01-DEL01-DF"
573666;2024-01-09;"terça-feira";"22:30:00";"PE";423;87,4;"SAO JOAO";"Ausência de reação do condutor";"Queda de ocupante de veículo";"Com Vítimas Fatais";"Plena Noite";"Decrescente";"Céu Claro";"Simples";"Reta";"Não";1;1;0;0;0;0;0;1;-8,821927;-36,448862;"SPRF-PE";"DEL03-PE";"UOP01-DEL03-PE"
573670;2024-01-10;"quarta-feira";"00:13:00";"RO";319;63;"PORTO VELHO";"Condutor desrespeitou a iluminação vermelha do semáforo";"Colisão transversal";"Com Vítimas Feridas";"Plena Noite";"Crescente";"Céu Claro";"Dupla";"Não Informado";"Sim";3;0;2;0;1;0;2;2;-8,766685;-63,884052;"SPRF-RO";"DEL01-RO";"UOP01-DEL01-RO"
573671;2024-01-10;"quarta-feira";"00:30:00";"RS";290;583,7;"ALEGRETE";"Reação tardia ou ineficiente do condutor";"Colisão traseira";"Com Vítimas Fatais";"Plena Noite";"Crescente";"Céu Claro";"Simples";"Não Informado";"Sim";4;1;0;0;3;0;0;2;-29,813101;-55,806679;"SPRF-RS";"DEL13-RS";"UOP02-DEL13-RS"
573673;2024-01-10;"quarta-feira";"01:20:00";"MG";381;864;"POUSO ALEGRE";"Ingestão de álcool pelo condutor";"Colisão com objeto";"Sem Vítimas";"Plena Noite";"Decrescente";"Céu Claro";"Dupla";"Reta";"Não";1;0;0;0;1;0;0;1;-22,38757269;-45,95265452;"SPRF-MG";"DEL16-MG";"UOP01-DEL16-MG"
573674;2024-01-10;"quarta-feira";"02:00:00";"SP";116;275;"EMBU DAS ARTES";"Transitar na contramão";"Colisão frontal";"Com Vítimas Feridas";"Plena Noite";"Crescente";"Céu Claro";"Dupla";"Reta";"Sim";2;0;1;0;1;0;1;2;-23,63638826;-46,83251584;"SPRF-SP";"DEL04-SP";"UOP01-DEL04-SP"
573676;2024-01-10;"quarta-feira";"01:45:00";"BA";101;881;"TEIXEIRA DE FREITAS";"Condutor Dormindo";"Colisão frontal";"Com Vítimas Feridas";"Plena Noite";"Decrescente";"Céu Claro";"Simples";"Reta";"Não";3;0;1;0;2;0;1;2;-17,56810211;-39,7310257;"SPRF-BA";"DEL09-BA";"UOP02-DEL09-BA"
573677;2024-01-10;"quarta-feira";"02:10:00";"MG";381;909,5;"CAMANDUCAIA";"Condutor Dormindo";"Colisão com objeto";"Com Vítimas Feridas";"Plena Noite";"Crescente";"Céu Claro";"Dupla";"Não Informado";"Não";1;0;1;0;0;0;1;1;-22,68988213;-46,10799573;"SPRF-MG";"DEL16-MG";"UOP03-DEL16-MG"
573680;2024-01-10;"quarta-feira";"02:30:00";"MG";50;183;"UBERABA";"Animais na Pista";"Atropelamento de Animal";"Com Vítimas Feridas";"Plena Noite";"Crescente";"Céu Claro";"Dupla";"Reta";"Sim";57;0;1;0;56;0;1;1;-19,80163169;-47,90598553;"SPRF-MG";"DEL13-MG";"UOP01-DEL13-MG"
573681;2024-01-10;"quarta-feira";"02:20:00";"RS";386;262;"CANOAS";"Ausência de reação do condutor";"Capotamento";"Sem Vítimas";"Plena Noite";"Crescente";"Céu Claro";"Dupla";"Reta";"Sim";1;0;0;0;0;1;0;1;-29,90057451;-51,17645681;"SPRF-RS";"DEL04-RS";"UOP03-DEL04-RS"
573686;2024-01-10;"quarta-feira";"04:50:00";"RJ";116;275;"BARRA MANSA";"Ausência de reação do condutor";"Tombamento";"Com Vítimas Feridas";"Amanhecer";"Decrescente";"Céu Claro";"Dupla";"Reta";"Não";1;0;0;1;0;0;1;1;-22,56207185;-44,15671311;"SPRF-RJ";"DEL07-RJ";"UOP02-DEL07-RJ"
573687;2024-01-10;"quarta-feira";"04:15:00";"GO";20;192,9;"POSSE";"Ultrapassagem Indevida";"Colisão lateral sentido oposto";"Com Vítimas Feridas";"Amanhecer";"Crescente";"Céu Claro";"Simples";"Não Informado";"Não";61;0;1;2;57;1;3;3;-14,330847;-46,439438;"SPRF-DF";"DEL02-DF";"UOP03-DEL02-DF"
573688;2024-01-09;"terça-feira";"22:00:00";"PR";369;174;"ROLANDIA";"Condutor desrespeitou a iluminação vermelha do semáforo";"Colisão transversal";"Com Vítimas Feridas";"Plena Noite";"Crescente";"Garoa/Chuvisco";"Simples";"Interseção de vias";"Sim";2;0;1;0;1;0;1;2;-23,31612621;-51,37660325;"SPRF-PR";"DEL07-PR";"UOP01-DEL07-PR"
573689;2024-01-09;"terça-feira";"19:30:00";"MG";40;25;"PARACATU";"Chuva";"Saída de leito carroçável";"Com Vítimas Feridas";"Plena Noite";"Crescente";"Chuva";"Simples";"Não Informado";"Não";1;0;1;0;0;0;1;1;-17,133504;-46,973414;"SPRF-MG";"DEL14-MG";"UOP01-DEL14-MG"
573690;2024-01-10;"quarta-feira";"06:20:00";"PB";230;69;"SOBRADO";"Trafegar com motocicleta (ou similar) entre as faixas";"Tombamento";"Com Vítimas Feridas";"Pleno dia";"Crescente";"Céu Claro";"Dupla";"Reta";"Sim";2;0;2;0;0;0;2;1;-7,1887;-35,2151;"SPRF-PB";"DEL01-PB";"UOP03-DEL01-PB"
573692;2024-01-10;"quarta-feira";"05:52:00";"PE";407;127;"PETROLINA";"Condutor desrespeitou a iluminação vermelha do semáforo";"Colisão transversal";"Com Vítimas Feridas";"Amanhecer";"Decrescente";"Céu Claro";"Simples";"Interseção de vias";"Sim";2;0;1;1;0;0;2;2;-9,39138879;-40,51900506;"SPRF-PE";"DEL06-PE";"UOP01-DEL06-PE"
573693;2024-01-10;"quarta-feira";"06:35:00";"RJ";116;173;"SAO JOAO DE MERITI";"Demais falhas na via";"Atropelamento de Pedestre";"Com Vítimas Feridas";"Pleno dia";"Decrescente";"Céu Claro";"Dupla";"Reta";"Sim";2;0;0;1;1;0;1;2;-22,80048459;-43,35364938;"SPRF-RJ";"DEL06-RJ";"UOP01-DEL06-RJ"
573696;2024-01-10;"quarta-feira";"06:30:00";"SP";116;207;"GUARULHOS";"Reação tardia ou ineficiente do condutor";"Colisão traseira";"Sem Vítimas";"Pleno dia";"Crescente";"Céu Claro";"Múltipla";"Reta";"Não";3;0;0;0;3;0;0;2;-23,41972188;-46,38419203;"SPRF-SP";"DEL01-SP";"UOP01-DEL01-SP"
573698;2024-01-10;"quarta-feira";"07:15:00";"SP";153;61,9;"SAO JOSE DO RIO PRETO";"Manobra de mudança de faixa";"Colisão lateral mesmo sentido";"Com Vítimas Feridas";"Pleno dia";"Crescente";"Céu Claro";"Dupla";"Reta";"Não";2;0;1;0;1;0;1;2;-20,80502876;-49,35574909;"SPRF-SP";"DEL09-SP";"UOP01-DEL09-SP"