"id";"data_inversa";"dia_semana";"horario";"uf";"br";"km";"municipio";"causa_acidente";"tipo_acidente";"classificacao_acidente";"fase_dia";"sentido_via";"condicao_metereologica";"tipo_pista";"tracado_via";"uso_solo";"pessoas";"mortos";"feridos_leves";"feridos_graves";"ilesos";"ignorados";"feridos";"veiculos";"latitude";"longitude";"regional";"delegacia";"uop"
573699;2024-01-10;"quarta-feira";"06:50:00";"TO";10;456;"PALMAS";"Estacionar ou parar em local proibido";"Colisão traseira";"Com Vítimas Feridas";"Pleno dia";"Crescente";"Céu Claro";"Múltipla";"Reta";"Sim";3;0;1;0;2;0;1;2;-10,29108024;-48,29757214;"SPRF-TO";"DEL01-TO";"UOP03-DEL01-TO"
573702;2024-01-10;"quarta-feira";"07:10:00";"PR";369;507,2;"CASCAVEL";"Desrespeitar a preferência no cruzamento";"Colisão transversal";"Com Vítimas Feridas";"Pleno dia";"Decrescente";"Sol";"Simples";"Não Informado";"Sim";2;0;1;0;1;0;1;2;-24,95982474;-53,39882439;"SPRF-PR";"DEL04-PR";"UOP01-DEL04-PR"
573703;2024-01-10;"quarta-feira";"07:40:00";"PR";116;116;"CURITIBA";"Manobra de mudança de faixa";"Colisão lateral mesmo sentido";"Com Vítimas Feridas";"Pleno dia";"Decrescente";"Céu Claro";"Dupla";"Reta";"Sim";2;0;1;0;1;0;1;2;-25,55468195;-49,27402397;"SPRF-PR";"DEL01-PR";"UOP03-DEL01-PR"
573706;2024-01-10;"quarta-feira";"07:55:00";"SP";153;61;"SAO JOSE DO RIO PRETO";"Condutor deixou de manter distância do veículo da frente";"Colisão traseira";"Com Vítimas Feridas";"Pleno dia";"Decrescente";"Nublado";"Dupla";"Reta";"Sim";2;0;1;0;1;0;1;2;-20,80502876;-49,35574909;"SPRF-SP";"DEL09-SP";"UOP01-DEL09-SP"
573707;2024-01-10;"quarta-feira";"07:55:00";"RS";116;270;"CANOAS";"Reação tardia ou ineficiente do condutor";"Queda de ocupante de veículo";"Com Vítimas Feridas";"Pleno dia";"Decrescente";"Céu Claro";"Dupla";"Reta";"Sim";1;0;1;0;0;0;1;1;-29,96839095;-51,17623895;"SPRF-RS";"DEL01-RS";"UOP01-DEL01-RS"
573708;2024-01-10;"quarta-feira";"07:00:00";"DF";70;16;"BRASILIA";"Acessar a via sem observar a presença dos outros veículos";"Colisão transversal";"Com Vítimas Feridas";"Pleno dia";"Crescente";"Nublado";"Dupla";"Não Informado";"Não";2;0;1;0;1;0;1;2;-15,796144;-48,194225;"SPRF-DF";"DEL03-DF";"UOP02-DEL03-DF"
573709;2024-01-10;"quarta-feira";"08:10:00";"TO";153;141;"ARAGUAINA";"Acessar a via sem observar a presença dos outros veículos";"Colisão traseira";"Com Vítimas Feridas";"Pleno dia";"Crescente";"Céu Claro";"Simples";"Não Informado";"Sim";2;0;1;0;1;0;1;2;-7,175959;-48,219548;"SPRF-TO";"DEL02-TO";"UOP01-DEL02-TO"
573711;2024-01-10;"quarta-feira";"07:45:00";"SP";116;218;"GUARULHOS";"Condutor deixou de manter distância do veículo da frente";"Colisão traseira";"Com Vítimas Feridas";"Amanhecer";"Crescente";"Céu Claro";"Múltipla";"Desvio Temporário";"Sim";2;0;0;1;0;1;1;2;-23,457972;-46,479927;"SPRF-SP";"DEL01-SP";"UOP01-DEL01-SP"
573713;2024-01-10;"quarta-feira";"08:00:00";"PR";277;592,9;"CASCAVEL";"Condutor deixou de manter distância do veículo da frente";"Engavetamento";"Sem Vítimas";"Pleno dia";"Decrescente";"Sol";"Simples";"Não Informado";"Sim";5;0;0;0;4;1;0;3;-24,98285697;-53,47319399;"SPRF-PR";"DEL04-PR";"UOP01-DEL04-PR"
573714;2024-01-10;"quarta-feira";"07:00:00";"BA";110;75;"JEREMOABO";"Acessar a via sem observar a presença dos outros veículos";"Colisão transversal";"Com Vítimas Feridas";"Pleno dia";"Decrescente";"Céu Claro";"Simples";"Reta";"Não";3;0;2;1;0;0;3;2;-10,08112514;-38,33453894;"SPRF-BA";"DEL07-BA";"UOP01-DEL07-BA"
573716;2024-01-10;"quarta-feira";"08:10:00";"GO";153;87;"PORANGATU";"Ausência de reação do condutor";"Saída de leito carroçável";"Com Vítimas Feridas";"Pleno dia";"Decrescente";"Chuva";"Simples";"Não Informado";"Não";4;0;3;0;1;0;3;1;-13,556277;-49,065784;"SPRF-GO";"DEL07-GO";"UOP01-DEL07-GO"
573720;2024-01-10;"quarta-feira";"06:00:00";"MG";381;456,2;"BELO HORIZONTE";"Condutor deixou de manter distância do veículo da frente";"Colisão traseira";"Com Vítimas Feridas";"Amanhecer";"Decrescente";"Ignorado";"Dupla";"Não Informado";"Sim";2;0;0;1;1;0;1;2;-19,841797;-43,885307;"SPRF-MG";"DEL01-MG";"UOP01-DEL01-MG"
573721;2024-01-10;"quarta-feira";"07:20:00";"RJ";493;78;"JAPERI";"Condutor Dormindo";"Queda de ocupante de veículo";"Com Vítimas Feridas";"Pleno dia";"Crescente";"Céu Claro";"Dupla";"Reta";"Não";1;0;1;0;0;0;1;1;-22,66185849;-43,60027313;"SPRF-RJ";"DEL01-RJ";"UOP03-DEL01-RJ"
573722;2024-01-10;"quarta-feira";"07:17:00";"RO";319;63,6;"PORTO VELHO";"Desrespeitar a preferência no cruzamento";"Colisão transversal";"Com Vítimas Feridas";"Pleno dia";"Decrescente";"Céu Claro";"Dupla";"Reta";"Não";2;0;1;0;1;0;1;2;-8,76310139;-63,88479853;"SPRF-RO";"DEL01-RO";"UOP01-DEL01-RO"
573723;2024-01-10;"quarta-feira";"08:50:00";"RJ";40;109;"DUQUE DE CAXIAS";"Acumulo de óleo sobre o pavimento";"Queda de ocupante de veículo";"Com Vítimas Feridas";"Pleno dia";"Decrescente";"Céu Claro";"Dupla";"Curva";"Não";1;0;1;0;0;0;1;1;-22,67374628;-43,28638368;"SPRF-RJ";"DEL01-RJ";"UOP02-DEL01-RJ"
573725;2024-01-10;"quarta-feira";"06:30:00";"PE";316;288;"BELEM DE SAO FRANCISCO";"Animais na Pista";"Atropelamento de Animal";"Sem Vítimas";"Pleno dia";"Decrescente";"Nublado";"Simples";"Reta";"Não";2;0;0;0;2;0;0;1;-8,64782573;-38,70730609;"SPRF-PE";"DEL04-PE";"UOP03-DEL04-PE"
573727;2024-01-10;"quarta-feira";"09:00:00";"SP";101;52;"UBATUBA";"Ausência de reação do condutor";"Colisão traseira";"Com Vítimas Feridas";"Pleno dia";"Crescente";"Céu Claro";"Simples";"Rotatória";"Sim";2;0;1;0;1;0;1;2;-23,4623355;-45,06476561;"SPRF-SP";"DEL06-SP";"UOP01-DEL06-SP"
573728;2024-01-10;"quarta-feira";"07:51:00";"PE";232;411;"SERRA TALHADA";"Acessar a via sem observar a presença dos outros veículos";"Colisão transversal";"Com Vítimas Feridas";"Pleno dia";"Crescente";"Garoa/Chuvisco";"Simples";"Reta";"Sim";5;0;2;0;3;0;2;2;-7,981247;-38,305227;"SPRF-PE";"DEL04-PE";"UOP01-DEL04-PE"
573732;2024-01-10;"quarta-feira";"07:50:00";"SP";116;497;"CAJATI";"Acessar a via sem observar a presença dos outros veículos";"Atropelamento de Pedestre";"Com Vítimas Feridas";"Pleno dia";"Crescente";"Céu Claro";"Dupla";"Curva";"Não";2;0;1;0;1;0;1;2;-24,76728682;-48,16859721;"SPRF-SP";"DEL05-SP";"UOP01-DEL05-SP"
573733;2024-01-10;"quarta-feira";"09:00:00";"RN";406;163;"SAO GONCALO DO AMARANTE";"Desrespeitar a preferência no cruzamento";"Colisão transversal";"Com Vítimas Feridas";"Pleno dia";"Decrescente";"Céu Claro";"Simples";"Reta";"Não";2;0;0;1;1;0;1;2;-5,73527201;-35,35543901;"SPRF-RN";"DEL02-RN";"UOP01-DEL02-RN"
573734;2024-01-01;"segunda-feira";"12:05:00";"GO";153;590,9;"PIRACANJUBA";"Velocidade Incompatível";"Saída de leito carroçável";"Com Vítimas Feridas";"Pleno dia";"Decrescente";"Chuva";"Dupla";"Curva";"Não";2;0;2;0;0;0;2;1;-17,4675;-49,2187;"SPRF-GO";"DEL03-GO";"UOP01-DEL03-GO"
573735;2024-01-10;"quarta-feira";"07:25:00";"MG";153;34;"CANAPOLIS";"Pista Escorregadia";"Queda de ocupante de veículo";"Com Vítimas Feridas";"Pleno dia";"Crescente";"Nublado";"Simples";"Não Informado";"Não";1;0;1;0;0;0;1;1;-18,71074793;-49,13692422;"SPRF-MG";"DEL15-MG";"UOP03-DEL15-MG"
573736;2024-01-10;"quarta-feira";"09:30:00";"RS";116;246;"SAO LEOPOLDO";"Trafegar com motocicleta (ou similar) entre as faixas";"Colisão lateral mesmo sentido";"Com Vítimas Feridas";"Pleno dia";"Decrescente";"Céu Claro";"Dupla";"Não Informado";"Sim";3;0;0;1;1;1;1;3;-29,758751;-51,15186806;"SPRF-RS";"DEL01-RS";"UOP02-DEL01-RS"
573738;2024-01-10;"quarta-feira";"09:30:00";"MG";153;129;"PRATA";"Ausência de reação do condutor";"Tombamento";"Com Vítimas Feridas";"Pleno dia";"Crescente";"Chuva";"Dupla";"Reta";"Não";2;0;1;1;0;0;2;1;-19,48466991;-48,86193486;"SPRF-MG";"DEL15-MG";"UOP03-DEL15-MG"
573742;2024-01-10;"quarta-feira";"10:00:00";"SC";101;204;"SAO JOSE";"Condutor deixou de manter distância do veículo da frente";"Colisão lateral mesmo sentido";"Com Vítimas Feridas";"Pleno dia";"Decrescente";"Céu Claro";"Múltipla";"Não Informado";"Sim";2;0;0;1;1;0;1;2;-27,57413014;-48,61363083;"SPRF-SC";"DEL01-SC";"UOP01-DEL01-SC"
573743;2024-01-10;"quarta-feira";"09:00:00";"BA";324;619;"SALVADOR";"Condutor deixou de manter distância do veículo da frente";"Engavetamento";"Sem Vítimas";"Pleno dia";"Crescente";"Céu Claro";"Dupla";"Reta";"Sim";2;0;0;0;2;0;0;2;-12,89820999;-38,45012202;"SPRF-BA";"DEL01-BA";"UOP01-DEL01-BA"
573744;2024-01-10;"quarta-feira";"09:25:00";"RJ";101;103,2;"CAMPOS DOS GOYTACAZES";"Condutor Dormindo";"Colisão com objeto";"Com Vítimas Feridas";"Pleno dia";"Decrescente";"Céu Claro";"Dupla";"Reta";"Não";1;0;1;0;0;0;1;1;-21,9055150459;-41,6071906525;"SPRF-RJ";"DEL08-RJ";"UOP02-DEL08-RJ"
573746;2024-01-10;"quarta-feira";"10:01:00";"RJ";493;92;"SEROPEDICA";"Ausência de reação do condutor";"Saída de leito carroçável";"Com Vítimas Feridas";"Pleno dia";"Decrescente";"Céu Claro";"Dupla";"Reta";"Não";1;0;1;0;0;0;1;1;-22,66571593;-43,63250256;"SPRF-RJ";"DEL01-RJ";"UOP03-DEL01-RJ"
573751;2024-01-10;"quarta-feira";"10:45:00";"PB";405;32,9;"SAO JOAO DO RIO DO PEIXE";"Entrada inopinada do pedestre";"Atropelamento de Pedestre";"Com Vítimas Feridas";"Pleno dia";"Crescente";"Sol";"Simples";"Reta";"Sim";2;0;0;1;0;1;1;2;-6,736044;-38,446316;"SPRF-PB";"DEL03-PB";"UOP03-DEL03-PB"
573756;2024-01-09;"terça-feira";"07:30:00";"PA";222;65;"DOM ELISEU";"Avarias e/ou desgaste excessivo no pneu";"Saída de leito carroçável";"Com Vítimas Feridas";"Pleno dia";"Crescente";"Céu Claro";"Simples";"Reta";"Não";1;0;0;1;0;0;1;1;-4,529181;-47,828461;"SPRF-PA";"DEL02-PA";"UOP02-DEL02-PA"
573757;2024-01-10;"quarta-feira";"11:15:00";"SC";101;118,1;"ITAJAI";"Ausência de reação do condutor";"Colisão lateral mesmo sentido";"Com Vítimas Feridas";"Pleno dia";"Crescente";"Sol";"Dupla";"Reta";"Não";2;0;1;0;1;0;1;2;-26,895859;-48,71903;"SPRF-SC";"DEL04-SC";"UOP04-DEL04-SC"
573760;2024-01-10;"quarta-feira";"10:20:00";"MA";230;437;"RIACHAO";"Acessar a via sem observar a presença dos outros veículos";"Colisão transversal";"Com Vítimas Fatais";"Pleno dia";"Decrescente";"Céu Claro";"Simples";"Não Informado";"Não";6;1;0;0;5;0;0;2;-7,44514217;-46,32653612;"SPRF-MA";"DEL05-MA";"UOP01-DEL05-MA"
573765;2024-01-10;"quarta-feira";"10:30:00";"MT";70;150,5;"GENERAL CARNEIRO";"Reação tardia ou ineficiente do condutor";"Colisão frontal";"Com Vítimas Fatais";"Pleno dia";"Crescente";"Chuva";"Simples";"Não Informado";"Não";8;4;3;1;0;0;4;2;-15,57764391;-53,37038799;"SPRF-MT";"DEL07-MT";"UOP01-DEL07-MT"
573766;2024-01-10;"quarta-feira";"13:30:00";"RJ";101;324;"NITEROI";"Manobra de mudança de faixa";"Colisão lateral mesmo sentido";"Com Vítimas Feridas";"Pleno dia";"Decrescente";"Céu Claro";"Dupla";"Reta";"Não";2;0;1;0;1;0;1;2;-22,87381074;-43,12640997;"SPRF-RJ";"DEL02-RJ";"UOP01-DEL02-RJ"
573768;2024-01-10;"quarta-feira";"08:00:00";"MT";70;513;"VARZEA GRANDE";"Reação tardia ou ineficiente do condutor";"Colisão traseira";"Sem Vítimas";"Pleno dia";"Crescente";"Céu Claro";"Simples";"Reta";"Não";5;0;0;0;5;0;0;2;-15,63725379;-56,04194641;"SPRF-MT";"DEL01-MT";"UOP02-DEL01-MT"
573770;2024-01-10;"quarta-feira";"10:10:00";"MG";116;702,8;"MURIAE";"Retorno proibido";"Colisão transversal";"Com Vítimas Feridas";"Pleno dia";"Crescente";"Céu Claro";"Simples";"Reta";"Sim";2;0;1;0;1;0;1;2;-21,11938311;-42,38006362;"SPRF-MG";"DEL07-MG";"UOP02-DEL07-MG"
573771;2024-01-10;"quarta-feira";"08:45:00";"SC";101;92,2;"BARRA VELHA";"Frear bruscamente";"Colisão traseira";"Com Vítimas Feridas";"Pleno dia";"Decrescente";"Céu Claro";"Dupla";"Reta";"Sim";2;0;1;0;1;0;1;2;-26,61085222;-48,72204472;"SPRF-SC";"DEL03-SC";"UOP02-DEL03-SC"
573773;2024-01-10;"quarta-feira";"08:10:00";"SC";101;59,3;"ARAQUARI";"Reação tardia ou ineficiente do condutor";"Colisão com objeto";"Com Vítimas Feridas";"Pleno dia";"Decrescente";"Sol";"Dupla";"Curva";"Sim";2;0;2;0;0;0;2;1;-26,44651734;-48,79426826;"SPRF-SC";"DEL03-SC";"UOP02-DEL03-SC"
573776;2024-01-10;"quarta-feira";"10:30:00";"RS";285;585;"SAO LUIZ GONZAGA";"Acumulo de água sobre o pavimento";"Queda de ocupante de veículo";"Com Vítimas Feridas";"Pleno dia";"Crescente";"Chuva";"Simples";"Reta";"Não";2;0;2;0;0;0;2;1;-28,4481664;-55,11737823;"SPRF-RS";"DEL12-RS";"UOP01-DEL12-RS"
573778;2024-01-10;"quarta-feira";"13:00:00";"AL";101;219,6;"PORTO REAL DO COLEGIO";"Acumulo de água sobre o pavimento";"Saída de leito carroçável";"Com Vítimas Feridas";"Pleno dia";"Crescente";"Chuva";"Dupla";"Desvio Temporário";"Não";4;0;1;0;3;0;1;3;-10,04787311;-36,67004799;"SPRF-AL";"DEL02-AL";"UOP02-DEL02-AL"
573780;2024-01-10;"quarta-feira";"12:30:00";"PE";232;330;"CUSTODIA";"Mal súbito do condutor";"Queda de ocupante de veículo";"Com Vítimas Feridas";"Pleno dia";"Decrescente";"Céu Claro";"Simples";"Reta";"Não";1;0;1;0;0;0;1;1;-8,09012961;-37,60830897;"SPRF-PE";"DEL04-PE";"UOP02-DEL04-PE"
573781;2024-01-10;"quarta-feira";"14:40:00";"SP";116;209;"GUARULHOS";"Trafegar com motocicleta (ou similar) entre as faixas";"Colisão traseira";"Com Vítimas Feridas";"Pleno dia";"Decrescente";"Céu Claro";"Múltipla";"Reta";"Sim";2;0;1;0;1;0;1;2;-23,42511799;-46,40221101;"SPRF-SP";"DEL01-SP";"UOP01-DEL01-SP"
573784;2024-01-10;"quarta-feira";"14:00:00";"RJ";116;138;"MAGE";"Transitar no Acostamento";"Colisão lateral mesmo sentido";"Com Vítimas Feridas";"Pleno dia";"Crescente";"Céu Claro";"Dupla";"Reta";"Não";2;0;1;0;1;0;1;2;-22,64697319;-43,19165101;"SPRF-RJ";"DEL04-RJ";"UOP02-DEL04-RJ"
573785;2024-01-10;"quarta-feira";"07:30:00";"BA";101;283;"LAJE";"Ultrapassagem Indevida";"Colisão frontal";"Com Vítimas Fatais";"Pleno dia";"Decrescente";"Céu Claro";"Simples";"Reta";"Não";5;2;2;1;0;0;3;2;-13,25171307;-39,32329328;"SPRF-BA";"DEL01-BA";"UOP02-DEL01-BA"
573786;2024-01-10;"quarta-feira";"15:50:00";"MG";50;70;"UBERLANDIA";"Condutor desrespeitou a iluminação vermelha do semáforo";"Colisão transversal";"Com Vítimas Feridas";"Pleno dia";"Decrescente";"Céu Claro";"Dupla";"Não Informado";"Sim";2;0;2;0;0;0;2;2;-18,85140204;-48,25345932;"SPRF-MG";"DEL15-MG";"UOP01-DEL15-MG"
573790;2024-01-10;"quarta-feira";"15:19:00";"MG";381;591,5;"CARMOPOLIS DE MINAS";"Demais falhas mecânicas ou elétricas";"Tombamento";"Com Vítimas Feridas";"Pleno dia";"Crescente";"Céu Claro";"Dupla";"Reta";"Sim";2;0;2;0;0;0;2;1;-20,55284534;-44,66074133;"SPRF-MG";"DEL04-MG";"UOP01-DEL04-MG"
573791;2024-01-10;"quarta-feira";"15:30:00";"SC";101;137;"BALNEARIO CAMBORIU";"Trafegar com motocicleta (ou similar) entre as faixas";"Colisão lateral mesmo sentido";"Com Vítimas Feridas";"Pleno dia";"Decrescente";"Céu Claro";"Dupla";"Reta";"Sim";2;0;1;0;1;0;1;2;-27,0157238;-48,61192763;"SPRF-SC";"DEL04-SC";"UOP03-DEL04-SC"
573793;2024-01-10;"quarta-feira";"15:30:00";"RO";364;17;"VILHENA";"Ingestão de álcool pelo condutor";"Colisão traseira";"Com Vítimas Feridas";"Pleno dia";"Decrescente";"Nublado";"Simples";"Não Informado";"Não";4;0;2;0;2;0;2;2;-12,73207998;-60,16589399;"SPRF-RO";"DEL04-RO";"UOP01-DEL04-RO"
573795;2024-01-10;"quarta-feira";"15:40:00";"GO";20;120;"FLORES DE GOIAS";"Ausência de reação do condutor";"Colisão traseira";"Com Vítimas Feridas";"Pleno dia";"Crescente";"Céu Claro";"Simples";"Reta";"Não";5;0;2;0;3;0;2;2;-14,870433;-46,826354;"SPRF-DF";"DEL02-DF";"UOP03-DEL02-DF"
573796;2024-01-10;"quarta-feira";"16:30:00";"GO";60;138;"GOIANIA";"Ausência de reação do condutor";"Colisão com objeto";"Com Vítimas Feridas";"Pleno dia";"Crescente";"Sol";"Simples";"Curva";"Sim";5;0;0;2;2;1;2;4;-16,6176283;-49,2065111;"SPRF-GO";"DEL01-GO";"UOP01-DEL01-GO"
573798;2024-01-10;"quarta-feira";"16:30:00";"RJ";101;428;"MANGARATIBA";"Acessar a via sem observar a presença dos outros veículos";"Colisão transversal";"Com Vítimas Feridas";"Pleno dia";"Decrescente";"Sol";"Dupla";"Não Informado";"Sim";5;0;4;1;0;0;5;2;-22,93391858;-43,9899979;"SPRF-RJ";"DEL03-RJ";"UOP02-DEL03-RJ"
573799;2024-01-10;"quarta-feira";"11:30:00";"SC";280;240;"CANOINHAS";"Condutor Dormindo";"Saída de leito carroçável";"Sem Vítimas";"Pleno dia";"Crescente";"Céu Claro";"Simples";"Reta";"Não";1;0;0;0;1;0;0;1;-26,2173631;-50,45390288;"SPRF-SC";"DEL06-SC";"UOP04-DEL06-SC"
573802;2024-01-10;"quarta-feira";"17:00:00";"PE";101;50;"ABREU E LIMA";"Manobra de mudança de faixa";"Colisão traseira";"Com Vítimas Feridas";"Anoitecer";"Crescente";"Céu Claro";"Múltipla";"Reta";"Sim";2;0;2;0;0;0;2;2;-7,90938602;-34,90123228;"SPRF-PE";"DEL01-PE";"UOP02-DEL01-PE"
573804;2024-01-10;"quarta-feira";"17:18:00";"DF";20;16;"BRASILIA";"Reação tardia ou ineficiente do condutor";"Saída de leito carroçável";"Com Vítimas Feridas";"Pleno dia";"Crescente";"Nublado";"Dupla";"Não Informado";"Sim";2;0;1;0;1;0;1;1;-15,625675;-47,725159;"SPRF-DF";"DEL02-DF";"UOP01-DEL02-DF"
573806;2024-01-10;"quarta-feira";"16:40:00";"BA";324;596;"CANDEIAS";"Condutor deixou de manter distância do veículo da frente";"Colisão traseira";"Sem Vítimas";"Pleno dia";"Crescente";"Céu Claro";"Dupla";"Curva";"Não";2;0;0;0;2;0;0;2;-12,72003796;-38,45130588;"SPRF-BA";"DEL01-BA";"UOP01-DEL01-BA"
573807;2024-01-10;"quarta-feira";"18:05:00";"PR";277;584;"CASCAVEL";"Manobra de mudança de faixa";"Colisão lateral mesmo sentido";"Sem Vítimas";"Pleno dia";"Crescente";"Sol";"Múltipla";"Não Informado";"Sim";2;0;0;0;2;0;0;2;-24,96455187;-53,40569085;"SPRF-PR";"DEL04-PR";"UOP01-DEL04-PR"
573808;2024-01-10;"quarta-feira";"15:00:00";"MG";116;295;"TEOFILO OTONI";"Mal súbito do condutor";"Queda de ocupante de veículo";"Com Vítimas Feridas";"Pleno dia";"Decrescente";"Céu Claro";"Simples";"Reta";"Não";1;0;1;0;0;0;1;1;-17,99801182;-41,57578804;"SPRF-MG";"DEL11-MG";"UOP01-DEL11-MG"
573811;2024-01-10;"quarta-feira";"17:50:00";"MG";116;526,3;"CARATINGA";"Ausência de reação do condutor";"Colisão traseira";"Com Vítimas Feridas";"Pleno dia";"Decrescente";"Garoa/Chuvisco";"Simples";"Não Informado";"Sim";2;0;1;0;1;0;1;2;-19,77654011;-42,13327989;"SPRF-MG";"DEL06-MG";"UOP02-DEL06-MG"
573813;2024-01-10;"quarta-feira";"16:00:00";"BA";101;114;"ALAGOINHAS";"Condutor deixou de manter distância do veículo da frente";"Colisão traseira";"Com Vítimas Feridas";"Pleno dia";"Decrescente";"Céu Claro";"Simples";"Reta";"Não";2;0;0;1;0;1;1;2;-12,15401817;-38,51205106;"SPRF-BA";"DEL01-BA";"UOP04-DEL01-BA"
573814;2024-01-10;"quarta-feira";"17:35:00";"PE";101;36,9;"IGARASSU";"Manobra de mudança de faixa";"Colisão transversal";"Com Vítimas Feridas";"Pleno dia";"Crescente";"Céu Claro";"Dupla";"Reta";"Não";2;0;1;0;0;1;1;2;-7,788367;-34,92981702;"SPRF-PE";"DEL01-PE";"UOP02-DEL01-PE"
573815;2024-01-10;"quarta-feira";"18:45:00";"MG";40;747,9;"SANTOS DUMONT";"Animais na Pista";"Saída de leito carroçável";"Com Vítimas Feridas";"Anoitecer";"Decrescente";"Nublado";"Simples";"Curva";"Não";2;0;1;1;0;0;2;1;-21,4328731;-43,55221915;"SPRF-MG";"DEL05-MG";"UOP01-DEL05-MG"
573816;2024-01-10;"quarta-feira";"13:00:00";"RJ";116;180;"NOVA IGUACU";"Reação tardia ou ineficiente do condutor";"Colisão traseira";"Com Vítimas Feridas";"Pleno dia";"Decrescente";"Céu Claro";"Dupla";"Reta";"Não";4;0;1;0;3;0;1;3;-22,7651616;-43,4154728;"SPRF-RJ";"DEL06-RJ";"UOP01-DEL06-RJ"
573818;2024-01-10;"quarta-feira";"18:00:00";"SP";153;110,1;"JOSE BONIFACIO";"Ausência de reação do condutor";"Colisão traseira";"Com Vítimas Feridas";"Plena Noite";"Decrescente";"Nublado";"Simples";"Reta";"Não";2;0;1;0;1;0;1;2;-21,08845219;-49,67466361;"SPRF-SP";"DEL09-SP";"UOP01-DEL09-SP"
573819;2024-01-10;"quarta-feira";"17:30:00";"SC";101;328;"CAPIVARI DE BAIXO";"Demais falhas mecânicas ou elétricas";"Colisão traseira";"Com Vítimas Feridas";"Pleno dia";"Crescente";"Céu Claro";"Dupla";"Não Informado";"Sim";2;0;0;1;1;0;1;2;-28,43648094;-48,95989307;"SPRF-SC";"DEL02-SC";"UOP01-DEL02-SC"
573820;2024-01-10;"quarta-feira";"18:25:00";"AL";104;30,4;"UNIAO DOS PALMARES";"Ausência de reação do condutor";"Queda de ocupante de veículo";"Com Vítimas Feridas";"Plena Noite";"Crescente";"Nublado";"Simples";"Reta";"Não";1;0;0;1;0;0;1;1;-9,12603274;-36,03386675;"SPRF-AL";"DEL01-AL";"UOP02-DEL01-AL"
573823;2024-01-10;"quarta-feira";"18:50:00";"SC";101;205,5;"SAO JOSE";"Manobra de mudança de faixa";"Colisão lateral mesmo sentido";"Com Vítimas Feridas";"Anoitecer";"Crescente";"Céu Claro";"Dupla";"Reta";"Sim";2;0;0;1;0;1;1;2;-27,58313237;-48,61532885;"SPRF-SC";"DEL01-SC";"UOP01-DEL01-SC"
573824;2024-01-10;"quarta-feira";"19:00:00";"MG";365;623;"UBERLANDIA";"Afundamento ou ondulação no pavimento";"Colisão com objeto";"Com Vítimas Feridas";"Plena Noite";"Decrescente";"Nublado";"Dupla";"Reta";"Sim";1;0;1;0;0;0;1;1;-18,9100325;-48,30694985;"SPRF-MG";"DEL15-MG";"UOP01-DEL15-MG"
573825;2024-01-10;"quarta-feira";"18:50:00";"ES";259;33,5;"COLATINA";"Conversão proibida";"Colisão transversal";"Com Vítimas Feridas";"Plena Noite";"Crescente";"Céu Claro";"Simples";"Reta";"Sim";2;0;0;1;1;0;1;2;-19,5706707;-40,50497334;"SPRF-ES";"DEL02-ES";"UOP01-DEL02-ES"
573827;2024-01-10;"quarta-feira";"18:20:00";"CE";222;4;"CAUCAIA";"Manobra de mudança de faixa";"Colisão lateral mesmo sentido";"Com Vítimas Feridas";"Plena Noite";"Crescente";"Céu Claro";"Múltipla";"Reta";"Sim";2;0;0;1;1;0;1;2;-3,741515;-38,605295;"SPRF-CE";"DEL01-CE";"UOP01-DEL01-CE"
573828;2024-01-10;"quarta-feira";"19:00:00";"PR";277;19;"MORRETES";"Demais falhas mecânicas ou elétricas";"Colisão com objeto";"Com Vítimas Feridas";"Anoitecer";"Crescente";"Céu Claro";"Dupla";"Reta";"Não";2;0;1;1;0;0;2;1;-25,53862164;-48,69474292;"SPRF-PR";"DEL01-PR";"UOP05-DEL01-PR"
573831;2024-01-10;"quarta-feira";"17:30:00";"PA";155;343;"MARABA";"Acessar a via sem observar a presença dos outros veículos";"Atropelamento de Pedestre";"Com Vítimas Feridas";"Pleno dia";"Decrescente";"Nublado";"Simples";"Não Informado";"Sim";3;0;1;1;0;1;2;2;-5,36957395;-49,07796968;"SPRF-PA";"DEL03-PA";"UOP01-DEL03-PA"
573832;2024-01-10;"quarta-feira";"18:00:00";"CE";20;83,1;"TAUA";"Entrada inopinada do pedestre";"Atropelamento de Pedestre";"Com Vítimas Fatais";"Anoitecer";"Decrescente";"Céu Claro";"Simples";"Reta";"Sim";2;1;0;0;1;0;0;2;-6,00760337;-40,28674757;"SPRF-CE";"DEL02-CE";"UOP02-DEL02-CE"
573834;2024-01-10;"quarta-feira";"18:05:00";"PR";369;39;"ANDIRA";"Acessar a via sem observar a presença dos outros veículos";"Colisão transversal";"Com Vítimas Feridas";"Pleno dia";"Decrescente";"Céu Claro";"Simples";"Não Informado";"Não";6;0;5;0;1;0;5;2;-23,05832875;-50,24824083;"SPRF-PR";"DEL07-PR";"UOP05-DEL07-PR"
573835;2024-01-10;"quarta-feira";"17:23:00";"AC";364;135;"RIO BRANCO";"Acessar a via sem observar a presença dos outros veículos";"Colisão lateral mesmo sentido";"Com Vítimas Feridas";"Pleno dia";"Decrescente";"Sol";"Dupla";"Reta";"Sim";2;0;1;0;1;0;1;2;-9,98588117;-67,84523538;"SPRF-AC";"DEL01-AC";"UOP01-DEL01-AC"