"id";"data_inversa";"dia_semana";"horario";"uf";"br";"km";"municipio";"causa_acidente";"tipo_acidente";"classificacao_acidente";"fase_dia";"sentido_via";"condicao_metereologica";"tipo_pista";"tracado_via";"uso_solo";"pessoas";"mortos";"feridos_leves";"feridos_graves";"ilesos";"ignorados";"feridos";"veiculos";"latitude";"longitude";"regional";"delegacia";"uop"
575261;2024-01-17;"quarta-feira";"10:00:00";"SP";116;152,9;"SAO JOSE DOS CAMPOS";"Reação tardia ou ineficiente do condutor";"Colisão traseira";"Com Vítimas Feridas";"Pleno dia";"Crescente";"Sol";"Múltipla";"Reta";"Não";2;0;1;0;1;0;1;2;-23,22620401;-45,90682999;"SPRF-SP";"DEL02-SP";"UOP01-DEL02-SP"
575268;2024-01-17;"quarta-feira";"08:26:00";"TO";10;455;"PALMAS";"Ausência de reação do condutor";"Queda de ocupante de veículo";"Com Vítimas Feridas";"Pleno dia";"Crescente";"Céu Claro";"Múltipla";"Reta";"Sim";1;0;0;1;0;0;1;1;-10,30629339;-48,29707861;"SPRF-TO";"DEL01-TO";"UOP03-DEL01-TO"
575270;2024-01-17;"quarta-feira";"10:20:00";"BA";242;830;"BARREIRAS";"Ultrapassagem Indevida";"Saída de leito carroçável";"Com Vítimas Feridas";"Pleno dia";"Decrescente";"Céu Claro";"Simples";"Reta";"Não";1;0;1;0;0;0;1;1;-12,107079;-45,306524;"SPRF-BA";"DEL10-BA";"UOP01-DEL10-BA"
575271;2024-01-17;"quarta-feira";"10:50:00";"ES";101;282,6;"CARIACICA";"Manobra de mudança de faixa";"Colisão lateral mesmo sentido";"Com Vítimas Feridas";"Pleno dia";"Decrescente";"Sol";"Dupla";"Reta";"Não";2;0;1;0;1;0;1;2;-20,22694;-40,36458;"SPRF-ES";"DEL01-ES";"UOP01-DEL01-ES"
575272;2024-01-17;"quarta-feira";"10:52:00";"SC";101;209,5;"SAO JOSE";"Reação tardia ou ineficiente do condutor";"Colisão lateral mesmo sentido";"Com Vítimas Feridas";"Pleno dia";"Decrescente";"Céu Claro";"Múltipla";"Reta";"Sim";1;0;1;0;0;0;1;1;-27,61000542;-48,63895057;"SPRF-SC";"DEL01-SC";"UOP01-DEL01-SC"
575275;2024-01-14;"domingo";"09:00:00";"RJ";40;74;"PETROPOLIS";"Velocidade Incompatível";"Colisão com objeto";"Com Vítimas Feridas";"Pleno dia";"Crescente";"Nublado";"Simples";"Não Informado";"Não";1;0;1;0;0;0;1;1;-22,47224973;-43,22332717;"SPRF-RJ";"DEL01-RJ";"UOP01-DEL01-RJ"
575278;2024-01-17;"quarta-feira";"11:56:00";"RN";101;124,3;"SAO JOSE DE MIPIBU";"Transitar na contramão";"Colisão transversal";"Com Vítimas Feridas";"Pleno dia";"Crescente";"Céu Claro";"Dupla";"Reta";"Não";2;0;1;0;1;0;1;2;-6,0690579;-35,23917317;"SPRF-RN";"DEL01-RN";"UOP01-DEL01-RN"
575279;2024-01-17;"quarta-feira";"11:40:00";"MG";40;569,9;"NOVA LIMA";"Acessar a via sem observar a presença dos outros veículos";"Colisão transversal";"Com Vítimas Feridas";"Pleno dia";"Crescente";"Céu Claro";"Simples";"Não Informado";"Sim";3;0;2;0;1;0;2;2;-20,20394093;-43,97409456;"SPRF-MG";"DEL01-MG";"UOP02-DEL01-MG"
575284;2024-01-17;"quarta-feira";"12:20:00";"RJ";101;428;"MANGARATIBA";"Conversão proibida";"Colisão transversal";"Com Vítimas Feridas";"Pleno dia";"Crescente";"Céu Claro";"Simples";"Reta";"Não";2;0;1;0;1;0;1;2;-22,93391858;-43,9899979;"SPRF-RJ";"DEL03-RJ";"UOP02-DEL03-RJ"
575285;2024-01-17;"quarta-feira";"12:20:00";"PR";277;664,5;"MEDIANEIRA";"Pista Escorregadia";"Capotamento";"Com Vítimas Feridas";"Pleno dia";"Crescente";"Garoa/Chuvisco";"Dupla";"Não Informado";"Não";3;0;2;0;1;0;2;1;-25,25301037;-54,02857196;"SPRF-PR";"DEL05-PR";"UOP02-DEL05-PR"
575286;2024-01-17;"quarta-feira";"06:00:00";"RJ";465;13;"SEROPEDICA";"Acessar a via sem observar a presença dos outros veículos";"Colisão transversal";"Com Vítimas Feridas";"Pleno dia";"Decrescente";"Céu Claro";"Simples";"Reta";"Sim";2;0;1;0;1;0;1;2;-22,798468;-43,645508;"SPRF-RJ";"DEL06-RJ";"UOP02-DEL06-RJ"
575287;2024-01-17;"quarta-feira";"09:30:00";"BA";116;26;"ABARE";"Demais falhas mecânicas ou elétricas";"Incêndio";"Sem Vítimas";"Pleno dia";"Crescente";"Céu Claro";"Simples";"Reta";"Não";2;0;0;0;2;0;0;1;-8,850426;-39,259525;"SPRF-PE";"DEL05-PE";"UOP03-DEL05-PE"
575288;2024-01-17;"quarta-feira";"09:32:00";"RJ";393;268;"BARRA DO PIRAI";"Desrespeitar a preferência no cruzamento";"Colisão transversal";"Sem Vítimas";"Pleno dia";"Decrescente";"Sol";"Simples";"Interseção de vias";"Não";2;0;0;0;2;0;0;2;-22,47673305;-43,94382119;"SPRF-RJ";"DEL05-RJ";"UOP04-DEL05-RJ"
575291;2024-01-17;"quarta-feira";"13:05:00";"PR";277;584,8;"CASCAVEL";"Acessar a via sem observar a presença dos outros veículos";"Colisão lateral mesmo sentido";"Com Vítimas Feridas";"Pleno dia";"Crescente";"Nublado";"Múltipla";"Não Informado";"Sim";2;0;1;0;1;0;1;2;-24,96684176;-53,40258186;"SPRF-PR";"DEL04-PR";"UOP01-DEL04-PR"
575292;2024-01-17;"quarta-feira";"13:13:00";"ES";259;26,4;"COLATINA";"Ausência de reação do condutor";"Saída de leito carroçável";"Com Vítimas Fatais";"Pleno dia";"Decrescente";"Céu Claro";"Simples";"Não Informado";"Não";1;1;0;0;0;0;0;1;-19,61871078;-40,48626688;"SPRF-ES";"DEL02-ES";"UOP01-DEL02-ES"
575295;2024-01-17;"quarta-feira";"13:35:00";"MG";381;877;"ESTIVA";"Velocidade Incompatível";"Saída de leito carroçável";"Com Vítimas Feridas";"Pleno dia";"Decrescente";"Chuva";"Dupla";"Curva";"Não";2;0;1;0;1;0;1;1;-22,48184;-46,010895;"SPRF-MG";"DEL16-MG";"UOP01-DEL16-MG"
575296;2024-01-17;"quarta-feira";"13:16:00";"PI";343;344;"TERESINA";"Desrespeitar a preferência no cruzamento";"Colisão transversal";"Com Vítimas Feridas";"Pleno dia";"Decrescente";"Sol";"Dupla";"Não Informado";"Sim";2;0;1;0;1;0;1;2;-5,09061289;-42,76053786;"SPRF-PI";"DEL01-PI";"UOP01-DEL01-PI"
575298;2024-01-17;"quarta-feira";"13:45:00";"CE";116;8;"FORTALEZA";"Manobra de mudança de faixa";"Colisão com objeto";"Com Vítimas Feridas";"Pleno dia";"Crescente";"Céu Claro";"Dupla";"Reta";"Sim";1;0;1;0;0;0;1;1;-3,8192799;-38,50268337;"SPRF-CE";"DEL01-CE";"UOP02-DEL01-CE"
575300;2024-01-14;"domingo";"09:15:00";"RR";174;9;"BOA VISTA";"Condutor Dormindo";"Colisão frontal";"Com Vítimas Feridas";"Pleno dia";"Crescente";"Céu Claro";"Simples";"Reta";"Não";2;0;0;1;1;0;1;2;2,819364;-60,673775;"SPRF-RR";"DEL01-RR";"UOP01-DEL01-RR"
575302;2024-01-17;"quarta-feira";"04:30:00";"PE";424;23;"PEDRA";"Ausência de reação do condutor";"Colisão traseira";"Com Vítimas Feridas";"Amanhecer";"Decrescente";"Céu Claro";"Simples";"Reta";"Não";3;0;1;0;2;0;1;2;-8,53329903;-36,91533905;"SPRF-PE";"DEL04-PE";"UOP02-DEL04-PE"
575303;2024-01-17;"quarta-feira";"14:40:00";"RJ";116;180;"MESQUITA";"Avarias e/ou desgaste excessivo no pneu";"Colisão com objeto";"Com Vítimas Feridas";"Pleno dia";"Decrescente";"Céu Claro";"Dupla";"Reta";"Sim";3;0;1;0;2;0;1;1;-22,7651616;-43,4154728;"SPRF-RJ";"DEL06-RJ";"UOP01-DEL06-RJ"
575305;2024-01-17;"quarta-feira";"13:50:00";"ES";101;258,8;"SERRA";"Entrada inopinada do pedestre";"Atropelamento de Pedestre";"Com Vítimas Feridas";"Pleno dia";"Decrescente";"Céu Claro";"Dupla";"Não Informado";"Sim";3;0;0;1;2;0;1;3;-20,13059888;-40,2961019;"SPRF-ES";"DEL02-ES";"UOP01-DEL02-ES"
575307;2024-01-17;"quarta-feira";"08:20:00";"SC";280;245,1;"CANOINHAS";"Acesso irregular";"Colisão transversal";"Com Vítimas Fatais";"Pleno dia";"Crescente";"Garoa/Chuvisco";"Simples";"Reta";"Não";8;3;4;1;0;0;5;2;-26,24033594;-50,49092174;"SPRF-SC";"DEL06-SC";"UOP04-DEL06-SC"
575308;2024-01-17;"quarta-feira";"15:00:00";"SC";101;194,5;"BIGUACU";"Transitar na contramão";"Colisão frontal";"Com Vítimas Feridas";"Pleno dia";"Crescente";"Nublado";"Dupla";"Reta";"Sim";2;0;1;0;1;0;1;2;-27,49815117;-48,65661236;"SPRF-SC";"DEL01-SC";"UOP01-DEL01-SC"
575312;2024-01-17;"quarta-feira";"15:10:00";"PB";230;13,7;"CABEDELO";"Ingestão de álcool pelo condutor";"Colisão lateral mesmo sentido";"Sem Vítimas";"Pleno dia";"Crescente";"Céu Claro";"Dupla";"Reta";"Sim";4;0;0;0;4;0;0;3;-7,088335;-34,848632;"SPRF-PB";"DEL01-PB";"UOP01-DEL01-PB"
575316;2024-01-17;"quarta-feira";"15:30:00";"CE";116;16;"ITAITINGA";"Ausência de reação do condutor";"Colisão traseira";"Com Vítimas Feridas";"Pleno dia";"Crescente";"Sol";"Dupla";"Reta";"Sim";2;0;1;0;1;0;1;2;-3,88732794;-38,50185439;"SPRF-CE";"DEL01-CE";"UOP02-DEL01-CE"
575319;2024-01-17;"quarta-feira";"07:00:00";"MG";116;152,9;"PONTO DOS VOLANTES";"Ausência de reação do condutor";"Saída de leito carroçável";"Com Vítimas Fatais";"Amanhecer";"Decrescente";"Céu Claro";"Simples";"Não Informado";"Não";2;1;1;0;0;0;1;1;-16,874909;-41,478543;"SPRF-MG";"DEL11-MG";"UOP02-DEL11-MG"
575320;2024-01-17;"quarta-feira";"15:21:00";"TO";153;301;"PRESIDENTE KENNEDY";"Ausência de reação do condutor";"Saída de leito carroçável";"Com Vítimas Feridas";"Pleno dia";"Decrescente";"Céu Claro";"Simples";"Não Informado";"Não";5;0;1;0;4;0;1;1;-8,54289;-48,48322884;"SPRF-TO";"DEL02-TO";"UOP02-DEL02-TO"
575321;2024-01-17;"quarta-feira";"13:50:00";"ES";101;119,4;"SOORETAMA";"Ultrapassagem Indevida";"Queda de ocupante de veículo";"Com Vítimas Feridas";"Pleno dia";"Decrescente";"Céu Claro";"Simples";"Reta";"Não";1;0;1;0;0;0;1;1;-19,13567283;-40,07109336;"SPRF-ES";"DEL04-ES";"UOP01-DEL04-ES"
575322;2024-01-17;"quarta-feira";"16:00:00";"SP";116;154;"SAO JOSE DOS CAMPOS";"Falta de acostamento";"Colisão traseira";"Com Vítimas Feridas";"Pleno dia";"Decrescente";"Sol";"Múltipla";"Não Informado";"Não";2;0;0;1;1;0;1;2;-23,23903999;-45,92061901;"SPRF-SP";"DEL02-SP";"UOP01-DEL02-SP"
575323;2024-01-17;"quarta-feira";"16:43:00";"TO";153;695;"CARIRI DO TOCANTINS";"Demais Fenômenos da natureza";"Queda de ocupante de veículo";"Com Vítimas Feridas";"Pleno dia";"Crescente";"Sol";"Simples";"Não Informado";"Não";1;0;1;0;0;0;1;1;-11,91192015;-49,1761127;"SPRF-TO";"DEL01-TO";"UOP02-DEL01-TO"
575325;2024-01-17;"quarta-feira";"14:56:00";"ES";101;277,9;"SERRA";"Acessar a via sem observar a presença dos outros veículos";"Colisão transversal";"Com Vítimas Feridas";"Pleno dia";"Crescente";"Céu Claro";"Dupla";"Reta";"Não";2;0;1;0;1;0;1;2;-20,21307738;-40,32125972;"SPRF-ES";"DEL02-ES";"UOP01-DEL02-ES"
575329;2024-01-17;"quarta-feira";"16:20:00";"GO";153;431;"ANAPOLIS";"Problema na suspensão";"Tombamento";"Com Vítimas Feridas";"Pleno dia";"Crescente";"Céu Claro";"Dupla";"Reta";"Sim";1;0;1;0;0;0;1;1;-16,258045;-48,988403;"SPRF-GO";"DEL02-GO";"UOP01-DEL02-GO"
575331;2024-01-17;"quarta-feira";"16:53:00";"SP";101;36,6;"UBATUBA";"Trafegar com motocicleta (ou similar) entre as faixas";"Colisão lateral mesmo sentido";"Com Vítimas Feridas";"Pleno dia";"Crescente";"Céu Claro";"Simples";"Reta";"Não";3;0;2;0;1;0;2;2;-23,39663126;-45,01695985;"SPRF-SP";"DEL06-SP";"UOP01-DEL06-SP"
575332;2024-01-17;"quarta-feira";"14:30:00";"PR";116;209;"RIO NEGRO";"Conversão proibida";"Colisão transversal";"Com Vítimas Feridas";"Pleno dia";"Decrescente";"Céu Claro";"Simples";"Não Informado";"Sim";2;0;0;1;1;0;1;2;-26,08451877;-49,77817297;"SPRF-SC";"DEL06-SC";"UOP01-DEL06-SC"
575333;2024-01-17;"quarta-feira";"17:53:00";"ES";101;270;"SERRA";"Pedestre cruzava a pista fora da faixa";"Atropelamento de Pedestre";"Sem Vítimas";"Pleno dia";"Decrescente";"Céu Claro";"Dupla";"Reta";"Sim";2;0;0;0;0;2;0;2;-20,22662056;-40,27075088;"SPRF-ES";"DEL02-ES";"UOP01-DEL02-ES"
575336;2024-01-17;"quarta-feira";"17:00:00";"RS";116;114,4;"SAO MARCOS";"Acessar a via sem observar a presença dos outros veículos";"Colisão transversal";"Com Vítimas Feridas";"Pleno dia";"Decrescente";"Céu Claro";"Simples";"Não Informado";"Sim";2;0;1;0;1;0;1;2;-28,96397179;-51,0753428;"SPRF-RS";"DEL05-RS";"UOP01-DEL05-RS"
575337;2024-01-17;"quarta-feira";"16:10:00";"SP";116;512;"CAJATI";"Reação tardia ou ineficiente do condutor";"Capotamento";"Com Vítimas Feridas";"Pleno dia";"Decrescente";"Chuva";"Simples";"Não Informado";"Não";3;0;1;0;2;0;1;1;-24,84304306;-48,22027915;"SPRF-SP";"DEL05-SP";"UOP02-DEL05-SP"
575341;2024-01-17;"quarta-feira";"18:30:00";"RJ";40;118;"DUQUE DE CAXIAS";"Ausência de reação do condutor";"Tombamento";"Com Vítimas Feridas";"Pleno dia";"Crescente";"Céu Claro";"Simples";"Reta";"Sim";1;0;1;0;0;0;1;1;-22,75470802;-43,28737838;"SPRF-RJ";"DEL01-RJ";"UOP02-DEL01-RJ"
575342;2024-01-17;"quarta-feira";"18:20:00";"SC";101;191,9;"BIGUACU";"Ingestão de álcool pelo condutor";"Saída de leito carroçável";"Com Vítimas Feridas";"Anoitecer";"Crescente";"Garoa/Chuvisco";"Dupla";"Curva";"Não";1;0;1;0;0;0;1;1;-27,47730273;-48,64127329;"SPRF-SC";"DEL01-SC";"UOP01-DEL01-SC"
575345;2024-01-17;"quarta-feira";"17:30:00";"SC";282;2,8;"FLORIANOPOLIS";"Manobra de mudança de faixa";"Colisão lateral mesmo sentido";"Com Vítimas Feridas";"Pleno dia";"Crescente";"Nublado";"Dupla";"Reta";"Sim";2;0;1;0;1;0;1;2;-27,603289;-48,590416;"SPRF-SC";"DEL01-SC";"UOP01-DEL01-SC"
575346;2024-01-17;"quarta-feira";"14:00:00";"GO";60;460,4;"JATAI";"Ausência de reação do condutor";"Saída de leito carroçável";"Com Vítimas Feridas";"Pleno dia";"Crescente";"Céu Claro";"Dupla";"Não Informado";"Não";3;0;1;0;2;0;1;2;-17,8715;-51,6163;"SPRF-GO";"DEL05-GO";"UOP01-DEL05-GO"
575347;2024-01-17;"quarta-feira";"16:40:00";"MS";267;20,3;"BATAGUASSU";"Ingestão de álcool pelo condutor";"Saída de leito carroçável";"Sem Vítimas";"Pleno dia";"Crescente";"Céu Claro";"Simples";"Reta";"Não";1;0;0;0;1;0;0;1;-21,72671;-52,335178;"SPRF-MS";"DEL02-MS";"UOP04-DEL02-MS"
575348;2024-01-17;"quarta-feira";"16:20:00";"PR";376;439;"TIBAGI";"Acumulo de água sobre o pavimento";"Saída de leito carroçável";"Com Vítimas Feridas";"Pleno dia";"Decrescente";"Chuva";"Dupla";"Curva";"Não";2;0;2;0;0;0;2;1;-24,85445193;-50,46069175;"SPRF-PR";"DEL03-PR";"UOP02-DEL03-PR"
575349;2024-01-17;"quarta-feira";"17:00:00";"PR";116;115;"CURITIBA";"Ausência de reação do condutor";"Colisão traseira";"Com Vítimas Feridas";"Pleno dia";"Decrescente";"Céu Claro";"Dupla";"Reta";"Não";2;0;1;0;1;0;1;2;-25,55953326;-49,26560414;"SPRF-PR";"DEL01-PR";"UOP07-DEL01-PR"
575350;2024-01-17;"quarta-feira";"11:30:00";"PR";163;117;"CAPANEMA";"Ausência de reação do condutor";"Saída de leito carroçável";"Com Vítimas Feridas";"Pleno dia";"Crescente";"Chuva";"Simples";"Não Informado";"Não";1;0;1;0;0;0;1;1;-25,61223494;-53,64290028;"SPRF-PR";"DEL02-PR";"UOP02-DEL02-PR"
575353;2024-01-17;"quarta-feira";"18:20:00";"ES";101;260;"SERRA";"Acessar a via sem observar a presença dos outros veículos";"Colisão transversal";"Com Vítimas Fatais";"Anoitecer";"Crescente";"Céu Claro";"Simples";"Não Informado";"Sim";2;1;0;0;1;0;0;2;-20,14616415;-40,28836206;"SPRF-ES";"DEL02-ES";"UOP01-DEL02-ES"
575356;2024-01-17;"quarta-feira";"15:28:00";"RJ";493;1;"ITABORAI";"Conversão proibida";"Colisão lateral sentido oposto";"Com Vítimas Feridas";"Pleno dia";"Crescente";"Céu Claro";"Simples";"Reta";"Sim";2;0;1;0;1;0;1;2;-22,76398788;-42,92731895;"SPRF-RJ";"DEL02-RJ";"UOP02-DEL02-RJ"
575357;2024-01-17;"quarta-feira";"18:29:00";"RN";101;95;"NATAL";"Condutor deixou de manter distância do veículo da frente";"Colisão traseira";"Sem Vítimas";"Plena Noite";"Crescente";"Céu Claro";"Múltipla";"Reta";"Sim";1;0;0;0;1;0;0;1;-5,8407684116;-35,2103594908;"SPRF-RN";"DEL01-RN";"UOP01-DEL01-RN"
575358;2024-01-17;"quarta-feira";"18:00:00";"PR";369;202;"APUCARANA";"Conversão proibida";"Colisão transversal";"Com Vítimas Feridas";"Plena Noite";"Decrescente";"Céu Claro";"Simples";"Interseção de vias";"Sim";2;0;1;0;1;0;1;2;-23,54109802;-51,45656526;"SPRF-PR";"DEL07-PR";"UOP03-DEL07-PR"
575359;2024-01-17;"quarta-feira";"19:25:00";"SC";101;126;"ITAJAI";"Reação tardia ou ineficiente do condutor";"Tombamento";"Com Vítimas Feridas";"Plena Noite";"Decrescente";"Garoa/Chuvisco";"Dupla";"Curva";"Não";1;0;1;0;0;0;1;1;-26,95564404;-48,67978366;"SPRF-SC";"DEL04-SC";"UOP04-DEL04-SC"
575360;2024-01-17;"quarta-feira";"17:10:00";"SP";116;545;"BARRA DO TURVO";"Reação tardia ou ineficiente do condutor";"Colisão com objeto";"Com Vítimas Feridas";"Pleno dia";"Crescente";"Chuva";"Simples";"Curva";"Não";3;0;1;0;2;0;1;1;-24,95016699;-48,42400302;"SPRF-SP";"DEL05-SP";"UOP02-DEL05-SP"
575362;2024-01-17;"quarta-feira";"18:42:00";"SC";101;341,8;"TUBARAO";"Ausência de reação do condutor";"Colisão lateral sentido oposto";"Com Vítimas Feridas";"Anoitecer";"Decrescente";"Garoa/Chuvisco";"Simples";"Curva";"Sim";2;0;0;1;1;0;1;2;-28,52873389;-49,05704498;"SPRF-SC";"DEL02-SC";"UOP01-DEL02-SC"
575363;2024-01-17;"quarta-feira";"16:15:00";"MS";376;168,2;"NOVA ANDRADINA";"Reação tardia ou ineficiente do condutor";"Engavetamento";"Com Vítimas Feridas";"Pleno dia";"Decrescente";"Céu Claro";"Simples";"Reta";"Sim";4;0;1;0;3;0;1;3;-22,31386891;-53,41380303;"SPRF-MS";"DEL04-MS";"UOP04-DEL04-MS"
575364;2024-01-17;"quarta-feira";"19:30:00";"RS";116;297;"GUAIBA";"Ausência de reação do condutor";"Saída de leito carroçável";"Com Vítimas Feridas";"Plena Noite";"Crescente";"Céu Claro";"Dupla";"Reta";"Não";1;0;1;0;0;0;1;1;-30,09753097;-51,34302937;"SPRF-RS";"DEL02-RS";"UOP01-DEL02-RS"
575365;2024-01-17;"quarta-feira";"19:40:00";"SP";116;230;"SAO PAULO";"Reação tardia ou ineficiente do condutor";"Queda de ocupante de veículo";"Com Vítimas Feridas";"Anoitecer";"Decrescente";"Céu Claro";"Múltipla";"Reta";"Não";1;0;0;1;0;0;1;1;-23,52251783;-46,5855702;"SPRF-SP";"DEL01-SP";"UOP01-DEL01-SP"
575366;2024-01-17;"quarta-feira";"18:40:00";"SC";101;213,1;"PALHOCA";"Reação tardia ou ineficiente do condutor";"Queda de ocupante de veículo";"Com Vítimas Feridas";"Plena Noite";"Crescente";"Chuva";"Múltipla";"Não Informado";"Sim";1;0;1;0;0;0;1;1;-27,63697369;-48,66514142;"SPRF-SC";"DEL01-SC";"UOP02-DEL01-SC"
575369;2024-01-17;"quarta-feira";"18:45:00";"SC";101;213,1;"PALHOCA";"Acumulo de água sobre o pavimento";"Queda de ocupante de veículo";"Com Vítimas Feridas";"Plena Noite";"Crescente";"Chuva";"Múltipla";"Reta";"Sim";1;0;1;0;0;0;1;1;-27,63697369;-48,66514142;"SPRF-SC";"DEL01-SC";"UOP02-DEL01-SC"
575371;2024-01-17;"quarta-feira";"16:30:00";"BA";135;305;"SANTA MARIA DA VITORIA";"Acessar a via sem observar a presença dos outros veículos";"Colisão frontal";"Sem Vítimas";"Pleno dia";"Crescente";"Céu Claro";"Simples";"Reta";"Não";4;0;0;0;3;1;0;2;-13,03124704;-44,61664192;"SPRF-BA";"DEL08-BA";"UOP04-DEL08-BA"
575372;2024-01-17;"quarta-feira";"07:10:00";"RJ";101;322;"NITEROI";"Trafegar com motocicleta (ou similar) entre as faixas";"Colisão lateral mesmo sentido";"Com Vítimas Feridas";"Pleno dia";"Crescente";"Céu Claro";"Múltipla";"Não Informado";"Não";3;0;1;0;2;0;1;2;-22,878923;-43,110676;"SPRF-RJ";"DEL02-RJ";"UOP01-DEL02-RJ"
575373;2024-01-16;"terça-feira";"20:00:00";"PE";232;421;"SERRA TALHADA";"Animais na Pista";"Atropelamento de Animal";"Com Vítimas Feridas";"Plena Noite";"Decrescente";"Céu Claro";"Simples";"Não Informado";"Sim";5;0;1;0;4;0;1;1;-7,99602355;-38,39535008;"SPRF-PE";"DEL04-PE";"UOP01-DEL04-PE"
575374;2024-01-17;"quarta-feira";"19:20:00";"MG";365;404,6;"PATOS DE MINAS";"Animais na Pista";"Colisão com objeto";"Com Vítimas Feridas";"Plena Noite";"Decrescente";"Céu Claro";"Simples";"Não Informado";"Não";1;0;0;1;0;0;1;1;-18,63229053;-46,47393998;"SPRF-MG";"DEL10-MG";"UOP01-DEL10-MG"
575375;2024-01-17;"quarta-feira";"19:18:00";"MA";316;281,2;"BELA VISTA DO MARANHAO";"Transitar na contramão";"Colisão frontal";"Com Vítimas Feridas";"Plena Noite";"Crescente";"Chuva";"Simples";"Não Informado";"Não";3;0;3;0;0;0;3;2;-3,752458;-45,232021;"SPRF-MA";"DEL02-MA";"UOP01-DEL02-MA"
575376;2024-01-10;"quarta-feira";"05:25:00";"MS";163;587,5;"BANDEIRANTES";"Condutor Dormindo";"Saída de leito carroçável";"Com Vítimas Feridas";"Amanhecer";"Crescente";"Céu Claro";"Dupla";"Reta";"Não";1;0;1;0;0;0;1;1;-19,59354597;-54,40077996;"SPRF-MS";"DEL06-MS";"UOP02-DEL06-MS"
575377;2024-01-17;"quarta-feira";"18:20:00";"SC";280;31;"ARAQUARI";"Manobra de mudança de faixa";"Colisão lateral mesmo sentido";"Com Vítimas Feridas";"Anoitecer";"Decrescente";"Nublado";"Simples";"Reta";"Não";3;0;2;0;1;0;2;2;-26,41649938;-48,77181215;"SPRF-SC";"DEL03-SC";"UOP03-DEL03-SC"
575378;2024-01-17;"quarta-feira";"10:00:00";"SE";235;6;"NOSSA SENHORA DO SOCORRO";"Reação tardia ou ineficiente do condutor";"Colisão traseira";"Sem Vítimas";"Pleno dia";"Crescente";"Sol";"Dupla";"Não Informado";"Não";2;0;0;0;2;0;0;2;-10,903851;-37,128677;"SPRF-SE";"DEL01-SE";"UOP01-DEL01-SE"
575379;2024-01-17;"quarta-feira";"21:10:00";"PE";232;8,8;"RECIFE";"Manobra de mudança de faixa";"Colisão lateral mesmo sentido";"Com Vítimas Feridas";"Plena Noite";"Crescente";"Céu Claro";"Dupla";"Não Informado";"Sim";3;0;3;0;0;0;3;2;-8,07583727;-34,97015791;"SPRF-PE";"DEL01-PE";"UOP01-DEL01-PE"
575380;2024-01-17;"quarta-feira";"18:30:00";"RJ";40;67,9;"PETROPOLIS";"Ultrapassagem Indevida";"Queda de ocupante de veículo";"Com Vítimas Feridas";"Anoitecer";"Crescente";"Garoa/Chuvisco";"Dupla";"Reta";"Não";3;0;1;0;1;1;1;3;-22,43674775;-43,1756712;"SPRF-RJ";"DEL05-RJ";"UOP02-DEL05-RJ"
575381;2024-01-17;"quarta-feira";"20:30:00";"SC";101;43,5;"JOINVILLE";"Transitar na contramão";"Colisão frontal";"Com Vítimas Feridas";"Plena Noite";"Crescente";"Garoa/Chuvisco";"Simples";"Não Informado";"Sim";2;0;0;1;1;0;1;2;-26,33263384;-48,86166215;"SPRF-SC";"DEL03-SC";"UOP01-DEL03-SC"
575383;2024-01-17;"quarta-feira";"21:00:00";"MG";40;466;"SETE LAGOAS";"Ingestão de álcool pelo condutor";"Colisão lateral mesmo sentido";"Com Vítimas Feridas";"Plena Noite";"Decrescente";"Céu Claro";"Simples";"Reta";"Sim";2;0;0;1;1;0;1;2;-19,4474424;-44,3202424;"SPRF-MG";"DEL02-MG";"UOP01-DEL02-MG"
575385;2024-01-17;"quarta-feira";"21:30:00";"RJ";116;175;"SAO JOAO DE MERITI";"Demais falhas na via";"Colisão com objeto";"Com Vítimas Feridas";"Plena Noite";"Crescente";"Nublado";"Dupla";"Reta";"Sim";1;0;1;0;0;0;1;1;-22,78923555;-43,37275272;"SPRF-RJ";"DEL06-RJ";"UOP01-DEL06-RJ"
575386;2024-01-17;"quarta-feira";"21:30:00";"MG";50;187;"UBERABA";"Reação tardia ou ineficiente do condutor";"Queda de ocupante de veículo";"Com Vítimas Feridas";"Plena Noite";"Decrescente";"Céu Claro";"Dupla";"Não Informado";"Não";1;0;0;1;0;0;1;1;-19,83290398;-47,88516697;"SPRF-MG";"DEL13-MG";"UOP01-DEL13-MG"
575387;2024-01-17;"quarta-feira";"10:14:00";"ES";259;8;"JOAO NEIVA";"Avarias e/ou desgaste excessivo no pneu";"Saída de leito carroçável";"Com Vítimas Feridas";"Pleno dia";"Decrescente";"Céu Claro";"Simples";"Reta";"Não";5;0;5;0;0;0;5;1;-19,68073376;-40,39141693;"SPRF-ES";"DEL02-ES";"UOP01-DEL02-ES"
575390;2024-01-17;"quarta-feira";"21:50:00";"MA";135;7;"SAO LUIS";"Entrada inopinada do pedestre";"Atropelamento de Pedestre";"Com Vítimas Fatais";"Plena Noite";"Decrescente";"Nublado";"Dupla";"Reta";"Sim";2;1;0;0;0;1;0;2;-2,63608835;-44,26848552;"SPRF-MA";"DEL01-MA";"UOP01-DEL01-MA"