"id";"data_inversa";"dia_semana";"horario";"uf";"br";"km";"municipio";"causa_acidente";"tipo_acidente";"classificacao_acidente";"fase_dia";"sentido_via";"condicao_metereologica";"tipo_pista";"tracado_via";"uso_solo";"pessoas";"mortos";"feridos_leves";"feridos_graves";"ilesos";"ignorados";"feridos";"veiculos";"latitude";"longitude";"regional";"delegacia";"uop"
575391;2024-01-17;"quarta-feira";"22:10:00";"PR";116;209;"RIO NEGRO";"Ausência de reação do condutor";"Queda de ocupante de veículo";"Com Vítimas Feridas";"Plena Noite";"Decrescente";"Céu Claro";"Simples";"Reta";"Sim";1;0;1;0;0;0;1;1;-26,07620916;-49,75230908;"SPRF-SC";"DEL06-SC";"UOP01-DEL06-SC"
575392;2024-01-17;"quarta-feira";"21:20:00";"SC";101;229,1;"PALHOCA";"Acumulo de água sobre o pavimento";"Colisão com objeto";"Com Vítimas Feridas";"Plena Noite";"Decrescente";"Chuva";"Dupla";"Não Informado";"Não";2;0;1;1;0;0;2;1;-27,7688932;-48,63205379;"SPRF-SC";"DEL01-SC";"UOP02-DEL01-SC"
575394;2024-01-17;"quarta-feira";"19:38:00";"RO";319;57,2;"PORTO VELHO";"Retorno proibido";"Colisão transversal";"Com Vítimas Feridas";"Plena Noite";"Crescente";"Garoa/Chuvisco";"Dupla";"Reta";"Sim";3;0;2;0;1;0;2;2;-8,766685;-63,884052;"SPRF-RO";"DEL01-RO";"UOP01-DEL01-RO"
575395;2024-01-17;"quarta-feira";"22:10:00";"SE";235;52,8;"ITABAIANA";"Desrespeitar a preferência no cruzamento";"Colisão transversal";"Com Vítimas Feridas";"Plena Noite";"Crescente";"Céu Claro";"Simples";"Reta";"Não";2;0;0;1;1;0;1;2;-10,693279;-37,437557;"SPRF-SE";"DEL01-SE";"UOP02-DEL01-SE"
575397;2024-01-18;"quinta-feira";"00:10:00";"PR";116;126;"FAZENDA RIO GRANDE";"Desrespeitar a preferência no cruzamento";"Colisão transversal";"Com Vítimas Feridas";"Plena Noite";"Crescente";"Céu Claro";"Dupla";"Reta";"Sim";2;0;1;1;0;0;2;2;-25,60389895;-49,31824423;"SPRF-PR";"DEL01-PR";"UOP03-DEL01-PR"
575398;2024-01-17;"quarta-feira";"20:00:00";"AL";101;2,4;"NOVO LINO";"Demais falhas mecânicas ou elétricas";"Incêndio";"Sem Vítimas";"Plena Noite";"Decrescente";"Céu Claro";"Dupla";"Reta";"Não";1;0;0;0;1;0;0;1;-8,89524243;-35,63467289;"SPRF-AL";"DEL01-AL";"UOP02-DEL01-AL"
575399;2024-01-17;"quarta-feira";"21:15:00";"MG";365;493;"PATROCINIO";"Demais falhas mecânicas ou elétricas";"Saída de leito carroçável";"Com Vítimas Feridas";"Plena Noite";"Crescente";"Céu Claro";"Simples";"Curva";"Não";1;0;1;0;0;0;1;1;-18,91052317;-47,18665587;"SPRF-MG";"DEL10-MG";"UOP01-DEL10-MG"
575400;2024-01-18;"quinta-feira";"01:50:00";"RS";116;252;"SAPUCAIA DO SUL";"Ingestão de álcool pelo condutor";"Colisão traseira";"Com Vítimas Fatais";"Plena Noite";"Decrescente";"Nublado";"Dupla";"Reta";"Sim";3;1;0;0;2;0;0;3;-29,81308406;-51,16863012;"SPRF-RS";"DEL01-RS";"UOP02-DEL01-RS"
575401;2024-01-18;"quinta-feira";"01:20:00";"AL";104;89;"RIO LARGO";"Ingestão de álcool pelo condutor";"Queda de ocupante de veículo";"Com Vítimas Feridas";"Plena Noite";"Crescente";"Céu Claro";"Dupla";"Reta";"Não";1;0;1;0;0;0;1;1;-9,49216808;-35,81471324;"SPRF-AL";"DEL01-AL";"UOP01-DEL01-AL"
575402;2024-01-17;"quarta-feira";"18:46:00";"ES";101;264;"SERRA";"Acessar a via sem observar a presença dos outros veículos";"Colisão transversal";"Com Vítimas Feridas";"Plena Noite";"Decrescente";"Nublado";"Múltipla";"Não Informado";"Sim";3;0;1;1;1;0;2;2;-20,18482597;-40,26689351;"SPRF-ES";"DEL02-ES";"UOP01-DEL02-ES"
575406;2024-01-17;"quarta-feira";"19:20:00";"PA";316;111;"SANTA MARIA DO PARA";"Desrespeitar a preferência no cruzamento";"Colisão transversal";"Com Vítimas Feridas";"Plena Noite";"Crescente";"Céu Claro";"Simples";"Não Informado";"Não";3;0;0;2;1;0;2;2;-1,31708992;-47,51316503;"SPRF-PA";"DEL01-PA";"UOP02-DEL01-PA"
575408;2024-01-18;"quinta-feira";"04:00:00";"PI";343;210;"CAPITAO DE CAMPOS";"Ausência de reação do condutor";"Colisão frontal";"Com Vítimas Fatais";"Plena Noite";"Crescente";"Céu Claro";"Simples";"Reta";"Não";4;1;0;0;3;0;0;2;-4,440038;-41,91481;"SPRF-PI";"DEL02-PI";"UOP01-DEL02-PI"
575410;2024-01-18;"quinta-feira";"05:20:00";"SC";101;202,1;"SAO JOSE";"Velocidade Incompatível";"Colisão traseira";"Com Vítimas Feridas";"Amanhecer";"Crescente";"Garoa/Chuvisco";"Dupla";"Reta";"Sim";2;0;1;0;1;0;1;2;-27,55711595;-48,61897889;"SPRF-SC";"DEL01-SC";"UOP01-DEL01-SC"
575412;2024-01-18;"quinta-feira";"05:40:00";"PE";101;68,9;"RECIFE";"Manobra de mudança de faixa";"Tombamento";"Com Vítimas Feridas";"Pleno dia";"Decrescente";"Céu Claro";"Múltipla";"Reta";"Sim";2;0;2;0;0;0;2;1;-8,05074296;-34,94580619;"SPRF-PE";"DEL01-PE";"UOP01-DEL01-PE"
575413;2024-01-18;"quinta-feira";"06:00:00";"GO";20;157,8;"ALVORADA DO NORTE";"Velocidade Incompatível";"Colisão com objeto";"Sem Vítimas";"Amanhecer";"Decrescente";"Céu Claro";"Simples";"Reta";"Não";1;0;0;0;0;1;0;1;-14,639812;-46,627869;"SPRF-DF";"DEL02-DF";"UOP03-DEL02-DF"
575414;2024-01-18;"quinta-feira";"01:00:00";"RJ";116;61;"TERESOPOLIS";"Ausência de reação do condutor";"Queda de ocupante de veículo";"Com Vítimas Feridas";"Plena Noite";"Crescente";"Céu Claro";"Dupla";"Reta";"Não";1;0;1;0;0;0;1;1;-22,24418511;-42,91575275;"SPRF-RJ";"DEL04-RJ";"UOP01-DEL04-RJ"
575415;2024-01-18;"quinta-feira";"05:00:00";"GO";153;172;"CAMPINORTE";"Ausência de reação do condutor";"Colisão frontal";"Com Vítimas Feridas";"Amanhecer";"Crescente";"Chuva";"Simples";"Reta";"Sim";5;0;1;0;4;0;1;2;-14,275132;-49,14653;"SPRF-GO";"DEL07-GO";"UOP02-DEL07-GO"
575416;2024-01-18;"quinta-feira";"03:00:00";"RJ";101;240;"SILVA JARDIM";"Condutor Dormindo";"Capotamento";"Com Vítimas Fatais";"Plena Noite";"Crescente";"Céu Claro";"Dupla";"Reta";"Não";1;1;0;0;0;0;0;1;-22,63006139;-42,43638279;"SPRF-RJ";"DEL02-RJ";"UOP03-DEL02-RJ"
575417;2024-01-17;"quarta-feira";"21:30:00";"MT";70;2;"BARRA DO GARCAS";"Manobra de mudança de faixa";"Colisão lateral mesmo sentido";"Com Vítimas Feridas";"Plena Noite";"Decrescente";"Céu Claro";"Simples";"Reta";"Não";2;0;1;0;1;0;1;2;-15,88749699;-52,26810568;"SPRF-MT";"DEL07-MT";"UOP01-DEL07-MT"
575419;2024-01-18;"quinta-feira";"06:30:00";"MG";381;488;"BETIM";"Ausência de reação do condutor";"Colisão traseira";"Com Vítimas Feridas";"Pleno dia";"Decrescente";"Céu Claro";"Dupla";"Não Informado";"Sim";2;0;1;0;1;0;1;2;-19,9598656;-44,15489715;"SPRF-MG";"DEL01-MG";"UOP03-DEL01-MG"
575420;2024-01-18;"quinta-feira";"06:30:00";"DF";40;3;"BRASILIA";"Manobra de mudança de faixa";"Colisão lateral mesmo sentido";"Com Vítimas Feridas";"Pleno dia";"Decrescente";"Céu Claro";"Dupla";"Não Informado";"Sim";2;0;1;0;1;0;1;2;-16,003145;-47,983944;"SPRF-DF";"DEL01-DF";"UOP01-DEL01-DF"
575424;2024-01-18;"quinta-feira";"07:00:00";"SC";101;212;"PALHOCA";"Chuva";"Queda de ocupante de veículo";"Com Vítimas Feridas";"Pleno dia";"Crescente";"Chuva";"Dupla";"Reta";"Sim";1;0;1;0;0;0;1;1;-27,62996929;-48,65903871;"SPRF-SC";"DEL01-SC";"UOP02-DEL01-SC"
575425;2024-01-18;"quinta-feira";"07:05:00";"GO";50;282,9;"CATALAO";"Acessar a via sem observar a presença dos outros veículos";"Colisão transversal";"Com Vítimas Feridas";"Amanhecer";"Crescente";"Nublado";"Simples";"Interseção de vias";"Sim";2;0;2;0;0;0;2;2;-18,1965;-47,9567;"SPRF-GO";"DEL06-GO";"UOP01-DEL06-GO"
575426;2024-01-18;"quinta-feira";"03:00:00";"MG";365;678;"MONTE ALEGRE DE MINAS";"Demais falhas mecânicas ou elétricas";"Incêndio";"Sem Vítimas";"Plena Noite";"Crescente";"Céu Claro";"Dupla";"Reta";"Não";1;0;0;0;1;0;0;1;-18,8509065;-48,80033095;"SPRF-MG";"DEL15-MG";"UOP01-DEL15-MG"
575428;2024-01-18;"quinta-feira";"06:15:00";"MG";356;268,3;"MURIAE";"Acessar a via sem observar a presença dos outros veículos";"Colisão transversal";"Com Vítimas Feridas";"Pleno dia";"Crescente";"Céu Claro";"Simples";"Reta";"Sim";2;0;0;1;1;0;1;2;-21,12690881;-42,34244401;"SPRF-MG";"DEL07-MG";"UOP02-DEL07-MG"
575429;2024-01-18;"quinta-feira";"06:40:00";"PR";376;176,3;"MARINGA";"Reação tardia ou ineficiente do condutor";"Colisão traseira";"Com Vítimas Feridas";"Pleno dia";"Crescente";"Sol";"Dupla";"Não Informado";"Sim";3;0;1;0;2;0;1;2;-23,41127178;-51,93679333;"SPRF-PR";"DEL09-PR";"UOP01-DEL09-PR"
575430;2024-01-18;"quinta-feira";"07:40:00";"PB";230;27;"JOAO PESSOA";"Condutor deixou de manter distância do veículo da frente";"Colisão traseira";"Com Vítimas Feridas";"Pleno dia";"Crescente";"Céu Claro";"Dupla";"Viaduto";"Sim";3;0;1;0;1;1;1;2;-7,16518642;-34,89498854;"SPRF-PB";"DEL01-PB";"UOP01-DEL01-PB"
575432;2024-01-11;"quinta-feira";"19:20:00";"BA";324;618;"SALVADOR";"Ingestão de álcool pelo condutor";"Colisão lateral mesmo sentido";"Sem Vítimas";"Plena Noite";"Decrescente";"Céu Claro";"Dupla";"Reta";"Não";2;0;0;0;2;0;0;2;-12,891109;-38,445374;"SPRF-BA";"DEL01-BA";"UOP01-DEL01-BA"
575434;2024-01-18;"quinta-feira";"06:50:00";"RS";470;210,3;"BENTO GONCALVES";"Avarias e/ou desgaste excessivo no pneu";"Colisão frontal";"Com Vítimas Feridas";"Pleno dia";"Crescente";"Chuva";"Simples";"Não Informado";"Não";3;0;3;0;0;0;3;2;-29,11647449;-51,54258383;"SPRF-RS";"DEL06-RS";"UOP01-DEL06-RS"
575435;2024-01-18;"quinta-feira";"07:30:00";"SP";116;285;"ITAPECERICA DA SERRA";"Condutor deixou de manter distância do veículo da frente";"Colisão lateral mesmo sentido";"Com Vítimas Feridas";"Pleno dia";"Decrescente";"Nublado";"Dupla";"Reta";"Não";2;0;1;0;1;0;1;2;-23,70407794;-46,87249709;"SPRF-SP";"DEL04-SP";"UOP01-DEL04-SP"
575438;2024-01-18;"quinta-feira";"06:30:00";"AL";101;81;"RIO LARGO";"Ultrapassagem Indevida";"Colisão traseira";"Com Vítimas Feridas";"Pleno dia";"Crescente";"Céu Claro";"Dupla";"Curva";"Não";2;0;1;0;1;0;1;2;-9,44701176;-35,851915;"SPRF-AL";"DEL01-AL";"UOP01-DEL01-AL"
575439;2024-01-18;"quinta-feira";"07:45:00";"PE";101;71,6;"RECIFE";"Condutor deixou de manter distância do veículo da frente";"Colisão com objeto";"Com Vítimas Feridas";"Pleno dia";"Decrescente";"Céu Claro";"Dupla";"Reta";"Não";3;0;2;0;0;1;2;2;-8,07663102;-34,94277871;"SPRF-PE";"DEL01-PE";"UOP01-DEL01-PE"
575440;2024-01-18;"quinta-feira";"08:00:00";"BA";116;422;"FEIRA DE SANTANA";"Desrespeitar a preferência no cruzamento";"Colisão transversal";"Com Vítimas Feridas";"Pleno dia";"Crescente";"Céu Claro";"Múltipla";"Rotatória";"Sim";2;0;1;0;1;0;1;2;-12,22064702;-38,96561131;"SPRF-BA";"DEL02-BA";"UOP01-DEL02-BA"
575442;2024-01-18;"quinta-feira";"07:00:00";"CE";116;8;"FORTALEZA";"Ausência de reação do condutor";"Colisão traseira";"Com Vítimas Feridas";"Pleno dia";"Decrescente";"Céu Claro";"Múltipla";"Não Informado";"Sim";3;0;2;0;1;0;2;2;-3,826957;-38,504339;"SPRF-CE";"DEL01-CE";"UOP02-DEL01-CE"
575444;2024-01-18;"quinta-feira";"07:38:00";"MG";146;482,2;"POCOS DE CALDAS";"Frear bruscamente";"Colisão traseira";"Com Vítimas Feridas";"Pleno dia";"Crescente";"Céu Claro";"Simples";"Não Informado";"Não";3;0;1;0;2;0;1;2;-21,77360565;-46,42586768;"SPRF-MG";"DEL09-MG";"UOP01-DEL09-MG"
575445;2024-01-17;"quarta-feira";"13:20:00";"ES";101;50;"SAO MATEUS";"Avarias e/ou desgaste excessivo no pneu";"Tombamento";"Com Vítimas Feridas";"Pleno dia";"Crescente";"Céu Claro";"Simples";"Reta";"Não";3;0;0;2;0;1;2;2;-18,58588752;-39,89233239;"SPRF-ES";"DEL04-ES";"UOP02-DEL04-ES"
575446;2024-01-18;"quinta-feira";"07:30:00";"GO";153;201;"URUACU";"Acessar a via sem observar a presença dos outros veículos";"Colisão transversal";"Sem Vítimas";"Amanhecer";"Crescente";"Sol";"Simples";"Não Informado";"Sim";2;0;0;0;2;0;0;2;-14,519629;-49,154972;"SPRF-GO";"DEL07-GO";"UOP02-DEL07-GO"
575447;2024-01-18;"quinta-feira";"08:15:00";"MG";40;546,3;"NOVA LIMA";"Demais falhas mecânicas ou elétricas";"Queda de ocupante de veículo";"Com Vítimas Feridas";"Pleno dia";"Crescente";"Céu Claro";"Dupla";"Não Informado";"Não";2;0;2;0;0;0;2;1;-20,01408092;-43,96898031;"SPRF-MG";"DEL01-MG";"UOP02-DEL01-MG"
575448;2024-01-18;"quinta-feira";"07:50:00";"SC";101;40,9;"JOINVILLE";"Manobra de mudança de faixa";"Colisão lateral mesmo sentido";"Com Vítimas Feridas";"Pleno dia";"Crescente";"Nublado";"Dupla";"Não Informado";"Não";2;0;1;0;1;0;1;2;-26,28215489;-48,88973081;"SPRF-SC";"DEL03-SC";"UOP01-DEL03-SC"
575451;2024-01-18;"quinta-feira";"08:20:00";"MG";40;503,9;"ESMERALDAS";"Acessar a via sem observar a presença dos outros veículos";"Colisão lateral mesmo sentido";"Com Vítimas Feridas";"Pleno dia";"Crescente";"Céu Claro";"Múltipla";"Não Informado";"Sim";2;0;0;1;1;0;1;2;-19,72821042;-44,15353775;"SPRF-MG";"DEL02-MG";"UOP01-DEL02-MG"
575453;2024-01-18;"quinta-feira";"08:00:00";"MG";381;484;"BETIM";"Reação tardia ou ineficiente do condutor";"Colisão traseira";"Com Vítimas Feridas";"Pleno dia";"Decrescente";"Céu Claro";"Dupla";"Reta";"Sim";3;0;1;0;2;0;1;2;-19,95531717;-44,11722196;"SPRF-MG";"DEL01-MG";"UOP03-DEL01-MG"
575454;2024-01-18;"quinta-feira";"08:00:00";"MG";116;702,8;"MURIAE";"Acumulo de óleo sobre o pavimento";"Tombamento";"Com Vítimas Feridas";"Pleno dia";"Crescente";"Céu Claro";"Simples";"Reta";"Sim";2;0;2;0;0;0;2;1;-21,12805961;-42,38319397;"SPRF-MG";"DEL07-MG";"UOP02-DEL07-MG"
575456;2024-01-18;"quinta-feira";"09:00:00";"PB";230;19;"JOAO PESSOA";"Condutor deixou de manter distância do veículo da frente";"Colisão lateral mesmo sentido";"Com Vítimas Feridas";"Pleno dia";"Crescente";"Céu Claro";"Dupla";"Curva";"Sim";2;0;1;0;1;0;1;2;-7,1281;-34,8466;"SPRF-PB";"DEL01-PB";"UOP01-DEL01-PB"
575457;2024-01-18;"quinta-feira";"09:00:00";"PB";230;18;"JOAO PESSOA";"Velocidade Incompatível";"Engavetamento";"Sem Vítimas";"Pleno dia";"Decrescente";"Céu Claro";"Dupla";"Reta";"Não";3;0;0;0;3;0;0;3;-7,1198;-34,8453;"SPRF-PB";"DEL01-PB";"UOP01-DEL01-PB"
575458;2024-01-17;"quarta-feira";"18:30:00";"SP";116;286;"ITAPECERICA DA SERRA";"Velocidade Incompatível";"Queda de ocupante de veículo";"Com Vítimas Feridas";"Pleno dia";"Decrescente";"Garoa/Chuvisco";"Dupla";"Reta";"Não";1;0;1;0;0;0;1;1;-23,70925128;-46,87588966;"SPRF-SP";"DEL04-SP";"UOP01-DEL04-SP"
575459;2024-01-18;"quinta-feira";"07:05:00";"MS";163;225;"CAARAPO";"Acessar a via sem observar a presença dos outros veículos";"Colisão transversal";"Com Vítimas Feridas";"Amanhecer";"Decrescente";"Céu Claro";"Simples";"Não Informado";"Sim";2;0;1;0;1;0;1;2;-22,500217;-54,864506;"SPRF-MS";"DEL04-MS";"UOP02-DEL04-MS"
575460;2024-01-18;"quinta-feira";"07:06:00";"MG";116;414,3;"GOVERNADOR VALADARES";"Condutor deixou de manter distância do veículo da frente";"Colisão traseira";"Com Vítimas Feridas";"Pleno dia";"Decrescente";"Céu Claro";"Simples";"Reta";"Sim";3;0;1;0;2;0;1;2;-18,88452345;-41,94854736;"SPRF-MG";"DEL06-MG";"UOP01-DEL06-MG"
575461;2024-01-18;"quinta-feira";"09:00:00";"SC";101;211,7;"PALHOCA";"Objeto estático sobre o leito carroçável";"Colisão com objeto";"Com Vítimas Feridas";"Pleno dia";"Decrescente";"Chuva";"Múltipla";"Não Informado";"Sim";2;0;0;1;0;1;1;2;-27,62329313;-48,65245588;"SPRF-SC";"DEL01-SC";"UOP02-DEL01-SC"
575462;2024-01-18;"quinta-feira";"08:50:00";"SP";116;221;"GUARULHOS";"Reação tardia ou ineficiente do condutor";"Colisão traseira";"Com Vítimas Feridas";"Pleno dia";"Decrescente";"Céu Claro";"Múltipla";"Reta";"Sim";3;0;1;0;2;0;1;3;-23,46802395;-46,50704901;"SPRF-SP";"DEL01-SP";"UOP01-DEL01-SP"
575463;2024-01-18;"quinta-feira";"09:00:00";"SP";101;49;"UBATUBA";"Reação tardia ou ineficiente do condutor";"Colisão transversal";"Com Vítimas Feridas";"Pleno dia";"Crescente";"Céu Claro";"Dupla";"Reta";"Sim";5;0;1;0;4;0;1;2;-23,44410908;-45,08375708;"SPRF-SP";"DEL06-SP";"UOP01-DEL06-SP"
575465;2024-01-18;"quinta-feira";"09:20:00";"ES";101;269;"SERRA";"Pista Escorregadia";"Tombamento";"Com Vítimas Feridas";"Pleno dia";"Crescente";"Céu Claro";"Múltipla";"Reta";"Sim";1;0;1;0;0;0;1;1;-20,21740496;-40,26990578;"SPRF-ES";"DEL02-ES";"UOP01-DEL02-ES"
575467;2024-01-18;"quinta-feira";"08:55:00";"PR";116;126;"FAZENDA RIO GRANDE";"Reação tardia ou ineficiente do condutor";"Colisão lateral mesmo sentido";"Com Vítimas Feridas";"Pleno dia";"Decrescente";"Nublado";"Dupla";"Reta";"Sim";4;0;1;1;2;0;2;4;-25,60389895;-49,31824423;"SPRF-PR";"DEL01-PR";"UOP03-DEL01-PR"
575468;2024-01-18;"quinta-feira";"09:30:00";"RS";116;239;"NOVO HAMBURGO";"Acessar a via sem observar a presença dos outros veículos";"Colisão lateral mesmo sentido";"Com Vítimas Feridas";"Pleno dia";"Crescente";"Nublado";"Múltipla";"Não Informado";"Sim";5;0;2;0;3;0;2;2;-29,69062623;-51,14312351;"SPRF-RS";"DEL01-RS";"UOP02-DEL01-RS"
575469;2024-01-18;"quinta-feira";"07:45:00";"RS";285;182;"CAPAO BONITO DO SUL";"Ausência de reação do condutor";"Colisão com objeto";"Com Vítimas Feridas";"Pleno dia";"Crescente";"Chuva";"Simples";"Curva";"Não";1;0;0;1;0;0;1;1;-28,290833;-51,422482;"SPRF-RS";"DEL08-RS";"UOP05-DEL08-RS"
575472;2024-01-18;"quinta-feira";"08:30:00";"ES";101;101;"JAGUARE";"Ausência de reação do condutor";"Colisão lateral mesmo sentido";"Com Vítimas Feridas";"Pleno dia";"Crescente";"Céu Claro";"Simples";"Reta";"Não";2;0;1;0;1;0;1;2;-18,98833904;-39,99933491;"SPRF-ES";"DEL04-ES";"UOP02-DEL04-ES"
575473;2024-01-18;"quinta-feira";"08:20:00";"RJ";101;298;"SAO GONCALO";"Estacionar ou parar em local proibido";"Colisão lateral mesmo sentido";"Com Vítimas Feridas";"Pleno dia";"Crescente";"Céu Claro";"Múltipla";"Reta";"Sim";3;0;2;0;1;0;2;2;-22,7714;-42,92896;"SPRF-RJ";"DEL02-RJ";"UOP02-DEL02-RJ"
575475;2024-01-18;"quinta-feira";"09:35:00";"ES";101;269;"SERRA";"Entrada inopinada do pedestre";"Atropelamento de Pedestre";"Com Vítimas Feridas";"Pleno dia";"Decrescente";"Céu Claro";"Dupla";"Reta";"Sim";2;0;1;0;0;1;1;2;-20,21740496;-40,26990578;"SPRF-ES";"DEL02-ES";"UOP01-DEL02-ES"
575476;2024-01-18;"quinta-feira";"08:40:00";"SC";116;1,8;"MAFRA";"Acessar a via sem observar a presença dos outros veículos";"Colisão lateral mesmo sentido";"Com Vítimas Feridas";"Pleno dia";"Decrescente";"Nublado";"Simples";"Não Informado";"Sim";2;0;1;0;1;0;1;2;-26,1170929;-49,78694917;"SPRF-SC";"DEL06-SC";"UOP01-DEL06-SC"
575477;2024-01-18;"quinta-feira";"11:00:00";"SP";101;45;"UBATUBA";"Retorno proibido";"Colisão transversal";"Com Vítimas Feridas";"Pleno dia";"Decrescente";"Nublado";"Simples";"Reta";"Sim";3;0;1;0;2;0;1;2;-23,41779396;-45,06788408;"SPRF-SP";"DEL06-SP";"UOP01-DEL06-SP"
575479;2024-01-18;"quinta-feira";"09:50:00";"SP";116;136,1;"SAO JOSE DOS CAMPOS";"Avarias e/ou desgaste excessivo no pneu";"Tombamento";"Com Vítimas Feridas";"Pleno dia";"Crescente";"Céu Claro";"Dupla";"Reta";"Não";2;0;2;0;0;0;2;1;-23,14874471;-45,77863714;"SPRF-SP";"DEL02-SP";"UOP01-DEL02-SP"
575480;2024-01-18;"quinta-feira";"09:50:00";"PR";277;104;"CAMPO LARGO";"Acessar a via sem observar a presença dos outros veículos";"Colisão lateral mesmo sentido";"Com Vítimas Feridas";"Pleno dia";"Decrescente";"Nublado";"Dupla";"Não Informado";"Não";2;0;1;0;1;0;1;2;-25,43419637;-49,40987349;"SPRF-PR";"DEL01-PR";"UOP06-DEL01-PR"
575481;2024-01-18;"quinta-feira";"09:55:00";"SP";116;272;"TABOAO DA SERRA";"Ausência de reação do condutor";"Colisão lateral mesmo sentido";"Com Vítimas Feridas";"Pleno dia";"Decrescente";"Céu Claro";"Dupla";"Reta";"Não";1;0;1;0;0;0;1;1;-23,621691;-46,813288;"SPRF-SP";"DEL04-SP";"UOP01-DEL04-SP"
575485;2024-01-14;"domingo";"21:10:00";"RJ";101;310;"SAO GONCALO";"Reação tardia ou ineficiente do condutor";"Colisão com objeto";"Com Vítimas Feridas";"Plena Noite";"Decrescente";"Céu Claro";"Dupla";"Reta";"Sim";1;0;1;0;0;0;1;1;-22,79717023;-43,04404993;"SPRF-RJ";"DEL02-RJ";"UOP02-DEL02-RJ"
575486;2024-01-18;"quinta-feira";"12:05:00";"ES";262;111,9;"VENDA NOVA DO IMIGRANTE";"Acessar a via sem observar a presença dos outros veículos";"Colisão traseira";"Com Vítimas Feridas";"Pleno dia";"Crescente";"Céu Claro";"Simples";"Reta";"Não";2;0;1;0;1;0;1;2;-20,33710625;-41,19042567;"SPRF-ES";"DEL01-ES";"UOP02-DEL01-ES"
575487;2024-01-18;"quinta-feira";"12:00:00";"MG";381;512;"IGARAPE";"Reação tardia ou ineficiente do condutor";"Colisão traseira";"Com Vítimas Feridas";"Pleno dia";"Crescente";"Céu Claro";"Dupla";"Reta";"Não";2;0;1;0;1;0;1;2;-20,08463223;-44,3099407;"SPRF-MG";"DEL01-MG";"UOP03-DEL01-MG"
575489;2024-01-18;"quinta-feira";"11:45:00";"MG";153;93,5;"PRATA";"Demais falhas mecânicas ou elétricas";"Saída de leito carroçável";"Com Vítimas Feridas";"Pleno dia";"Decrescente";"Nublado";"Simples";"Não Informado";"Não";3;0;3;0;0;0;3;1;-19,16917702;-48,95473704;"SPRF-MG";"DEL15-MG";"UOP03-DEL15-MG"
575491;2024-01-18;"quinta-feira";"11:30:00";"RJ";101;508;"ANGRA DOS REIS";"Reação tardia ou ineficiente do condutor";"Colisão lateral mesmo sentido";"Com Vítimas Feridas";"Pleno dia";"Crescente";"Nublado";"Simples";"Curva";"Não";2;0;1;0;1;0;1;2;-22,94163902;-44,42239099;"SPRF-RJ";"DEL03-RJ";"UOP03-DEL03-RJ"
575494;2024-01-18;"quinta-feira";"07:15:00";"RS";116;154,3;"CAXIAS DO SUL";"Trafegar com motocicleta (ou similar) entre as faixas";"Colisão transversal";"Com Vítimas Feridas";"Pleno dia";"Decrescente";"Chuva";"Simples";"Não Informado";"Sim";2;0;1;0;0;1;1;2;-29,19074818;-51,18073734;"SPRF-RS";"DEL05-RS";"UOP01-DEL05-RS"
575496;2024-01-18;"quinta-feira";"13:10:00";"MG";381;491;"BETIM";"Ausência de reação do condutor";"Colisão traseira";"Com Vítimas Feridas";"Pleno dia";"Decrescente";"Sol";"Dupla";"Reta";"Sim";3;0;1;0;2;0;1;2;-19,97018187;-44,18210416;"SPRF-MG";"DEL01-MG";"UOP03-DEL01-MG"
575497;2024-01-18;"quinta-feira";"10:30:00";"MT";70;268;"PRIMAVERA DO LESTE";"Ultrapassagem Indevida";"Colisão frontal";"Com Vítimas Feridas";"Pleno dia";"Crescente";"Céu Claro";"Simples";"Reta";"Não";3;0;0;1;1;1;1;3;-15,53676818;-54,19777526;"SPRF-MT";"DEL05-MT";"UOP01-DEL05-MT"
575499;2024-01-18;"quinta-feira";"12:20:00";"MG";116;746;"LEOPOLDINA";"Acessar a via sem observar a presença dos outros veículos";"Colisão transversal";"Com Vítimas Feridas";"Pleno dia";"Crescente";"Céu Claro";"Simples";"Reta";"Não";3;0;1;0;2;0;1;2;-21,42936921;-42,51466513;"SPRF-MG";"DEL07-MG";"UOP01-DEL07-MG"
575500;2024-01-18;"quinta-feira";"12:50:00";"SC";282;6;"SAO JOSE";"Chuva";"Capotamento";"Com Vítimas Feridas";"Pleno dia";"Decrescente";"Chuva";"Múltipla";"Curva";"Sim";2;0;1;0;1;0;1;1;-27,5855132;-48,6177206;"SPRF-SC";"DEL01-SC";"UOP01-DEL01-SC"
575504;2024-01-18;"quinta-feira";"10:10:00";"RJ";116;185;"NOVA IGUACU";"Reação tardia ou ineficiente do condutor";"Colisão lateral mesmo sentido";"Com Vítimas Feridas";"Pleno dia";"Decrescente";"Céu Claro";"Dupla";"Reta";"Não";3;0;2;0;1;0;2;2;-22,74151051;-43,45351823;"SPRF-RJ";"DEL06-RJ";"UOP01-DEL06-RJ"
575505;2024-01-18;"quinta-feira";"13:46:00";"PI";343;335,8;"TERESINA";"Transitar na contramão";"Saída de leito carroçável";"Com Vítimas Fatais";"Pleno dia";"Decrescente";"Céu Claro";"Dupla";"Reta";"Não";2;1;0;1;0;0;1;2;-5,061626;-42,696655;"SPRF-PI";"DEL01-PI";"UOP01-DEL01-PI"