"id";"data_inversa";"dia_semana";"horario";"uf";"br";"km";"municipio";"causa_acidente";"tipo_acidente";"classificacao_acidente";"fase_dia";"sentido_via";"condicao_metereologica";"tipo_pista";"tracado_via";"uso_solo";"pessoas";"mortos";"feridos_leves";"feridos_graves";"ilesos";"ignorados";"feridos";"veiculos";"latitude";"longitude";"regional";"delegacia";"uop"
575506;2024-01-18;"quinta-feira";"12:15:00";"SC";282;67,8;"RANCHO QUEIMADO";"Avarias e/ou desgaste excessivo no pneu";"Saída de leito carroçável";"Sem Vítimas";"Pleno dia";"Crescente";"Chuva";"Simples";"Não Informado";"Não";1;0;0;0;1;0;0;1;-27,695963;-49,0695;"SPRF-SC";"DEL01-SC";"UOP03-DEL01-SC"
575508;2024-01-18;"quinta-feira";"13:30:00";"PR";369;156;"LONDRINA";"Acessar a via sem observar a presença dos outros veículos";"Colisão lateral mesmo sentido";"Com Vítimas Feridas";"Pleno dia";"Decrescente";"Nublado";"Dupla";"Reta";"Sim";2;0;1;0;1;0;1;2;-23,29440916;-51,2113899;"SPRF-PR";"DEL07-PR";"UOP01-DEL07-PR"
575509;2024-01-18;"quinta-feira";"14:50:00";"SC";101;197,8;"BIGUACU";"Reação tardia ou ineficiente do condutor";"Colisão traseira";"Com Vítimas Feridas";"Pleno dia";"Crescente";"Chuva";"Dupla";"Reta";"Sim";5;0;2;0;3;0;2;3;-27,51844497;-48,63848496;"SPRF-SC";"DEL01-SC";"UOP01-DEL01-SC"
575510;2024-01-18;"quinta-feira";"10:30:00";"MT";163;751;"SORRISO";"Manobra de mudança de faixa";"Colisão lateral mesmo sentido";"Com Vítimas Feridas";"Pleno dia";"Crescente";"Nublado";"Dupla";"Reta";"Sim";2;0;1;0;1;0;1;2;-12,56074948;-55,71964329;"SPRF-MT";"DEL06-MT";"UOP01-DEL06-MT"
575512;2024-01-18;"quinta-feira";"14:00:00";"SC";101;155;"PORTO BELO";"Condutor deixou de manter distância do veículo da frente";"Colisão traseira";"Com Vítimas Feridas";"Pleno dia";"Decrescente";"Chuva";"Dupla";"Reta";"Sim";3;0;1;0;2;0;1;2;-27,16292;-48,61129;"SPRF-SC";"DEL04-SC";"UOP03-DEL04-SC"
575513;2024-01-14;"domingo";"14:30:00";"SC";101;216;"PALHOCA";"Acessar a via sem observar a presença dos outros veículos";"Colisão lateral mesmo sentido";"Com Vítimas Feridas";"Pleno dia";"Decrescente";"Céu Claro";"Dupla";"Reta";"Sim";2;0;1;0;1;0;1;2;-27,65981409;-48,67747798;"SPRF-SC";"DEL01-SC";"UOP02-DEL01-SC"
575514;2024-01-13;"sábado";"10:30:00";"RS";116;230;"DOIS IRMAOS";"Manobra de mudança de faixa";"Colisão traseira";"Com Vítimas Feridas";"Pleno dia";"Crescente";"Céu Claro";"Múltipla";"Não Informado";"Sim";2;0;1;0;0;1;1;2;-29,61898268;-51,12174511;"SPRF-RS";"DEL01-RS";"UOP02-DEL01-RS"
575515;2024-01-18;"quinta-feira";"14:15:00";"SC";101;156,5;"PORTO BELO";"Mal súbito do condutor";"Tombamento";"Com Vítimas Feridas";"Pleno dia";"Decrescente";"Chuva";"Dupla";"Reta";"Sim";1;0;1;0;0;0;1;1;-27,172272;-48,61170204;"SPRF-SC";"DEL04-SC";"UOP03-DEL04-SC"
575516;2024-01-18;"quinta-feira";"13:40:00";"MS";262;228;"RIBAS DO RIO PARDO";"Acessar a via sem observar a presença dos outros veículos";"Colisão transversal";"Com Vítimas Feridas";"Pleno dia";"Crescente";"Sol";"Simples";"Reta";"Não";3;0;1;0;2;0;1;2;-20,474371;-53,653177;"SPRF-MS";"DEL07-MS";"UOP02-DEL07-MS"
575518;2024-01-18;"quinta-feira";"14:50:00";"RS";392;43,9;"RIO GRANDE";"Manobra de mudança de faixa";"Colisão traseira";"Com Vítimas Feridas";"Pleno dia";"Crescente";"Nublado";"Dupla";"Reta";"Não";2;0;1;0;1;0;1;2;-31,93715696;-52,31137473;"SPRF-RS";"DEL07-RS";"UOP02-DEL07-RS"
575523;2024-01-18;"quinta-feira";"15:20:00";"PR";376;620;"SAO JOSE DOS PINHAIS";"Desrespeitar a preferência no cruzamento";"Colisão frontal";"Com Vítimas Feridas";"Pleno dia";"Crescente";"Chuva";"Múltipla";"Reta";"Sim";3;0;2;0;1;0;2;2;-25,6170364;-49,1701285;"SPRF-PR";"DEL01-PR";"UOP04-DEL01-PR"
575525;2024-01-18;"quinta-feira";"16:05:00";"SC";282;1;"FLORIANOPOLIS";"Chuva";"Tombamento";"Com Vítimas Feridas";"Pleno dia";"Crescente";"Chuva";"Múltipla";"Reta";"Sim";4;0;1;0;1;2;1;3;-27,6025048;-48,57994437;"SPRF-SC";"DEL01-SC";"UOP01-DEL01-SC"
575526;2024-01-18;"quinta-feira";"16:30:00";"MG";365;614;"UBERLANDIA";"Acessar a via sem observar a presença dos outros veículos";"Colisão lateral mesmo sentido";"Com Vítimas Feridas";"Pleno dia";"Crescente";"Céu Claro";"Dupla";"Não Informado";"Não";3;0;2;0;1;0;2;2;-18,911966;-48,220377;"SPRF-MG";"DEL15-MG";"UOP01-DEL15-MG"
575530;2024-01-18;"quinta-feira";"16:50:00";"PB";230;25;"JOAO PESSOA";"Manobra de mudança de faixa";"Colisão transversal";"Com Vítimas Feridas";"Pleno dia";"Crescente";"Sol";"Múltipla";"Não Informado";"Sim";2;0;1;0;1;0;1;2;-7,1707;-34,8684;"SPRF-PB";"DEL01-PB";"UOP01-DEL01-PB"
575531;2024-01-18;"quinta-feira";"17:15:00";"SC";101;112;"ITAJAI";"Reação tardia ou ineficiente do condutor";"Colisão lateral mesmo sentido";"Com Vítimas Feridas";"Pleno dia";"Decrescente";"Céu Claro";"Múltipla";"Reta";"Não";2;0;1;0;0;1;1;2;-26,84589005;-48,72131295;"SPRF-SC";"DEL04-SC";"UOP04-DEL04-SC"
575533;2024-01-18;"quinta-feira";"17:45:00";"PR";277;3;"PARANAGUA";"Demais falhas mecânicas ou elétricas";"Incêndio";"Sem Vítimas";"Pleno dia";"Decrescente";"Chuva";"Simples";"Reta";"Sim";1;0;0;0;1;0;0;1;-25,53627498;-48,55530024;"SPRF-PR";"DEL01-PR";"UOP05-DEL01-PR"
575536;2024-01-18;"quinta-feira";"17:17:00";"GO";153;116;"SANTA TEREZA DE GOIAS";"Ausência de reação do condutor";"Colisão traseira";"Com Vítimas Feridas";"Pleno dia";"Decrescente";"Céu Claro";"Simples";"Não Informado";"Não";9;0;1;0;8;0;1;2;-13,787714;-49,034008;"SPRF-GO";"DEL07-GO";"UOP01-DEL07-GO"
575538;2024-01-07;"domingo";"02:30:00";"RS";392;20;"RIO GRANDE";"Transitar no Acostamento";"Atropelamento de Pedestre";"Com Vítimas Feridas";"Plena Noite";"Decrescente";"Céu Claro";"Dupla";"Reta";"Não";3;0;1;0;0;2;1;2;-32,08573295;-52,19690099;"SPRF-RS";"DEL07-RS";"UOP02-DEL07-RS"
575539;2024-01-18;"quinta-feira";"15:00:00";"BA";324;617;"SALVADOR";"Manobra de mudança de faixa";"Colisão lateral mesmo sentido";"Com Vítimas Feridas";"Pleno dia";"Decrescente";"Sol";"Múltipla";"Reta";"Não";2;0;1;0;0;1;1;2;-12,8930132;-38,4468424;"SPRF-BA";"DEL01-BA";"UOP01-DEL01-BA"
575540;2024-01-18;"quinta-feira";"16:30:00";"ES";101;366,2;"ANCHIETA";"Acessar a via sem observar a presença dos outros veículos";"Colisão transversal";"Com Vítimas Feridas";"Pleno dia";"Crescente";"Céu Claro";"Simples";"Reta";"Não";3;0;1;0;1;1;1;2;-20,73590976;-40,7597842;"SPRF-ES";"DEL03-ES";"UOP01-DEL03-ES"
575544;2024-01-18;"quinta-feira";"17:45:00";"DF";20;19;"BRASILIA";"Manobra de mudança de faixa";"Colisão lateral mesmo sentido";"Com Vítimas Feridas";"Pleno dia";"Crescente";"Nublado";"Dupla";"Reta";"Sim";2;0;1;0;1;0;1;2;-15,61127816;-47,6987958;"SPRF-DF";"DEL02-DF";"UOP01-DEL02-DF"
575545;2024-01-18;"quinta-feira";"18:00:00";"RS";470;262;"SALVADOR DO SUL";"Acesso irregular";"Colisão traseira";"Com Vítimas Feridas";"Pleno dia";"Crescente";"Céu Claro";"Simples";"Reta";"Sim";2;0;0;1;1;0;1;2;-29,47670316;-51,48819737;"SPRF-RS";"DEL06-RS";"UOP01-DEL06-RS"
575547;2024-01-18;"quinta-feira";"15:45:00";"RJ";101;563;"PARATY";"Ausência de reação do condutor";"Capotamento";"Com Vítimas Feridas";"Pleno dia";"Crescente";"Chuva";"Simples";"Não Informado";"Não";1;0;1;0;0;0;1;1;-23,13693615;-44,70218804;"SPRF-RJ";"DEL03-RJ";"UOP04-DEL03-RJ"
575548;2024-01-18;"quinta-feira";"18:10:00";"SP";116;217;"GUARULHOS";"Reação tardia ou ineficiente do condutor";"Colisão traseira";"Com Vítimas Feridas";"Anoitecer";"Crescente";"Nublado";"Múltipla";"Reta";"Sim";2;0;1;0;1;0;1;2;-23,45423824;-46,47119028;"SPRF-SP";"DEL01-SP";"UOP01-DEL01-SP"
575550;2024-01-18;"quinta-feira";"18:15:00";"RS";290;94;"PORTO ALEGRE";"Acumulo de óleo sobre o pavimento";"Tombamento";"Com Vítimas Feridas";"Pleno dia";"Decrescente";"Céu Claro";"Dupla";"Curva";"Não";2;0;2;0;0;0;2;1;-29,97392377;-51,19768381;"SPRF-RS";"DEL01-RS";"UOP01-DEL01-RS"
575551;2024-01-18;"quinta-feira";"17:10:00";"SP";381;61;"MAIRIPORA";"Avarias e/ou desgaste excessivo no pneu";"Colisão com objeto";"Com Vítimas Feridas";"Pleno dia";"Decrescente";"Chuva";"Dupla";"Curva";"Não";1;0;1;0;0;0;1;1;-23,29011611;-46,5800681;"SPRF-SP";"DEL03-SP";"UOP01-DEL03-SP"
575553;2024-01-18;"quinta-feira";"17:30:00";"SP";116;521;"CAJATI";"Chuva";"Saída de leito carroçável";"Com Vítimas Feridas";"Pleno dia";"Crescente";"Chuva";"Simples";"Não Informado";"Não";2;0;2;0;0;0;2;1;-24,92563316;-48,26567292;"SPRF-SP";"DEL05-SP";"UOP02-DEL05-SP"
575554;2024-01-18;"quinta-feira";"18:10:00";"PR";376;651;"TIJUCAS DO SUL";"Chuva";"Colisão com objeto";"Com Vítimas Feridas";"Pleno dia";"Crescente";"Chuva";"Dupla";"Curva";"Não";1;0;1;0;0;0;1;1;-25,845243;-49,078578;"SPRF-PR";"DEL01-PR";"UOP04-DEL01-PR"
575555;2024-01-18;"quinta-feira";"15:15:00";"MT";364;305,2;"JACIARA";"Reação tardia ou ineficiente do condutor";"Saída de leito carroçável";"Com Vítimas Feridas";"Pleno dia";"Decrescente";"Chuva";"Dupla";"Reta";"Não";2;0;2;0;0;0;2;1;-15,82596627;-55,1950521;"SPRF-MT";"DEL05-MT";"UOP02-DEL05-MT"
575556;2024-01-18;"quinta-feira";"16:20:00";"GO";153;645,4;"MORRINHOS";"Avarias e/ou desgaste excessivo no pneu";"Saída de leito carroçável";"Com Vítimas Feridas";"Pleno dia";"Crescente";"Nublado";"Dupla";"Reta";"Não";1;0;0;1;0;0;1;1;-17,9234;-49,2421;"SPRF-GO";"DEL03-GO";"UOP01-DEL03-GO"
575558;2024-01-18;"quinta-feira";"17:30:00";"SC";116;233,4;"CORREIA PINTO";"Velocidade Incompatível";"Colisão frontal";"Com Vítimas Fatais";"Pleno dia";"Crescente";"Chuva";"Simples";"Não Informado";"Não";7;2;0;5;0;0;5;2;-27,70146389;-50,33480644;"SPRF-SC";"DEL05-SC";"UOP01-DEL05-SC"
575560;2024-01-18;"quinta-feira";"17:40:00";"PE";232;64;"POMBOS";"Mal súbito do condutor";"Capotamento";"Com Vítimas Fatais";"Anoitecer";"Crescente";"Céu Claro";"Dupla";"Não Informado";"Não";3;2;0;0;0;1;0;2;-8,16152271;-35,43959107;"SPRF-PE";"DEL02-PE";"UOP02-DEL02PE"
575561;2024-01-18;"quinta-feira";"18:32:00";"RN";101;107;"PARNAMIRIM";"Pedestre cruzava a pista fora da faixa";"Atropelamento de Pedestre";"Com Vítimas Feridas";"Plena Noite";"Crescente";"Céu Claro";"Dupla";"Reta";"Sim";3;0;1;0;2;0;1;3;-5,91920796;-35,26412409;"SPRF-RN";"DEL01-RN";"UOP01-DEL01-RN"
575562;2024-01-18;"quinta-feira";"18:35:00";"PB";230;158,7;"CAMPINA GRANDE";"Acessar a via sem observar a presença dos outros veículos";"Colisão transversal";"Com Vítimas Feridas";"Plena Noite";"Crescente";"Céu Claro";"Simples";"Interseção de vias";"Sim";7;0;5;1;0;1;6;3;-7,2582;-35,9267;"SPRF-PB";"DEL02-PB";"UOP01-DEL02-PB"
575563;2024-01-18;"quinta-feira";"18:06:00";"MA";135;16;"SAO LUIS";"Condutor desrespeitou a iluminação vermelha do semáforo";"Colisão transversal";"Com Vítimas Feridas";"Plena Noite";"Crescente";"Céu Claro";"Simples";"Não Informado";"Não";2;0;1;0;1;0;1;2;-2,555374;-44,356824;"SPRF-MA";"DEL01-MA";"UOP01-DEL01-MA"
575564;2024-01-18;"quinta-feira";"17:50:00";"DF";20;11,2;"BRASILIA";"Manobra de mudança de faixa";"Colisão traseira";"Com Vítimas Feridas";"Anoitecer";"Crescente";"Céu Claro";"Dupla";"Reta";"Sim";3;0;1;0;2;0;1;2;-15,64654;-47,766422;"SPRF-DF";"DEL02-DF";"UOP01-DEL02-DF"
575565;2024-01-18;"quinta-feira";"16:40:00";"PE";104;30;"TORITAMA";"Problema na suspensão";"Queda de ocupante de veículo";"Com Vítimas Feridas";"Pleno dia";"Decrescente";"Céu Claro";"Simples";"Reta";"Não";1;0;1;0;0;0;1;1;-8,0137;-36,0565;"SPRF-PE";"DEL02-PE";"UOP01-DEL02-PE"
575566;2024-01-18;"quinta-feira";"19:05:00";"PR";277;2;"FOZ DO IGUACU";"Ultrapassagem Indevida";"Colisão lateral mesmo sentido";"Com Vítimas Feridas";"Pleno dia";"Crescente";"Céu Claro";"Dupla";"Retorno Regulamentado";"Sim";2;0;0;1;1;0;1;2;-25,49486321;-54,58325386;"SPRF-PR";"DEL05-PR";"UOP03-DEL05-PR"
575567;2024-01-18;"quinta-feira";"18:30:00";"SC";480;127,4;"CHAPECO";"Acumulo de água sobre o pavimento";"Saída de leito carroçável";"Sem Vítimas";"Anoitecer";"Decrescente";"Chuva";"Dupla";"Reta";"Não";1;0;0;0;1;0;0;1;-27,02885905;-52,63380035;"SPRF-SC";"DEL07-SC";"UOP01-DEL07-SC"
575569;2024-01-18;"quinta-feira";"18:30:00";"BA";116;7;"VITORIA DA CONQUISTA";"Velocidade Incompatível";"Colisão transversal";"Com Vítimas Feridas";"Anoitecer";"Crescente";"Céu Claro";"Simples";"Não Informado";"Sim";2;0;1;1;0;0;2;2;-14,837276;-40,887873;"SPRF-BA";"DEL08-BA";"UOP01-DEL08-BA"
575571;2024-01-18;"quinta-feira";"19:15:00";"SP";101;51,9;"UBATUBA";"Acessar a via sem observar a presença dos outros veículos";"Colisão transversal";"Com Vítimas Feridas";"Plena Noite";"Crescente";"Céu Claro";"Simples";"Reta";"Sim";3;0;2;0;0;1;2;3;-23,46247575;-45,0648129;"SPRF-SP";"DEL06-SP";"UOP01-DEL06-SP"
575572;2024-01-18;"quinta-feira";"18:15:00";"AL";316;269;"SATUBA";"Ingestão de álcool pelo condutor";"Colisão frontal";"Com Vítimas Feridas";"Plena Noite";"Crescente";"Céu Claro";"Simples";"Reta";"Sim";4;0;1;1;2;0;2;2;-9,57589005;-35,83163597;"SPRF-AL";"DEL02-AL";"UOP01-DEL02-AL"
575573;2024-01-18;"quinta-feira";"08:15:00";"MG";116;415,2;"GOVERNADOR VALADARES";"Pista esburacada";"Queda de ocupante de veículo";"Com Vítimas Feridas";"Pleno dia";"Decrescente";"Céu Claro";"Simples";"Reta";"Sim";2;0;1;0;0;1;1;2;-18,88401297;-41,94924399;"SPRF-MG";"DEL06-MG";"UOP01-DEL06-MG"
575575;2024-01-18;"quinta-feira";"18:00:00";"PR";277;662,5;"MATELANDIA";"Velocidade Incompatível";"Saída de leito carroçável";"Com Vítimas Feridas";"Anoitecer";"Crescente";"Garoa/Chuvisco";"Dupla";"Reta";"Não";2;0;1;0;0;1;1;2;-25,25121745;-54,00913508;"SPRF-PR";"DEL05-PR";"UOP02-DEL05-PR"
575576;2024-01-18;"quinta-feira";"06:45:00";"RJ";101;297;"ITABORAI";"Trafegar com motocicleta (ou similar) entre as faixas";"Colisão traseira";"Com Vítimas Feridas";"Pleno dia";"Decrescente";"Sol";"Dupla";"Reta";"Sim";1;0;1;0;0;0;1;1;-22,76942037;-42,91873581;"SPRF-RJ";"DEL02-RJ";"UOP02-DEL02-RJ"
575577;2024-01-18;"quinta-feira";"20:15:00";"SC";280;27;"ARAQUARI";"Acessar a via sem observar a presença dos outros veículos";"Colisão transversal";"Com Vítimas Feridas";"Plena Noite";"Crescente";"Chuva";"Simples";"Reta";"Sim";2;0;1;0;1;0;1;2;-26,39685622;-48,74021969;"SPRF-SC";"DEL03-SC";"UOP03-DEL03-SC"
575578;2024-01-18;"quinta-feira";"20:20:00";"SP";116;222;"GUARULHOS";"Entrada inopinada do pedestre";"Atropelamento de Pedestre";"Com Vítimas Fatais";"Plena Noite";"Crescente";"Nublado";"Múltipla";"Reta";"Sim";2;1;0;0;1;0;0;2;-23,47093408;-46,51631097;"SPRF-SP";"DEL01-SP";"UOP01-DEL01-SP"
575579;2024-01-18;"quinta-feira";"19:40:00";"PR";277;97,5;"CURITIBA";"Demais falhas mecânicas ou elétricas";"Colisão com objeto";"Com Vítimas Feridas";"Plena Noite";"Crescente";"Nublado";"Dupla";"Reta";"Sim";3;0;1;1;1;0;2;2;-25,54577186;-49,29537197;"SPRF-PR";"DEL01-PR";"UOP06-DEL01-PR"
575580;2024-01-18;"quinta-feira";"12:00:00";"BA";116;17,9;"VITORIA DA CONQUISTA";"Reação tardia ou ineficiente do condutor";"Queda de ocupante de veículo";"Com Vítimas Feridas";"Pleno dia";"Crescente";"Céu Claro";"Simples";"Reta";"Não";1;0;1;0;0;0;1;1;-14,851;-40,8485;"SPRF-BA";"DEL08-BA";"UOP01-DEL08-BA"
575583;2024-01-18;"quinta-feira";"19:50:00";"RJ";116;53,9;"TERESOPOLIS";"Ingestão de álcool pelo condutor";"Tombamento";"Com Vítimas Feridas";"Plena Noite";"Crescente";"Céu Claro";"Simples";"Reta";"Não";1;0;0;1;0;0;1;1;-22,20141446;-42,87189678;"SPRF-RJ";"DEL04-RJ";"UOP01-DEL04-RJ"
575584;2024-01-18;"quinta-feira";"18:30:00";"MG";381;484;"BETIM";"Trafegar com motocicleta (ou similar) entre as faixas";"Queda de ocupante de veículo";"Com Vítimas Feridas";"Anoitecer";"Crescente";"Céu Claro";"Dupla";"Reta";"Sim";1;0;1;0;0;0;1;1;-19,95531717;-44,11722196;"SPRF-MG";"DEL01-MG";"UOP03-DEL01-MG"
575585;2024-01-18;"quinta-feira";"19:30:00";"RJ";493;19;"MAGE";"Transitar no Acostamento";"Colisão frontal";"Com Vítimas Feridas";"Plena Noite";"Crescente";"Céu Claro";"Simples";"Reta";"Sim";2;0;1;0;0;1;1;2;-22,6663848;-43,02770248;"SPRF-RJ";"DEL04-RJ";"UOP02-DEL04-RJ"
575586;2024-01-18;"quinta-feira";"21:20:00";"SC";101;205;"SAO JOSE";"Manobra de mudança de faixa";"Queda de ocupante de veículo";"Com Vítimas Feridas";"Plena Noite";"Crescente";"Chuva";"Múltipla";"Reta";"Sim";3;0;1;0;2;0;1;2;-27,59193546;-48,61824557;"SPRF-SC";"DEL01-SC";"UOP01-DEL01-SC"
575589;2024-01-18;"quinta-feira";"18:30:00";"BA";242;455;"IBITIARA";"Reação tardia ou ineficiente do condutor";"Saída de leito carroçável";"Com Vítimas Feridas";"Plena Noite";"Decrescente";"Nublado";"Simples";"Reta";"Não";2;0;2;0;0;0;2;1;-12,4221814;-42,10158502;"SPRF-BA";"DEL06-BA";"UOP01-DEL06-BA"
575591;2024-01-18;"quinta-feira";"20:40:00";"PE";316;58,4;"TRINDADE";"Acessar a via sem observar a presença dos outros veículos";"Colisão transversal";"Com Vítimas Feridas";"Plena Noite";"Decrescente";"Céu Claro";"Simples";"Não Informado";"Sim";4;0;4;0;0;0;4;2;-7,75370631;-40,26496546;"SPRF-PE";"DEL05-PE";"UOP02-DEL05-PE"
575592;2024-01-18;"quinta-feira";"21:45:00";"SC";101;131;"BALNEARIO CAMBORIU";"Acessar a via sem observar a presença dos outros veículos";"Colisão transversal";"Com Vítimas Feridas";"Plena Noite";"Decrescente";"Garoa/Chuvisco";"Simples";"Reta";"Sim";3;0;1;1;1;0;2;2;-26,99064209;-48,66310912;"SPRF-SC";"DEL04-SC";"UOP03-DEL04-SC"
575593;2024-01-18;"quinta-feira";"16:50:00";"MG";116;744,5;"LEOPOLDINA";"Acessar a via sem observar a presença dos outros veículos";"Colisão transversal";"Com Vítimas Feridas";"Pleno dia";"Crescente";"Sol";"Simples";"Não Informado";"Não";6;0;6;0;0;0;6;2;-21,42227206;-42,50880191;"SPRF-MG";"DEL07-MG";"UOP01-DEL07-MG"
575594;2024-01-18;"quinta-feira";"22:05:00";"RN";304;45,5;"MOSSORO";"Ingestão de álcool pelo condutor";"Tombamento";"Com Vítimas Feridas";"Plena Noite";"Decrescente";"Céu Claro";"Dupla";"Reta";"Sim";1;0;1;0;0;0;1;1;-5,2250698;-37,3490001;"SPRF-RN";"DEL04-RN";"UOP01-DEL04-RN"
575597;2024-01-18;"quinta-feira";"21:00:00";"MG";381;542;"ITATIAIUCU";"Manobra de mudança de faixa";"Saída de leito carroçável";"Com Vítimas Feridas";"Plena Noite";"Decrescente";"Nublado";"Dupla";"Não Informado";"Não";2;0;2;0;0;0;2;1;-20,26492509;-44,42256682;"SPRF-MG";"DEL04-MG";"UOP03-DEL04-MG"
575598;2024-01-18;"quinta-feira";"22:20:00";"BA";324;535;"CONCEICAO DO JACUIPE";"Ausência de reação do condutor";"Colisão traseira";"Com Vítimas Feridas";"Plena Noite";"Decrescente";"Céu Claro";"Dupla";"Não Informado";"Sim";3;0;2;0;0;1;2;2;-12,35775097;-38,82802597;"SPRF-BA";"DEL01-BA";"UOP03-DEL01-BA"
575599;2024-01-18;"quinta-feira";"18:30:00";"MT";158;640;"NOVA XAVANTINA";"Manobra de mudança de faixa";"Colisão frontal";"Com Vítimas Fatais";"Anoitecer";"Crescente";"Céu Claro";"Simples";"Não Informado";"Sim";2;1;0;0;1;0;0;2;-14,56012504;-52,36408741;"SPRF-MT";"DEL07-MT";"UOP02-DEL07-MT"
575600;2024-01-18;"quinta-feira";"23:00:00";"RJ";101;241,7;"SILVA JARDIM";"Entrada inopinada do pedestre";"Atropelamento de Pedestre";"Com Vítimas Fatais";"Plena Noite";"Crescente";"Nublado";"Dupla";"Reta";"Não";3;1;0;0;2;0;0;2;-22,635015;-42,452019;"SPRF-RJ";"DEL02-RJ";"UOP03-DEL02-RJ"
575601;2024-01-18;"quinta-feira";"21:30:00";"PE";101;23,3;"ITAPISSUMA";"Ingestão de álcool pelo condutor";"Tombamento";"Com Vítimas Feridas";"Plena Noite";"Decrescente";"Vento";"Múltipla";"Não Informado";"Não";1;0;1;0;0;0;1;1;-7,68357776;-34,92410458;"SPRF-PE";"DEL01-PE";"UOP02-DEL01-PE"
575602;2024-01-18;"quinta-feira";"22:30:00";"PR";116;2;"CAMPINA GRANDE DO SUL";"Ausência de reação do condutor";"Colisão frontal";"Com Vítimas Feridas";"Plena Noite";"Crescente";"Nublado";"Dupla";"Reta";"Sim";2;0;1;0;1;0;1;2;-25,3562;-49,0677;"SPRF-PR";"DEL01-PR";"UOP02-DEL01-PR"
575603;2024-01-18;"quinta-feira";"10:30:00";"MA";135;17;"SAO LUIS";"Ausência de reação do condutor";"Colisão transversal";"Com Vítimas Feridas";"Pleno dia";"Decrescente";"Céu Claro";"Simples";"Não Informado";"Não";2;0;2;0;0;0;2;2;-2,70991888;-44,31583218;"SPRF-MA";"DEL01-MA";"UOP01-DEL01-MA"
575604;2024-01-18;"quinta-feira";"23:45:00";"MG";40;356,5;"FELIXLANDIA";"Ingestão de álcool pelo condutor";"Colisão lateral sentido oposto";"Sem Vítimas";"Plena Noite";"Crescente";"Céu Claro";"Dupla";"Não Informado";"Sim";2;0;0;0;0;2;0;2;-18,73084;-44,87724;"SPRF-MG";"DEL02-MG";"UOP01-DEL02-MG"
575605;2024-01-18;"quinta-feira";"22:30:00";"AP";156;820;"OIAPOQUE";"Acessar a via sem observar a presença dos outros veículos";"Colisão lateral sentido oposto";"Com Vítimas Feridas";"Plena Noite";"Crescente";"Céu Claro";"Simples";"Reta";"Sim";2;0;0;1;1;0;1;2;3,83878842;-51,81774523;"SPRF-AP";"DEL01-AP";"UOP03-DEL01-AP"
575606;2024-01-18;"quinta-feira";"22:30:00";"ES";393;9;"CACHOEIRO DE ITAPEMIRIM";"Velocidade Incompatível";"Tombamento";"Com Vítimas Feridas";"Plena Noite";"Crescente";"Céu Claro";"Simples";"Não Informado";"Não";1;0;0;1;0;0;1;1;-20,83805215;-41,2306509;"SPRF-ES";"DEL03-ES";"UOP02-DEL03-ES"
575607;2024-01-19;"sexta-feira";"00:26:00";"RN";101;84;"SAO GONCALO DO AMARANTE";"Condutor deixou de manter distância do veículo da frente";"Colisão traseira";"Sem Vítimas";"Plena Noite";"Decrescente";"Céu Claro";"Dupla";"Reta";"Sim";2;0;0;0;1;1;0;2;-5,774175;-35,2578;"SPRF-RN";"DEL02-RN";"UOP01-DEL02-RN"
575608;2024-01-03;"quarta-feira";"07:35:00";"MG";262;48,7;"MANHUACU";"Ultrapassagem Indevida";"Colisão frontal";"Com Vítimas Feridas";"Pleno dia";"Decrescente";"Chuva";"Simples";"Reta";"Não";2;0;1;0;1;0;1;2;-20,25373412;-42,12287611;"SPRF-MG";"DEL06-MG";"UOP03-DEL06-MG"
575609;2024-01-18;"quinta-feira";"22:20:00";"PR";163;141,3;"CAPITAO LEONIDAS MARQUES";"Demais falhas na via";"Saída de leito carroçável";"Com Vítimas Feridas";"Pleno dia";"Decrescente";"Chuva";"Dupla";"Reta";"Não";1;0;1;0;0;0;1;1;-25,49094155;-53,59476776;"SPRF-PR";"DEL05-PR";"UOP05-DEL05-PR"
575611;2024-01-19;"sexta-feira";"00:10:00";"PR";376;457;"TIBAGI";"Ausência de reação do condutor";"Capotamento";"Com Vítimas Feridas";"Plena Noite";"Decrescente";"Garoa/Chuvisco";"Simples";"Reta";"Não";2;0;2;0;0;0;2;1;-24,98482569;-50,36932593;"SPRF-PR";"DEL03-PR";"UOP01-DEL03-PR"
575612;2024-01-18;"quinta-feira";"17:40:00";"SC";282;129,7;"BOM RETIRO";"Ausência de reação do condutor";"Colisão lateral mesmo sentido";"Com Vítimas Feridas";"Pleno dia";"Crescente";"Nublado";"Simples";"Reta";"Não";5;0;1;0;2;2;1;3;-27,80146268;-49,50259209;"SPRF-SC";"DEL05-SC";"UOP01-DEL05-SC"
575613;2024-01-18;"quinta-feira";"18:30:00";"MG";251;201;"CACHOEIRA DE PAJEU";"Ausência de reação do condutor";"Saída de leito carroçável";"Com Vítimas Feridas";"Anoitecer";"Decrescente";"Céu Claro";"Simples";"Não Informado";"Não";1;0;1;0;0;0;1;1;-15,87111259;-41,47373199;"SPRF-MG";"DEL12-MG";"UOP02-DEL12-MG"
575616;2024-01-19;"sexta-feira";"03:00:00";"SP";116;212;"GUARULHOS";"Acesso irregular";"Capotamento";"Com Vítimas Feridas";"Plena Noite";"Decrescente";"Chuva";"Múltipla";"Reta";"Sim";2;0;2;0;0;0;2;1;-23,43608315;-46,42805094;"SPRF-SP";"DEL01-SP";"UOP01-DEL01-SP"