"id";"data_inversa";"dia_semana";"horario";"uf";"br";"km";"municipio";"causa_acidente";"tipo_acidente";"classificacao_acidente";"fase_dia";"sentido_via";"condicao_metereologica";"tipo_pista";"tracado_via";"uso_solo";"pessoas";"mortos";"feridos_leves";"feridos_graves";"ilesos";"ignorados";"feridos";"veiculos";"latitude";"longitude";"regional";"delegacia";"uop"
575960;2024-01-20;"sábado";"15:00:00";"GO";60;126;"GOIANAPOLIS";"Avarias e/ou desgaste excessivo no pneu";"Queda de ocupante de veículo";"Com Vítimas Feridas";"Pleno dia";"Crescente";"Céu Claro";"Dupla";"Reta";"Não";2;0;2;0;0;0;2;1;-16,5324;-49,1473;"SPRF-GO";"DEL01-GO";"UOP01-DEL01-GO"
575961;2024-01-20;"sábado";"13:15:00";"MA";10;253,6;"IMPERATRIZ";"Condutor desrespeitou a iluminação vermelha do semáforo";"Colisão transversal";"Com Vítimas Feridas";"Pleno dia";"Decrescente";"Céu Claro";"Simples";"Não Informado";"Sim";3;0;1;0;2;0;1;2;-5,526911;-47,471455;"SPRF-MA";"DEL04-MA";"UOP01-DEL04-MA"
575962;2024-01-20;"sábado";"11:00:00";"MG";381;242,5;"SANTANA DO PARAISO";"Objeto estático sobre o leito carroçável";"Colisão com objeto";"Com Vítimas Feridas";"Pleno dia";"Decrescente";"Céu Claro";"Simples";"Reta";"Não";5;0;2;0;3;0;2;1;-19,42980464;-42,50381335;"SPRF-MG";"DEL06-MG";"UOP01-DEL06-MG"
575963;2024-01-20;"sábado";"14:40:00";"BA";324;611;"SIMOES FILHO";"Condutor deixou de manter distância do veículo da frente";"Colisão traseira";"Com Vítimas Feridas";"Pleno dia";"Decrescente";"Céu Claro";"Dupla";"Reta";"Não";2;0;1;0;1;0;1;2;-12,83798396;-38,41427011;"SPRF-BA";"DEL01-BA";"UOP01-DEL01-BA"
575964;2024-01-20;"sábado";"15:34:00";"PI";343;18,7;"PARNAIBA";"Ingestão de álcool pelo condutor";"Colisão traseira";"Sem Vítimas";"Pleno dia";"Decrescente";"Sol";"Simples";"Reta";"Não";2;0;0;0;2;0;0;2;-2,963282;-41,759464;"SPRF-PI";"DEL05-PI";"UOP01-DEL05-PI"
575965;2024-01-20;"sábado";"14:08:00";"ES";262;103;"VENDA NOVA DO IMIGRANTE";"Frear bruscamente";"Tombamento";"Com Vítimas Feridas";"Pleno dia";"Crescente";"Sol";"Simples";"Curva";"Sim";2;0;1;0;0;1;1;2;-20,33657022;-41,12201819;"SPRF-ES";"DEL01-ES";"UOP02-DEL01-ES"
575967;2024-01-20;"sábado";"14:50:00";"PB";101;76;"SANTA RITA";"Manobra de mudança de faixa";"Colisão lateral mesmo sentido";"Com Vítimas Feridas";"Pleno dia";"Decrescente";"Céu Claro";"Dupla";"Não Informado";"Não";4;0;2;0;0;2;2;3;-7,09085711;-34,96857932;"SPRF-PB";"DEL01-PB";"UOP04-DEL01-PB"
575969;2024-01-20;"sábado";"15:35:00";"SC";101;137,7;"BALNEARIO CAMBORIU";"Trafegar com motocicleta (ou similar) entre as faixas";"Colisão traseira";"Com Vítimas Feridas";"Pleno dia";"Decrescente";"Chuva";"Múltipla";"Reta";"Sim";2;0;0;1;1;0;1;2;-27,0157238;-48,61192763;"SPRF-SC";"DEL04-SC";"UOP03-DEL04-SC"
575971;2024-01-20;"sábado";"14:40:00";"AL";101;129;"SAO MIGUEL DOS CAMPOS";"Velocidade Incompatível";"Queda de ocupante de veículo";"Com Vítimas Feridas";"Pleno dia";"Crescente";"Céu Claro";"Simples";"Viaduto";"Não";1;0;1;0;0;0;1;1;-9,74963266;-36,06531248;"SPRF-AL";"DEL02-AL";"UOP01-DEL02-AL"
575973;2024-01-20;"sábado";"16:00:00";"PI";316;2,8;"TERESINA";"Transitar na contramão";"Colisão frontal";"Sem Vítimas";"Pleno dia";"Crescente";"Céu Claro";"Múltipla";"Reta";"Sim";2;0;0;0;2;0;0;2;-5,130648;-42,792034;"SPRF-PI";"DEL01-PI";"UOP02-DEL01-PI"
575975;2024-01-20;"sábado";"16:30:00";"SP";116;505,8;"CAJATI";"Reação tardia ou ineficiente do condutor";"Saída de leito carroçável";"Com Vítimas Feridas";"Pleno dia";"Crescente";"Chuva";"Simples";"Curva";"Não";2;0;1;0;1;0;1;1;-24,79028098;-48,21075278;"SPRF-SP";"DEL05-SP";"UOP02-DEL05-SP"
575976;2024-01-20;"sábado";"16:20:00";"RJ";101;276;"TANGUA";"Manobra de mudança de faixa";"Colisão lateral mesmo sentido";"Com Vítimas Feridas";"Pleno dia";"Crescente";"Céu Claro";"Dupla";"Reta";"Não";3;0;1;0;2;0;1;2;-22,73796393;-42,73871802;"SPRF-RJ";"DEL02-RJ";"UOP03-DEL02-RJ"
575978;2024-01-20;"sábado";"16:25:00";"PR";469;12,4;"FOZ DO IGUACU";"Condutor deixou de manter distância do veículo da frente";"Colisão traseira";"Com Vítimas Feridas";"Pleno dia";"Crescente";"Nublado";"Simples";"Reta";"Não";2;0;1;0;1;0;1;2;-25,5754;-54,5489;"SPRF-PR";"DEL05-PR";"UOP04-DEL05-PR"
575979;2024-01-20;"sábado";"13:45:00";"PR";376;279,5;"MARILANDIA DO SUL";"Ausência de reação do condutor";"Saída de leito carroçável";"Com Vítimas Feridas";"Pleno dia";"Decrescente";"Chuva";"Dupla";"Não Informado";"Não";1;0;1;0;0;0;1;1;-23,84271577;-51,25922441;"SPRF-PR";"DEL07-PR";"UOP02-DEL07-PR"
575981;2024-01-20;"sábado";"16:40:00";"PR";277;165;"PORTO AMAZONAS";"Pedestre cruzava a pista fora da faixa";"Atropelamento de Pedestre";"Com Vítimas Feridas";"Pleno dia";"Crescente";"Nublado";"Simples";"Reta";"Não";4;0;0;1;3;0;1;2;-25,47289;-49,895964;"SPRF-PR";"DEL03-PR";"UOP03-DEL03-PR"
575982;2024-01-20;"sábado";"15:40:00";"MG";262;40,8;"MANHUACU";"Transitar na contramão";"Colisão lateral sentido oposto";"Com Vítimas Feridas";"Pleno dia";"Decrescente";"Céu Claro";"Simples";"Reta";"Não";3;0;1;0;2;0;1;2;-20,27334219;-42,04913988;"SPRF-MG";"DEL06-MG";"UOP03-DEL06-MG"
575984;2024-01-20;"sábado";"16:30:00";"SP";101;25;"UBATUBA";"Reação tardia ou ineficiente do condutor";"Colisão lateral mesmo sentido";"Com Vítimas Feridas";"Pleno dia";"Crescente";"Céu Claro";"Múltipla";"Reta";"Não";4;0;2;0;2;0;2;2;-23,35526999;-44,94599221;"SPRF-SP";"DEL06-SP";"UOP01-DEL06-SP"
575985;2024-01-20;"sábado";"17:15:00";"ES";101;149;"LINHARES";"Condutor desrespeitou a iluminação vermelha do semáforo";"Colisão transversal";"Com Vítimas Feridas";"Pleno dia";"Crescente";"Céu Claro";"Dupla";"Interseção de vias";"Sim";3;0;2;1;0;0;3;2;-19,39619083;-40,06435871;"SPRF-ES";"DEL04-ES";"UOP01-DEL04-ES"
575988;2024-01-20;"sábado";"17:20:00";"SC";101;228,1;"PALHOCA";"Animais na Pista";"Colisão com objeto";"Com Vítimas Feridas";"Pleno dia";"Decrescente";"Céu Claro";"Dupla";"Não Informado";"Não";2;0;1;0;1;0;1;1;-27,7597249;-48,63078869;"SPRF-SC";"DEL01-SC";"UOP02-DEL01-SC"
575989;2024-01-20;"sábado";"16:20:00";"RS";290;122;"ELDORADO DO SUL";"Acessar a via sem observar a presença dos outros veículos";"Colisão transversal";"Com Vítimas Feridas";"Pleno dia";"Decrescente";"Céu Claro";"Simples";"Não Informado";"Não";6;0;1;0;5;0;1;2;-30,052313;-51,428188;"SPRF-RS";"DEL02-RS";"UOP01-DEL02-RS"
575990;2024-01-20;"sábado";"16:25:00";"RS";290;122;"ELDORADO DO SUL";"Reação tardia ou ineficiente do condutor";"Colisão traseira";"Com Vítimas Feridas";"Pleno dia";"Decrescente";"Céu Claro";"Simples";"Reta";"Não";6;0;1;0;5;0;1;2;-30,05267678;-51,43309593;"SPRF-RS";"DEL02-RS";"UOP01-DEL02-RS"
575991;2024-01-20;"sábado";"17:15:00";"RS";290;122;"ELDORADO DO SUL";"Reação tardia ou ineficiente do condutor";"Colisão traseira";"Sem Vítimas";"Pleno dia";"Decrescente";"Nublado";"Simples";"Reta";"Não";2;0;0;0;2;0;0;2;-30,052313;-51,428188;"SPRF-RS";"DEL02-RS";"UOP01-DEL02-RS"
575992;2024-01-20;"sábado";"17:05:00";"RS";290;122;"ELDORADO DO SUL";"Reação tardia ou ineficiente do condutor";"Colisão traseira";"Sem Vítimas";"Pleno dia";"Decrescente";"Nublado";"Simples";"Reta";"Não";2;0;0;0;2;0;0;2;-30,052313;-51,428188;"SPRF-RS";"DEL02-RS";"UOP01-DEL02-RS"
575993;2024-01-20;"sábado";"17:30:00";"PR";277;7;"PARANAGUA";"Transitar na contramão";"Colisão frontal";"Com Vítimas Feridas";"Anoitecer";"Decrescente";"Garoa/Chuvisco";"Dupla";"Não Informado";"Sim";3;0;1;0;2;0;1;2;-25,568198;-48,615292;"SPRF-PR";"DEL01-PR";"UOP05-DEL01-PR"
575994;2024-01-20;"sábado";"08:30:00";"RJ";356;13;"ITAPERUNA";"Transitar na contramão";"Colisão frontal";"Com Vítimas Feridas";"Pleno dia";"Decrescente";"Céu Claro";"Simples";"Não Informado";"Não";2;0;1;0;1;0;1;2;-21,17615652;-42,0721221;"SPRF-RJ";"DEL08-RJ";"UOP03-DEL08-RJ"
575995;2024-01-20;"sábado";"16:15:00";"SC";470;56;"BLUMENAU";"Conversão proibida";"Colisão transversal";"Com Vítimas Feridas";"Pleno dia";"Crescente";"Nublado";"Simples";"Reta";"Sim";2;0;1;0;1;0;1;2;-26,87674;-49,127743;"SPRF-SC";"DEL04-SC";"UOP01-DEL04-SC"
575998;2024-01-20;"sábado";"17:30:00";"SC";101;219,2;"PALHOCA";"Avarias e/ou desgaste excessivo no pneu";"Tombamento";"Com Vítimas Feridas";"Pleno dia";"Decrescente";"Nublado";"Dupla";"Reta";"Não";2;0;2;0;0;0;2;1;-27,68392194;-48,66710085;"SPRF-SC";"DEL01-SC";"UOP02-DEL01-SC"
576000;2024-01-20;"sábado";"17:15:00";"PB";230;221,9;"SOLEDADE";"Chuva";"Saída de leito carroçável";"Com Vítimas Feridas";"Anoitecer";"Decrescente";"Chuva";"Simples";"Reta";"Não";1;0;1;0;0;0;1;1;-7,0409;-36,4063;"SPRF-PB";"DEL02-PB";"UOP02-DEL02-PB"
576001;2024-01-20;"sábado";"16:00:00";"GO";153;345;"JARAGUA";"Ausência de reação do condutor";"Saída de leito carroçável";"Sem Vítimas";"Pleno dia";"Crescente";"Céu Claro";"Simples";"Reta";"Não";2;0;0;0;2;0;0;1;-15,631001;-49,380325;"SPRF-GO";"DEL02-GO";"UOP02-DEL02-GO"
576002;2024-01-20;"sábado";"18:00:00";"RJ";101;438;"MANGARATIBA";"Acessar a via sem observar a presença dos outros veículos";"Colisão transversal";"Com Vítimas Feridas";"Anoitecer";"Crescente";"Nublado";"Simples";"Reta";"Sim";6;0;3;0;3;0;3;2;-22,9502606;-44,07417802;"SPRF-RJ";"DEL03-RJ";"UOP02-DEL03-RJ"
576003;2024-01-20;"sábado";"16:20:00";"RN";226;287,1;"AUGUSTO SEVERO";"Ingestão de álcool pelo condutor";"Saída de leito carroçável";"Com Vítimas Feridas";"Pleno dia";"Decrescente";"Céu Claro";"Simples";"Reta";"Não";2;0;2;0;0;0;2;1;-5,86309181;-37,28921889;"SPRF-RN";"DEL03-RN";"UOP01-DEL03-RN"
576004;2024-01-20;"sábado";"18:30:00";"MG";40;697,1;"BARBACENA";"Velocidade Incompatível";"Colisão frontal";"Com Vítimas Fatais";"Anoitecer";"Crescente";"Céu Claro";"Simples";"Não Informado";"Não";4;2;0;2;0;0;2;2;-21,15466699;-43,76265769;"SPRF-MG";"DEL05-MG";"UOP02-DEL05-MG"
576005;2024-01-20;"sábado";"18:30:00";"MG";50;6,1;"UBERLANDIA";"Ingestão de álcool pelo condutor";"Saída de leito carroçável";"Com Vítimas Fatais";"Anoitecer";"Crescente";"Garoa/Chuvisco";"Múltipla";"Desvio Temporário";"Não";1;1;0;0;0;0;0;1;-18,9113;-48,2622;"SPRF-MG";"DEL15-MG";"UOP01-DEL15-MG"
576006;2024-01-20;"sábado";"18:00:00";"MG";262;382;"MATEUS LEME";"Velocidade Incompatível";"Saída de leito carroçável";"Com Vítimas Feridas";"Anoitecer";"Decrescente";"Nublado";"Dupla";"Reta";"Não";2;0;1;0;1;0;1;1;-19,93049825;-44,40182;"SPRF-MG";"DEL01-MG";"UOP03-DEL01-MG"
576007;2024-01-20;"sábado";"17:30:00";"SC";282;138;"BOM RETIRO";"Acessar a via sem observar a presença dos outros veículos";"Colisão transversal";"Com Vítimas Feridas";"Pleno dia";"Crescente";"Sol";"Simples";"Reta";"Sim";7;0;5;1;1;0;6;2;-27,825998;-49,575924;"SPRF-SC";"DEL05-SC";"UOP01-DEL05-SC"
576008;2024-01-20;"sábado";"17:10:00";"MT";364;200;"RONDONOPOLIS";"Ausência de reação do condutor";"Colisão traseira";"Com Vítimas Feridas";"Anoitecer";"Decrescente";"Garoa/Chuvisco";"Dupla";"Rotatória";"Sim";4;0;1;0;3;0;1;2;-16,49612525;-54,63849716;"SPRF-MT";"DEL02-MT";"UOP01-DEL02-MT"
576009;2024-01-16;"terça-feira";"16:30:00";"RJ";101;322;"NITEROI";"Condutor deixou de manter distância do veículo da frente";"Engavetamento";"Com Vítimas Feridas";"Pleno dia";"Decrescente";"Céu Claro";"Dupla";"Reta";"Não";4;0;1;0;3;0;1;3;-22,878923;-43,110676;"SPRF-RJ";"DEL02-RJ";"UOP01-DEL02-RJ"
576010;2024-01-20;"sábado";"14:30:00";"RJ";465;17;"NOVA IGUACU";"Reação tardia ou ineficiente do condutor";"Colisão traseira";"Com Vítimas Feridas";"Pleno dia";"Decrescente";"Céu Claro";"Dupla";"Não Informado";"Sim";2;0;1;0;1;0;1;2;-22,823448;-43,619843;"SPRF-RJ";"DEL06-RJ";"UOP02-DEL06-RJ"
576011;2024-01-20;"sábado";"18:20:00";"CE";116;3;"FORTALEZA";"Ausência de reação do condutor";"Tombamento";"Com Vítimas Feridas";"Plena Noite";"Crescente";"Céu Claro";"Múltipla";"Reta";"Sim";2;0;1;1;0;0;2;1;-3,77866493;-38,51490171;"SPRF-CE";"DEL01-CE";"UOP02-DEL01-CE"
576012;2024-01-20;"sábado";"18:20:00";"PE";408;102;"RECIFE";"Ausência de reação do condutor";"Colisão traseira";"Sem Vítimas";"Plena Noite";"Crescente";"Céu Claro";"Dupla";"Reta";"Não";2;0;0;0;1;1;0;2;-8,05323195;-35,00247996;"SPRF-PE";"DEL01-PE";"UOP01-DEL01-PE"
576013;2024-01-20;"sábado";"15:00:00";"RS";293;51,5;"CERRITO";"Reação tardia ou ineficiente do condutor";"Saída de leito carroçável";"Sem Vítimas";"Pleno dia";"Crescente";"Céu Claro";"Simples";"Reta";"Não";1;0;0;0;0;1;0;1;-31,72933964;-52,83680696;"SPRF-RS";"DEL07-RS";"UOP01-DEL07-RS"
576014;2024-01-20;"sábado";"18:27:00";"PE";428;188;"PETROLINA";"Ingestão de álcool pelo condutor";"Colisão com objeto";"Com Vítimas Feridas";"Plena Noite";"Decrescente";"Céu Claro";"Simples";"Rotatória";"Sim";1;0;1;0;0;0;1;1;-9,37508295;-40,48790082;"SPRF-PE";"DEL06-PE";"UOP01-DEL06-PE"
576016;2024-01-20;"sábado";"17:01:00";"MG";381;529,4;"ITATIAIUCU";"Velocidade Incompatível";"Capotamento";"Com Vítimas Feridas";"Pleno dia";"Decrescente";"Chuva";"Dupla";"Reta";"Não";2;0;2;0;0;0;2;1;-20,16619722;-44,36914378;"SPRF-MG";"DEL04-MG";"UOP03-DEL04-MG"
576019;2024-01-20;"sábado";"17:20:00";"SC";282;43,1;"AGUAS MORNAS";"Conversão proibida";"Colisão transversal";"Sem Vítimas";"Pleno dia";"Decrescente";"Nublado";"Simples";"Reta";"Não";2;0;0;0;2;0;0;2;-27,719458;-48,897526;"SPRF-SC";"DEL01-SC";"UOP03-DEL01-SC"
576021;2024-01-20;"sábado";"19:10:00";"CE";116;20;"ITAITINGA";"Ausência de sinalização";"Tombamento";"Com Vítimas Feridas";"Plena Noite";"Crescente";"Céu Claro";"Dupla";"Não Informado";"Sim";2;0;0;1;1;0;1;1;-3,92277497;-38,50762327;"SPRF-CE";"DEL01-CE";"UOP02-DEL01-CE"
576022;2024-01-20;"sábado";"17:15:00";"SC";282;246;"SAO JOSE DO CERRITO";"Velocidade Incompatível";"Saída de leito carroçável";"Com Vítimas Feridas";"Pleno dia";"Decrescente";"Céu Claro";"Simples";"Curva";"Não";1;0;0;1;0;0;1;1;-27,72682358;-50,53024292;"SPRF-SC";"DEL05-SC";"UOP02-DEL05-SC"
576023;2024-01-20;"sábado";"14:30:00";"RO";364;383;"OURO PRETO DO OESTE";"Reação tardia ou ineficiente do condutor";"Colisão traseira";"Sem Vítimas";"Pleno dia";"Crescente";"Garoa/Chuvisco";"Simples";"Não Informado";"Sim";3;0;0;0;3;0;0;2;-10,72104014;-62,24385208;"SPRF-RO";"DEL02-RO";"UOP01-DEL02-RO"
576025;2024-01-20;"sábado";"19:10:00";"TO";10;456;"PALMAS";"Iluminação deficiente";"Colisão com objeto";"Com Vítimas Feridas";"Plena Noite";"Decrescente";"Céu Claro";"Dupla";"Desvio Temporário";"Não";2;0;1;0;1;0;1;2;-10,20863984;-48,15545194;"SPRF-TO";"DEL01-TO";"UOP03-DEL01-TO"
576026;2024-01-20;"sábado";"19:20:00";"TO";10;456;"PALMAS";"Ingestão de álcool pelo condutor";"Colisão com objeto";"Com Vítimas Feridas";"Pleno dia";"Decrescente";"Sol";"Múltipla";"Não Informado";"Não";3;0;1;0;2;0;1;1;-10,21491133;-48,15620573;"SPRF-TO";"DEL01-TO";"UOP03-DEL01-TO"
576027;2024-01-20;"sábado";"19:30:00";"ES";101;226,6;"FUNDAO";"Transitar na contramão";"Colisão lateral sentido oposto";"Com Vítimas Feridas";"Plena Noite";"Crescente";"Nublado";"Simples";"Reta";"Não";3;0;1;0;2;0;1;3;-19,90713474;-40,40712141;"SPRF-ES";"DEL02-ES";"UOP01-DEL02-ES"
576028;2024-01-20;"sábado";"16:10:00";"AM";319;696;"HUMAITA";"Condutor deixou de manter distância do veículo da frente";"Colisão traseira";"Com Vítimas Feridas";"Pleno dia";"Decrescente";"Céu Claro";"Simples";"Reta";"Não";2;0;1;0;1;0;1;2;-7,703932;-63,089821;"SPRF-AM";"DEL01-AM";"UOP05-DEL01-AM"
576029;2024-01-20;"sábado";"19:20:00";"PE";232;408;"SERRA TALHADA";"Acessar a via sem observar a presença dos outros veículos";"Colisão transversal";"Com Vítimas Feridas";"Plena Noite";"Decrescente";"Ignorado";"Simples";"Não Informado";"Sim";2;0;1;0;1;0;1;2;-7,98261841;-38,30039606;"SPRF-PE";"DEL04-PE";"UOP01-DEL04-PE"
576030;2024-01-20;"sábado";"18:45:00";"SC";101;202;"SAO JOSE";"Manobra de mudança de faixa";"Colisão lateral mesmo sentido";"Com Vítimas Feridas";"Anoitecer";"Crescente";"Nublado";"Simples";"Não Informado";"Sim";2;0;1;0;1;0;1;2;-27,55711595;-48,61897889;"SPRF-SC";"DEL01-SC";"UOP01-DEL01-SC"
576031;2024-01-20;"sábado";"19:15:00";"SC";280;58;"GUARAMIRIM";"Retorno proibido";"Colisão transversal";"Com Vítimas Feridas";"Pleno dia";"Crescente";"Chuva";"Simples";"Não Informado";"Sim";2;0;1;0;1;0;1;2;-26,47415593;-49,021211;"SPRF-SC";"DEL03-SC";"UOP03-DEL03-SC"
576032;2024-01-20;"sábado";"16:45:00";"RJ";116;98;"GUAPIMIRIM";"Demais falhas na via";"Colisão lateral sentido oposto";"Com Vítimas Feridas";"Pleno dia";"Crescente";"Céu Claro";"Simples";"Curva";"Não";3;0;1;1;0;1;2;2;-22,48285706;-42,99723936;"SPRF-RJ";"DEL04-RJ";"UOP01-DEL04-RJ"
576033;2024-01-20;"sábado";"19:10:00";"PR";369;154;"LONDRINA";"Mal súbito do condutor";"Queda de ocupante de veículo";"Com Vítimas Feridas";"Plena Noite";"Crescente";"Garoa/Chuvisco";"Dupla";"Reta";"Sim";1;0;0;1;0;0;1;1;-23,29745;-51,20009;"SPRF-PR";"DEL07-PR";"UOP01-DEL07-PR"
576034;2024-01-20;"sábado";"17:15:00";"SC";282;246,1;"SAO JOSE DO CERRITO";"Velocidade Incompatível";"Saída de leito carroçável";"Com Vítimas Feridas";"Pleno dia";"Decrescente";"Céu Claro";"Simples";"Curva";"Não";1;0;1;0;0;0;1;1;-27,727213;-50,529724;"SPRF-SC";"DEL05-SC";"UOP02-DEL05-SC"
576035;2024-01-20;"sábado";"20:10:00";"ES";101;291,5;"CARIACICA";"Entrada inopinada do pedestre";"Atropelamento de Pedestre";"Com Vítimas Feridas";"Plena Noite";"Crescente";"Nublado";"Dupla";"Reta";"Sim";3;0;0;2;1;0;2;2;-20,29755744;-40,39445616;"SPRF-ES";"DEL01-ES";"UOP01-DEL01-ES"
576036;2024-01-20;"sábado";"19:55:00";"ES";101;326,3;"GUARAPARI";"Pedestre - Ingestão de álcool/ substâncias psicoativas";"Colisão transversal";"Com Vítimas Feridas";"Plena Noite";"Crescente";"Chuva";"Dupla";"Não Informado";"Não";3;0;1;0;2;0;1;2;-20,56370802;-40,48167095;"SPRF-ES";"DEL03-ES";"UOP01-DEL03-ES"
576037;2024-01-20;"sábado";"20:20:00";"BA";116;420;"FEIRA DE SANTANA";"Ausência de reação do condutor";"Saída de leito carroçável";"Com Vítimas Feridas";"Plena Noite";"Decrescente";"Céu Claro";"Dupla";"Reta";"Sim";2;0;1;1;0;0;2;1;-12,21023;-38,96547;"SPRF-BA";"DEL02-BA";"UOP01-DEL02-BA"
576038;2024-01-20;"sábado";"18:15:00";"BA";101;422;"MARAU";"Manobra de mudança de faixa";"Colisão lateral sentido oposto";"Com Vítimas Feridas";"Anoitecer";"Crescente";"Nublado";"Simples";"Reta";"Não";2;0;0;1;1;0;1;2;-14,256476;-39,323089;"SPRF-BA";"DEL05-BA";"UOP03-DEL05-BA"
576039;2024-01-20;"sábado";"19:45:00";"DF";70;11;"BRASILIA";"Reação tardia ou ineficiente do condutor";"Saída de leito carroçável";"Com Vítimas Feridas";"Plena Noite";"Crescente";"Céu Claro";"Dupla";"Reta";"Sim";1;0;1;0;0;0;1;1;-15,789762;-48,148727;"SPRF-DF";"DEL03-DF";"UOP02-DEL03-DF"
576041;2024-01-20;"sábado";"19:26:00";"ES";101;420,1;"CACHOEIRO DE ITAPEMIRIM";"Acessar a via sem observar a presença dos outros veículos";"Colisão transversal";"Com Vítimas Feridas";"Plena Noite";"Crescente";"Nublado";"Simples";"Reta";"Não";2;0;1;0;1;0;1;2;-20,9657538;-41,10735825;"SPRF-ES";"DEL03-ES";"UOP02-DEL03-ES"
576042;2024-01-20;"sábado";"20:30:00";"ES";101;150;"LINHARES";"Ausência de reação do condutor";"Tombamento";"Com Vítimas Feridas";"Plena Noite";"Decrescente";"Céu Claro";"Dupla";"Reta";"Sim";1;0;1;0;0;0;1;1;-19,40436634;-40,06078896;"SPRF-ES";"DEL04-ES";"UOP01-DEL04-ES"
576043;2024-01-20;"sábado";"20:30:00";"MG";381;353;"JOAO MONLEVADE";"Pista esburacada";"Queda de ocupante de veículo";"Com Vítimas Feridas";"Plena Noite";"Decrescente";"Céu Claro";"Simples";"Curva";"Não";2;0;2;0;0;0;2;1;-19,83894801;-43,18248641;"SPRF-MG";"DEL03-MG";"UOP01-DEL03-MG"
576044;2024-01-20;"sábado";"19:20:00";"RJ";40;117;"DUQUE DE CAXIAS";"Ausência de reação do condutor";"Colisão frontal";"Com Vítimas Feridas";"Plena Noite";"Decrescente";"Nublado";"Simples";"Reta";"Sim";1;0;0;1;0;0;1;1;-22,745676;-43,2881;"SPRF-RJ";"DEL01-RJ";"UOP02-DEL01-RJ"
576045;2024-01-20;"sábado";"20:50:00";"RN";101;81,7;"SAO GONCALO DO AMARANTE";"Estacionar ou parar em local proibido";"Colisão traseira";"Com Vítimas Feridas";"Plena Noite";"Crescente";"Céu Claro";"Dupla";"Reta";"Sim";2;0;0;1;1;0;1;2;-5,7654172;-35,28162718;"SPRF-RN";"DEL02-RN";"UOP01-DEL02-RN"
576046;2024-01-20;"sábado";"18:35:00";"PR";376;165;"MARINGA";"Avarias e/ou desgaste excessivo no pneu";"Queda de ocupante de veículo";"Com Vítimas Feridas";"Pleno dia";"Crescente";"Céu Claro";"Dupla";"Desvio Temporário";"Não";2;0;1;1;0;0;2;1;-23,39038641;-52,01421918;"SPRF-PR";"DEL09-PR";"UOP01-DEL09-PR"
576047;2024-01-20;"sábado";"20:30:00";"SP";101;52;"UBATUBA";"Manobra de mudança de faixa";"Colisão transversal";"Com Vítimas Feridas";"Plena Noite";"Crescente";"Chuva";"Simples";"Reta";"Sim";2;0;1;0;1;0;1;2;-23,4623355;-45,06476561;"SPRF-SP";"DEL06-SP";"UOP01-DEL06-SP"
576048;2024-01-20;"sábado";"15:20:00";"PE";428;190;"PETROLINA";"Ingestão de álcool pelo condutor";"Queda de ocupante de veículo";"Com Vítimas Feridas";"Pleno dia";"Decrescente";"Céu Claro";"Dupla";"Reta";"Sim";1;0;1;0;0;0;1;1;-9,38335465;-40,51620483;"SPRF-PE";"DEL06-PE";"UOP01-DEL06-PE"
576050;2024-01-20;"sábado";"21:10:00";"SP";101;44,3;"UBATUBA";"Acessar a via sem observar a presença dos outros veículos";"Colisão transversal";"Com Vítimas Feridas";"Plena Noite";"Decrescente";"Nublado";"Simples";"Reta";"Sim";3;0;1;0;2;0;1;2;-23,41014346;-45,06455371;"SPRF-SP";"DEL06-SP";"UOP01-DEL06-SP"
576051;2024-01-20;"sábado";"20:10:00";"PR";153;353,9;"REBOUCAS";"Reação tardia ou ineficiente do condutor";"Saída de leito carroçável";"Com Vítimas Feridas";"Plena Noite";"Crescente";"Céu Claro";"Simples";"Reta";"Não";1;0;0;1;0;0;1;1;-25,62594193;-50,719173;"SPRF-PR";"DEL08-PR";"UOP02-DEL08-PR"
576052;2024-01-20;"sábado";"21:30:00";"SP";381;70,5;"MAIRIPORA";"Reação tardia ou ineficiente do condutor";"Colisão com objeto";"Sem Vítimas";"Plena Noite";"Crescente";"Chuva";"Dupla";"Não Informado";"Não";3;0;0;0;3;0;0;1;-23,34959;-46,55326;"SPRF-SP";"DEL03-SP";"UOP01-DEL03-SP"
576053;2024-01-20;"sábado";"21:10:00";"RS";116;264;"CANOAS";"Ausência de reação do condutor";"Colisão traseira";"Com Vítimas Feridas";"Plena Noite";"Crescente";"Garoa/Chuvisco";"Dupla";"Reta";"Sim";4;0;2;0;2;0;2;2;-29,91331571;-51,17772281;"SPRF-RS";"DEL01-RS";"UOP01-DEL01-RS"
576054;2024-01-20;"sábado";"20:15:00";"PR";163;142;"CAPITAO LEONIDAS MARQUES";"Ingestão de álcool pelo condutor";"Colisão com objeto";"Sem Vítimas";"Plena Noite";"Decrescente";"Céu Claro";"Dupla";"Reta";"Não";1;0;0;0;1;0;0;1;-25,48284277;-53,59229524;"SPRF-PR";"DEL05-PR";"UOP05-DEL05-PR"
576055;2024-01-20;"sábado";"20:15:00";"RO";319;63;"PORTO VELHO";"Ingestão de álcool pelo condutor";"Colisão traseira";"Com Vítimas Feridas";"Pleno dia";"Crescente";"Garoa/Chuvisco";"Dupla";"Reta";"Sim";3;0;2;0;1;0;2;2;-8,766685;-63,884052;"SPRF-RO";"DEL01-RO";"UOP01-DEL01-RO"
576056;2024-01-20;"sábado";"21:00:00";"SC";101;336,7;"TUBARAO";"Ingestão de álcool pelo condutor";"Colisão com objeto";"Sem Vítimas";"Plena Noite";"Crescente";"Chuva";"Múltipla";"Curva";"Sim";1;0;0;0;1;0;0;1;-28,49304529;-49,0414238;"SPRF-SC";"DEL02-SC";"UOP01-DEL02-SC"