"id";"data_inversa";"dia_semana";"horario";"uf";"br";"km";"municipio";"causa_acidente";"tipo_acidente";"classificacao_acidente";"fase_dia";"sentido_via";"condicao_metereologica";"tipo_pista";"tracado_via";"uso_solo";"pessoas";"mortos";"feridos_leves";"feridos_graves";"ilesos";"ignorados";"feridos";"veiculos";"latitude";"longitude";"regional";"delegacia";"uop"
576372;2024-01-22;"segunda-feira";"08:00:00";"SC";282;1;"FLORIANOPOLIS";"Manobra de mudança de faixa";"Colisão lateral mesmo sentido";"Com Vítimas Feridas";"Pleno dia";"Decrescente";"Nublado";"Múltipla";"Reta";"Não";2;0;1;0;1;0;1;2;-27,602955;-48,580509;"SPRF-SC";"DEL01-SC";"UOP01-DEL01-SC"
576374;2024-01-22;"segunda-feira";"08:20:00";"GO";452;134;"BOM JESUS DE GOIAS";"Condutor deixou de manter distância do veículo da frente";"Colisão traseira";"Com Vítimas Feridas";"Pleno dia";"Crescente";"Céu Claro";"Simples";"Reta";"Sim";5;0;3;0;2;0;3;3;-18,24113336;-49,70845327;"SPRF-GO";"DEL03-GO";"UOP02-DEL03-GO"
576378;2024-01-22;"segunda-feira";"09:30:00";"RS";392;19,8;"RIO GRANDE";"Reação tardia ou ineficiente do condutor";"Saída de leito carroçável";"Com Vítimas Feridas";"Pleno dia";"Crescente";"Céu Claro";"Dupla";"Reta";"Sim";1;0;1;0;0;0;1;1;-32,08573295;-52,19690099;"SPRF-RS";"DEL07-RS";"UOP02-DEL07-RS"
576379;2024-01-22;"segunda-feira";"09:45:00";"RJ";101;485;"ANGRA DOS REIS";"Reação tardia ou ineficiente do condutor";"Atropelamento de Pedestre";"Com Vítimas Feridas";"Pleno dia";"Crescente";"Chuva";"Simples";"Reta";"Sim";2;0;1;0;1;0;1;2;-22,98573526;-44,29709764;"SPRF-RJ";"DEL03-RJ";"UOP03-DEL03-RJ"
576380;2024-01-22;"segunda-feira";"09:30:00";"SC";282;4;"FLORIANOPOLIS";"Trafegar com motocicleta (ou similar) entre as faixas";"Colisão lateral mesmo sentido";"Com Vítimas Feridas";"Pleno dia";"Decrescente";"Céu Claro";"Múltipla";"Reta";"Sim";2;0;1;0;1;0;1;2;-27,592646;-48,604034;"SPRF-SC";"DEL01-SC";"UOP01-DEL01-SC"
576381;2024-01-22;"segunda-feira";"05:30:00";"AL";104;39;"UNIAO DOS PALMARES";"Ingestão de álcool pelo condutor";"Saída de leito carroçável";"Com Vítimas Feridas";"Amanhecer";"Decrescente";"Céu Claro";"Simples";"Reta";"Não";1;0;1;0;0;0;1;1;-9,19029401;-36,03691216;"SPRF-AL";"DEL01-AL";"UOP02-DEL01-AL"
576382;2024-01-22;"segunda-feira";"10:00:00";"MG";262;375;"JUATUBA";"Pedestre andava na pista";"Atropelamento de Pedestre";"Com Vítimas Feridas";"Pleno dia";"Crescente";"Sol";"Dupla";"Reta";"Sim";2;0;0;1;1;0;1;2;-19,959929;-44,337997;"SPRF-MG";"DEL01-MG";"UOP03-DEL01-MG"
576383;2024-01-22;"segunda-feira";"08:20:00";"SC";282;220;"LAGES";"Mal súbito do condutor";"Saída de leito carroçável";"Com Vítimas Feridas";"Amanhecer";"Crescente";"Nublado";"Simples";"Reta";"Sim";1;0;1;0;0;0;1;1;-27,794014;-50,33363;"SPRF-SC";"DEL05-SC";"UOP01-DEL05-SC"
576385;2024-01-22;"segunda-feira";"09:30:00";"PE";101;71;"RECIFE";"Manobra de mudança de faixa";"Colisão lateral mesmo sentido";"Com Vítimas Feridas";"Pleno dia";"Crescente";"Sol";"Dupla";"Reta";"Sim";3;0;2;0;1;0;2;2;-8,07663102;-34,94277871;"SPRF-PE";"DEL01-PE";"UOP01-DEL01-PE"
576386;2024-01-22;"segunda-feira";"07:30:00";"BA";324;582,8;"CANDEIAS";"Velocidade Incompatível";"Capotamento";"Sem Vítimas";"Pleno dia";"Decrescente";"Céu Claro";"Dupla";"Reta";"Não";1;0;0;0;0;1;0;1;-12,60856603;-38,49390902;"SPRF-BA";"DEL01-BA";"UOP01-DEL01-BA"
576387;2024-01-22;"segunda-feira";"10:00:00";"RS";158;333;"JACUIZINHO";"Reação tardia ou ineficiente do condutor";"Colisão transversal";"Com Vítimas Feridas";"Pleno dia";"Crescente";"Céu Claro";"Simples";"Reta";"Sim";2;0;1;0;1;0;1;2;-29;-53;"SPRF-RS";"DEL09-RS";"UOP01-DEL09-RS"
576388;2024-01-19;"sexta-feira";"23:55:00";"MG";50;99;"UBERLANDIA";"Velocidade Incompatível";"Saída de leito carroçável";"Com Vítimas Feridas";"Plena Noite";"Decrescente";"Chuva";"Dupla";"Não Informado";"Não";1;0;1;0;0;0;1;1;-19,127352;-48,173278;"SPRF-MG";"DEL15-MG";"UOP01-DEL15-MG"
576389;2024-01-22;"segunda-feira";"09:15:00";"PE";104;53,9;"CARUARU";"Condutor Dormindo";"Saída de leito carroçável";"Com Vítimas Feridas";"Pleno dia";"Crescente";"Céu Claro";"Dupla";"Reta";"Não";1;0;0;1;0;0;1;1;-8,1837;-35,967;"SPRF-PE";"DEL02-PE";"UOP01-DEL02-PE"
576390;2024-01-22;"segunda-feira";"09:15:00";"BA";135;131;"RIACHAO DAS NEVES";"Ingestão de álcool pelo condutor";"Colisão lateral mesmo sentido";"Com Vítimas Feridas";"Pleno dia";"Crescente";"Céu Claro";"Simples";"Reta";"Não";5;0;0;4;1;0;4;2;-11,80196188;-44,87450291;"SPRF-BA";"DEL08-BA";"UOP04-DEL08-BA"
576392;2024-01-22;"segunda-feira";"10:00:00";"SP";116;59,9;"GUARATINGUETA";"Demais falhas mecânicas ou elétricas";"Queda de ocupante de veículo";"Com Vítimas Feridas";"Pleno dia";"Decrescente";"Nublado";"Dupla";"Desvio Temporário";"Sim";2;0;2;0;0;0;2;1;-22,78555649;-45,15339465;"SPRF-SP";"DEL08-SP";"UOP01-DEL08-SP"
576395;2024-01-22;"segunda-feira";"09:50:00";"GO";153;492;"GOIANIA";"Ausência de reação do condutor";"Saída de leito carroçável";"Com Vítimas Feridas";"Pleno dia";"Decrescente";"Nublado";"Dupla";"Curva";"Sim";1;0;1;0;0;0;1;1;-16,6461;-49,2114;"SPRF-GO";"DEL01-GO";"UOP01-DEL01-GO"
576397;2024-01-22;"segunda-feira";"09:52:00";"SP";116;224;"GUARULHOS";"Reação tardia ou ineficiente do condutor";"Colisão lateral mesmo sentido";"Com Vítimas Feridas";"Pleno dia";"Crescente";"Nublado";"Múltipla";"Reta";"Não";2;0;1;0;0;1;1;2;-23,48071896;-46,53271603;"SPRF-SP";"DEL01-SP";"UOP01-DEL01-SP"
576400;2024-01-22;"segunda-feira";"10:58:00";"GO";153;175;"CAMPINORTE";"Acessar a via sem observar a presença dos outros veículos";"Colisão transversal";"Com Vítimas Feridas";"Pleno dia";"Crescente";"Céu Claro";"Simples";"Não Informado";"Sim";3;0;0;1;2;0;1;3;-14,301579;-49,14817;"SPRF-GO";"DEL07-GO";"UOP02-DEL07-GO"
576403;2024-01-22;"segunda-feira";"11:40:00";"TO";NA;NA;"GUARAI";"Acessar a via sem observar a presença dos outros veículos";"Colisão lateral mesmo sentido";"Com Vítimas Feridas";"Pleno dia";"Não Informado";"Céu Claro";"Simples";"Não Informado";"Sim";2;0;1;0;1;0;1;2;-8,835718;-48,512123;"SPRF-TO";"DEL02-TO";"UOP02-DEL02-TO"
576405;2024-01-22;"segunda-feira";"11:50:00";"ES";101;280;"SERRA";"Ausência de reação do condutor";"Queda de ocupante de veículo";"Com Vítimas Feridas";"Pleno dia";"Crescente";"Céu Claro";"Dupla";"Retorno Regulamentado";"Não";1;0;1;0;0;0;1;1;-20,21828666;-40,34895595;"SPRF-ES";"DEL02-ES";"UOP01-DEL02-ES"
576407;2024-01-22;"segunda-feira";"12:00:00";"PR";116;40,1;"CAMPINA GRANDE DO SUL";"Pista Escorregadia";"Colisão com objeto";"Com Vítimas Feridas";"Pleno dia";"Decrescente";"Chuva";"Dupla";"Curva";"Não";1;0;0;1;0;0;1;1;-25,167888;-48,865535;"SPRF-PR";"DEL01-PR";"UOP02-DEL01-PR"
576408;2024-01-02;"terça-feira";"15:15:00";"PB";101;26;"MAMANGUAPE";"Manobra de mudança de faixa";"Colisão com objeto";"Sem Vítimas";"Pleno dia";"Crescente";"Sol";"Dupla";"Reta";"Não";4;0;0;0;4;0;0;1;-6,71699905;-35,11894863;"SPRF-PB";"DEL01-PB";"UOP04-DEL01-PB"
576409;2024-01-01;"segunda-feira";"11:15:00";"SC";101;12;"GARUVA";"Manobra de mudança de faixa";"Colisão lateral mesmo sentido";"Com Vítimas Feridas";"Pleno dia";"Decrescente";"Sol";"Dupla";"Reta";"Não";3;0;1;1;1;0;2;2;-26,08104399;-48,86175612;"SPRF-SC";"DEL03-SC";"UOP01-DEL03-SC"
576410;2024-01-22;"segunda-feira";"10:30:00";"SC";101;106;"PENHA";"Ausência de reação do condutor";"Tombamento";"Com Vítimas Feridas";"Pleno dia";"Decrescente";"Nublado";"Dupla";"Curva";"Não";1;0;1;0;0;0;1;1;-26,81031601;-48,68293896;"SPRF-SC";"DEL03-SC";"UOP02-DEL03-SC"
576412;2024-01-22;"segunda-feira";"09:40:00";"MG";356;286,2;"PATROCINIO DO MURIAE";"Transitar na contramão";"Colisão frontal";"Com Vítimas Feridas";"Pleno dia";"Crescente";"Céu Claro";"Simples";"Reta";"Não";4;0;2;0;1;1;2;3;-21,13150637;-42,19367509;"SPRF-MG";"DEL07-MG";"UOP02-DEL07-MG"
576413;2024-01-22;"segunda-feira";"10:15:00";"MG";116;410;"GOVERNADOR VALADARES";"Acessar a via sem observar a presença dos outros veículos";"Tombamento";"Com Vítimas Feridas";"Pleno dia";"Decrescente";"Nublado";"Dupla";"Não Informado";"Sim";2;0;1;0;1;0;1;2;-18,85790153;-41,97480267;"SPRF-MG";"DEL06-MG";"UOP01-DEL06-MG"
576414;2024-01-22;"segunda-feira";"11:20:00";"RJ";40;84;"PETROPOLIS";"Reação tardia ou ineficiente do condutor";"Colisão traseira";"Sem Vítimas";"Pleno dia";"Decrescente";"Chuva";"Simples";"Curva";"Não";2;0;0;0;2;0;0;2;-22,55123221;-43,22560608;"SPRF-RJ";"DEL01-RJ";"UOP01-DEL01-RJ"
576415;2024-01-22;"segunda-feira";"07:30:00";"MS";262;753,4;"CORUMBA";"Reação tardia ou ineficiente do condutor";"Saída de leito carroçável";"Com Vítimas Fatais";"Pleno dia";"Crescente";"Nublado";"Simples";"Curva";"Não";1;1;0;0;0;0;0;1;-19,2009458;-57,6456278;"SPRF-MS";"DEL03-MS";"UOP03-DEL03-MS"
576416;2024-01-22;"segunda-feira";"10:00:00";"ES";101;166;"LINHARES";"Acessar a via sem observar a presença dos outros veículos";"Colisão transversal";"Com Vítimas Feridas";"Pleno dia";"Decrescente";"Céu Claro";"Simples";"Interseção de vias";"Sim";2;0;1;0;1;0;1;2;-19,52077663;-40,14566638;"SPRF-ES";"DEL04-ES";"UOP01-DEL04-ES"
576418;2024-01-22;"segunda-feira";"12:15:00";"GO";50;265;"CATALAO";"Acesso irregular";"Saída de leito carroçável";"Com Vítimas Feridas";"Pleno dia";"Crescente";"Céu Claro";"Dupla";"Não Informado";"Não";1;0;1;0;0;0;1;1;-18,0702;-47,8644;"SPRF-GO";"DEL06-GO";"UOP01-DEL06-GO"
576420;2024-01-22;"segunda-feira";"12:45:00";"PR";277;70,9;"SAO JOSE DOS PINHAIS";"Velocidade Incompatível";"Saída de leito carroçável";"Com Vítimas Feridas";"Pleno dia";"Crescente";"Nublado";"Dupla";"Reta";"Sim";2;0;1;0;1;0;1;1;-25,50965674;-49,13213074;"SPRF-PR";"DEL01-PR";"UOP07-DEL01-PR"
576421;2024-01-22;"segunda-feira";"11:45:00";"RS";285;425,1;"PANAMBI";"Manobra de mudança de faixa";"Tombamento";"Com Vítimas Feridas";"Pleno dia";"Crescente";"Céu Claro";"Simples";"Reta";"Não";4;0;2;0;2;0;2;1;-28,323975;-53,598091;"SPRF-RS";"DEL10-RS";"UOP01-DEL10-RS"
576424;2024-01-22;"segunda-feira";"13:20:00";"MG";153;30;"CANAPOLIS";"Velocidade Incompatível";"Capotamento";"Com Vítimas Feridas";"Pleno dia";"Decrescente";"Nublado";"Dupla";"Reta";"Não";1;0;1;0;0;0;1;1;-18,67926678;-49,15604759;"SPRF-MG";"DEL15-MG";"UOP03-DEL15-MG"
576425;2024-01-22;"segunda-feira";"10:20:00";"PR";163;221,1;"CASCAVEL";"Velocidade Incompatível";"Saída de leito carroçável";"Com Vítimas Feridas";"Pleno dia";"Crescente";"Garoa/Chuvisco";"Dupla";"Curva";"Não";4;0;3;0;1;0;3;1;-24,85528826;-53,60160828;"SPRF-PR";"DEL04-PR";"UOP01-DEL04-PR"
576426;2024-01-22;"segunda-feira";"13:15:00";"ES";101;259;"SERRA";"Ausência de reação do condutor";"Tombamento";"Com Vítimas Feridas";"Pleno dia";"Crescente";"Nublado";"Dupla";"Curva";"Sim";2;0;2;0;0;0;2;1;-20,138397;-40,292213;"SPRF-ES";"DEL02-ES";"UOP01-DEL02-ES"
576427;2024-01-22;"segunda-feira";"13:40:00";"MG";262;810;"UBERABA";"Ausência de reação do condutor";"Capotamento";"Com Vítimas Feridas";"Pleno dia";"Decrescente";"Céu Claro";"Dupla";"Reta";"Sim";4;0;3;0;0;1;3;2;-19,76051836;-48,04440502;"SPRF-MG";"DEL13-MG";"UOP01-DEL13-MG"
576430;2024-01-21;"domingo";"03:30:00";"MG";381;565;"ITAGUARA";"Condutor Dormindo";"Saída de leito carroçável";"Com Vítimas Feridas";"Plena Noite";"Crescente";"Nublado";"Dupla";"Curva";"Não";3;0;1;0;2;0;1;1;-20,40868701;-44,52561498;"SPRF-MG";"DEL04-MG";"UOP03-DEL04-MG"
576431;2024-01-22;"segunda-feira";"14:00:00";"SC";101;210;"SAO JOSE";"Trafegar com motocicleta (ou similar) entre as faixas";"Colisão lateral mesmo sentido";"Com Vítimas Feridas";"Pleno dia";"Crescente";"Nublado";"Dupla";"Reta";"Sim";3;0;1;0;2;0;1;3;-27,6167305;-48,6457265;"SPRF-SC";"DEL01-SC";"UOP01-DEL01-SC"
576433;2024-01-22;"segunda-feira";"11:00:00";"RJ";116;135;"MAGE";"Condutor deixou de manter distância do veículo da frente";"Colisão traseira";"Com Vítimas Feridas";"Pleno dia";"Decrescente";"Céu Claro";"Dupla";"Reta";"Sim";3;0;1;0;2;0;1;2;-22,65225773;-43,16309893;"SPRF-RJ";"DEL04-RJ";"UOP02-DEL04-RJ"
576434;2024-01-22;"segunda-feira";"13:00:00";"SC";101;135,4;"BALNEARIO CAMBORIU";"Transitar na contramão";"Colisão frontal";"Com Vítimas Feridas";"Pleno dia";"Crescente";"Nublado";"Simples";"Não Informado";"Sim";2;0;1;0;1;0;1;2;-27,0050108;-48,62677494;"SPRF-SC";"DEL04-SC";"UOP03-DEL04-SC"
576435;2024-01-22;"segunda-feira";"10:00:00";"PR";153;508,9;"GENERAL CARNEIRO";"Acumulo de água sobre o pavimento";"Saída de leito carroçável";"Com Vítimas Feridas";"Pleno dia";"Decrescente";"Chuva";"Simples";"Reta";"Não";5;0;4;0;1;0;4;1;-26,45213175;-51,32125854;"SPRF-PR";"DEL02-PR";"UOP03-DEL02-PR"
576438;2024-01-22;"segunda-feira";"14:25:00";"AL";NA;NA;"MACEIO";"Reação tardia ou ineficiente do condutor";"Colisão traseira";"Sem Vítimas";"Pleno dia";"Não Informado";"Céu Claro";"Dupla";"Reta";"Sim";3;0;0;0;3;0;0;2;-9,55941414;-35,74706035;"SPRF-AL";"N/A";"N/A"
576439;2024-01-22;"segunda-feira";"14:49:00";"SP";116;279;"EMBU DAS ARTES";"Demais falhas mecânicas ou elétricas";"Incêndio";"Sem Vítimas";"Pleno dia";"Crescente";"Céu Claro";"Dupla";"Reta";"Sim";1;0;0;0;1;0;0;1;-23,66233697;-46,85292907;"SPRF-SP";"DEL04-SP";"UOP01-DEL04-SP"
576443;2024-01-22;"segunda-feira";"12:20:00";"PA";230;116;"MARABA";"Ausência de reação do condutor";"Colisão traseira";"Com Vítimas Feridas";"Pleno dia";"Crescente";"Céu Claro";"Dupla";"Reta";"Sim";3;0;1;0;0;2;1;3;-5,35947454;-49,08301084;"SPRF-PA";"DEL03-PA";"UOP01-DEL03-PA"
576445;2024-01-22;"segunda-feira";"14:20:00";"MG";40;606,5;"CONGONHAS";"Acessar a via sem observar a presença dos outros veículos";"Colisão transversal";"Com Vítimas Feridas";"Pleno dia";"Crescente";"Sol";"Simples";"Não Informado";"Sim";10;0;1;0;9;0;1;2;-20,46834617;-43,84095284;"SPRF-MG";"DEL05-MG";"UOP02-DEL05-MG"
576446;2024-01-22;"segunda-feira";"15:00:00";"SP";153;37;"ONDA VERDE";"Ausência de reação do condutor";"Colisão traseira";"Com Vítimas Feridas";"Pleno dia";"Crescente";"Nublado";"Simples";"Reta";"Não";2;0;1;0;1;0;1;2;-20,59800483;-49,31715452;"SPRF-SP";"DEL09-SP";"UOP01-DEL09-SP"
576447;2024-01-22;"segunda-feira";"15:00:00";"RN";101;106;"PARNAMIRIM";"Acessar a via sem observar a presença dos outros veículos";"Colisão transversal";"Com Vítimas Feridas";"Pleno dia";"Crescente";"Céu Claro";"Simples";"Reta";"Sim";2;0;0;1;0;1;1;2;-5,91056401;-35,26130795;"SPRF-RN";"DEL01-RN";"UOP01-DEL01-RN"
576449;2024-01-22;"segunda-feira";"13:32:00";"RO";364;347;"JI-PARANA";"Reação tardia ou ineficiente do condutor";"Tombamento";"Com Vítimas Feridas";"Pleno dia";"Crescente";"Nublado";"Simples";"Reta";"Sim";1;0;0;1;0;0;1;1;-10,86070186;-61,9761549;"SPRF-RO";"DEL02-RO";"UOP01-DEL02-RO"
576450;2024-01-22;"segunda-feira";"16:00:00";"PE";232;480;"VERDEJANTE";"Ausência de reação do condutor";"Saída de leito carroçável";"Com Vítimas Fatais";"Pleno dia";"Decrescente";"Sol";"Simples";"Reta";"Não";1;1;0;0;0;0;0;1;-8,01645412;-38,88929504;"SPRF-PE";"DEL05-PE";"UOP01-DEL05-PE"
576454;2024-01-22;"segunda-feira";"14:45:00";"PR";277;4,3;"PARANAGUA";"Demais falhas mecânicas ou elétricas";"Engavetamento";"Com Vítimas Feridas";"Pleno dia";"Crescente";"Chuva";"Dupla";"Reta";"Sim";5;0;1;0;4;0;1;4;-25,52819808;-48,52794707;"SPRF-PR";"DEL01-PR";"UOP05-DEL01-PR"
576455;2024-01-22;"segunda-feira";"13:05:00";"PE";101;82,3;"JABOATAO DOS GUARARAPES";"Condutor deixou de manter distância do veículo da frente";"Colisão traseira";"Sem Vítimas";"Pleno dia";"Crescente";"Céu Claro";"Dupla";"Reta";"Não";3;0;0;0;3;0;0;2;-8,168383;-34,9376;"SPRF-PE";"DEL01-PE";"UOP01-DEL01-PE"
576457;2024-01-22;"segunda-feira";"12:45:00";"RJ";116;205;"SEROPEDICA";"Ultrapassagem Indevida";"Capotamento";"Com Vítimas Feridas";"Pleno dia";"Decrescente";"Céu Claro";"Dupla";"Reta";"Não";2;0;1;0;1;0;1;2;-22,72746688;-43,64167998;"SPRF-RJ";"DEL06-RJ";"UOP02-DEL06-RJ"
576458;2024-01-22;"segunda-feira";"16:30:00";"SP";116;227;"GUARULHOS";"Demais falhas mecânicas ou elétricas";"Incêndio";"Sem Vítimas";"Anoitecer";"Decrescente";"Céu Claro";"Múltipla";"Desvio Temporário";"Sim";1;0;0;0;1;0;0;1;-23,49659264;-46,55648754;"SPRF-SP";"DEL01-SP";"UOP01-DEL01-SP"
576459;2024-01-22;"segunda-feira";"16:20:00";"PR";369;186,7;"ARAPONGAS";"Ultrapassagem Indevida";"Colisão transversal";"Com Vítimas Feridas";"Pleno dia";"Decrescente";"Nublado";"Simples";"Reta";"Sim";2;0;1;0;1;0;1;2;-23,42194;-51,42427;"SPRF-PR";"DEL07-PR";"UOP03-DEL07-PR"
576461;2024-01-22;"segunda-feira";"15:00:00";"MG";381;726,7;"CARMO DA CACHOEIRA";"Velocidade Incompatível";"Saída de leito carroçável";"Sem Vítimas";"Pleno dia";"Decrescente";"Chuva";"Dupla";"Não Informado";"Não";1;0;0;0;1;0;0;1;-21,50846497;-45,21540331;"SPRF-MG";"DEL04-MG";"UOP02-DEL04-MG"
576462;2024-01-22;"segunda-feira";"17:25:00";"BA";324;612;"SALVADOR";"Condutor deixou de manter distância do veículo da frente";"Colisão traseira";"Com Vítimas Feridas";"Pleno dia";"Crescente";"Céu Claro";"Dupla";"Reta";"Não";2;0;1;0;1;0;1;2;-12,84664721;-38,41741648;"SPRF-BA";"DEL01-BA";"UOP01-DEL01-BA"
576463;2024-01-22;"segunda-feira";"17:40:00";"PB";230;18;"JOAO PESSOA";"Ausência de reação do condutor";"Colisão traseira";"Sem Vítimas";"Anoitecer";"Decrescente";"Céu Claro";"Dupla";"Reta";"Não";2;0;0;0;2;0;0;2;-7,1198;-34,8453;"SPRF-PB";"DEL01-PB";"UOP01-DEL01-PB"
576464;2024-01-22;"segunda-feira";"17:10:00";"RS";470;214;"BENTO GONCALVES";"Ausência de reação do condutor";"Colisão transversal";"Com Vítimas Feridas";"Pleno dia";"Decrescente";"Céu Claro";"Simples";"Não Informado";"Sim";2;0;0;1;1;0;1;2;-29,14408811;-51,53555411;"SPRF-RS";"DEL06-RS";"UOP01-DEL06-RS"
576465;2024-01-22;"segunda-feira";"17:10:00";"SP";116;227;"SAO PAULO";"Reação tardia ou ineficiente do condutor";"Colisão lateral mesmo sentido";"Sem Vítimas";"Pleno dia";"Crescente";"Nublado";"Múltipla";"Desvio Temporário";"Sim";2;0;0;0;2;0;0;2;-23,49659264;-46,55648754;"SPRF-SP";"DEL01-SP";"UOP01-DEL01-SP"
576467;2024-01-22;"segunda-feira";"17:30:00";"PR";116;122;"CURITIBA";"Condutor deixou de manter distância do veículo da frente";"Colisão traseira";"Com Vítimas Feridas";"Pleno dia";"Crescente";"Chuva";"Dupla";"Reta";"Não";2;0;1;0;1;0;1;2;-25,56857207;-49,31023179;"SPRF-PR";"DEL01-PR";"UOP03-DEL01-PR"
576468;2024-01-22;"segunda-feira";"16:50:00";"MG";381;430;"SABARA";"Velocidade Incompatível";"Colisão frontal";"Com Vítimas Feridas";"Pleno dia";"Crescente";"Chuva";"Simples";"Não Informado";"Não";2;0;2;0;0;0;2;2;-19,787473;-43,691451;"SPRF-MG";"DEL01-MG";"UOP01-DEL01-MG"
576469;2024-01-22;"segunda-feira";"17:00:00";"PE";423;95,7;"GARANHUNS";"Ingestão de álcool pelo condutor";"Colisão lateral mesmo sentido";"Com Vítimas Feridas";"Pleno dia";"Crescente";"Céu Claro";"Simples";"Reta";"Sim";2;0;1;0;1;0;1;2;-8,87891989;-36,47796305;"SPRF-PE";"DEL03-PE";"UOP01-DEL03-PE"
576471;2024-01-22;"segunda-feira";"17:30:00";"RJ";354;13,9;"RESENDE";"Pista Escorregadia";"Colisão transversal";"Com Vítimas Feridas";"Anoitecer";"Decrescente";"Chuva";"Simples";"Curva";"Não";4;0;0;2;2;0;2;2;-22,436623;-44,735523;"SPRF-RJ";"DEL07-RJ";"UOP02-DEL07-RJ"
576473;2024-01-22;"segunda-feira";"16:45:00";"SP";116;227;"GUARULHOS";"Avarias e/ou desgaste excessivo no pneu";"Queda de ocupante de veículo";"Com Vítimas Feridas";"Pleno dia";"Crescente";"Nublado";"Dupla";"Reta";"Sim";2;0;2;0;0;0;2;1;-23,49659264;-46,55648754;"SPRF-SP";"DEL01-SP";"UOP01-DEL01-SP"
576474;2024-01-22;"segunda-feira";"17:00:00";"PA";155;273;"ELDORADO DO CARAJAS";"Animais na Pista";"Saída de leito carroçável";"Com Vítimas Feridas";"Pleno dia";"Crescente";"Céu Claro";"Simples";"Reta";"Não";1;0;1;0;0;0;1;1;-5,95626497;-49,2223761;"SPRF-PA";"DEL03-PA";"UOP01-DEL03-PA"
576475;2024-01-22;"segunda-feira";"15:30:00";"BA";101;504;"ILHEUS";"Ausência de reação do condutor";"Colisão transversal";"Com Vítimas Feridas";"Pleno dia";"Crescente";"Céu Claro";"Simples";"Reta";"Não";3;0;2;0;1;0;2;2;-14,779986;-39,289263;"SPRF-BA";"DEL05-BA";"UOP01-DEL05-BA"
576478;2024-01-22;"segunda-feira";"16:40:00";"SC";101;146;"ITAPEMA";"Reação tardia ou ineficiente do condutor";"Colisão traseira";"Com Vítimas Feridas";"Pleno dia";"Decrescente";"Chuva";"Múltipla";"Reta";"Sim";2;0;1;0;1;0;1;2;-27,08666525;-48,60955587;"SPRF-SC";"DEL04-SC";"UOP03-DEL04-SC"
576480;2024-01-22;"segunda-feira";"16:30:00";"MG";251;375,8;"GRAO MOGOL";"Acessar a via sem observar a presença dos outros veículos";"Colisão transversal";"Com Vítimas Feridas";"Pleno dia";"Decrescente";"Céu Claro";"Simples";"Curva";"Não";3;0;1;0;2;0;1;2;-16,29923091;-42,728431;"SPRF-MG";"DEL12-MG";"UOP01-DEL12-MG"
576481;2024-01-22;"segunda-feira";"18:00:00";"PB";230;286,6;"SANTA LUZIA";"Acessar a via sem observar a presença dos outros veículos";"Colisão transversal";"Com Vítimas Feridas";"Anoitecer";"Crescente";"Céu Claro";"Simples";"Reta";"Não";2;0;1;0;1;0;1;2;-6,8978;-36,8794;"SPRF-PB";"DEL03-PB";"UOP01-DEL03-PB"
576482;2024-01-22;"segunda-feira";"17:00:00";"PR";277;307;"GUARAPUAVA";"Reação tardia ou ineficiente do condutor";"Saída de leito carroçável";"Com Vítimas Feridas";"Pleno dia";"Crescente";"Chuva";"Simples";"Não Informado";"Não";2;0;2;0;0;0;2;1;-25,30334725;-51,15427693;"SPRF-PR";"DEL08-PR";"UOP01-DEL08-PR"
576486;2024-01-22;"segunda-feira";"15:30:00";"SC";101;50;"JOINVILLE";"Condutor deixou de manter distância do veículo da frente";"Colisão traseira";"Com Vítimas Feridas";"Pleno dia";"Decrescente";"Garoa/Chuvisco";"Dupla";"Reta";"Não";4;0;1;0;3;0;1;3;-26,37546719;-48,85479619;"SPRF-SC";"DEL03-SC";"UOP01-DEL03-SC"
576487;2024-01-22;"segunda-feira";"17:46:00";"SC";101;36;"JOINVILLE";"Reação tardia ou ineficiente do condutor";"Engavetamento";"Com Vítimas Feridas";"Anoitecer";"Decrescente";"Chuva";"Dupla";"Reta";"Não";5;0;2;0;3;0;2;3;-26,2764665;-48,8928359;"SPRF-SC";"DEL03-SC";"UOP01-DEL03-SC"
576488;2024-01-22;"segunda-feira";"18:30:00";"SC";101;217;"PALHOCA";"Avarias e/ou desgaste excessivo no pneu";"Tombamento";"Com Vítimas Feridas";"Anoitecer";"Crescente";"Chuva";"Múltipla";"Não Informado";"Sim";2;0;1;0;1;0;1;1;-27,66779034;-48,67393586;"SPRF-SC";"DEL01-SC";"UOP02-DEL01-SC"
576489;2024-01-22;"segunda-feira";"17:30:00";"RJ";116;51,5;"TERESOPOLIS";"Ausência de reação do condutor";"Queda de ocupante de veículo";"Com Vítimas Feridas";"Pleno dia";"Crescente";"Garoa/Chuvisco";"Simples";"Não Informado";"Não";2;0;1;0;1;0;1;1;-22,18834141;-42,86207381;"SPRF-RJ";"DEL04-RJ";"UOP01-DEL04-RJ"
576494;2024-01-22;"segunda-feira";"17:10:00";"PR";376;437;"TIBAGI";"Chuva";"Saída de leito carroçável";"Com Vítimas Feridas";"Pleno dia";"Decrescente";"Chuva";"Dupla";"Curva";"Não";6;0;1;0;5;0;1;3;-24,78699753;-50,50734758;"SPRF-PR";"DEL03-PR";"UOP02-DEL03-PR"