"id";"data_inversa";"dia_semana";"horario";"uf";"br";"km";"municipio";"causa_acidente";"tipo_acidente";"classificacao_acidente";"fase_dia";"sentido_via";"condicao_metereologica";"tipo_pista";"tracado_via";"uso_solo";"pessoas";"mortos";"feridos_leves";"feridos_graves";"ilesos";"ignorados";"feridos";"veiculos";"latitude";"longitude";"regional";"delegacia";"uop"
576495;2024-01-22;"segunda-feira";"17:15:00";"PR";376;437;"TIBAGI";"Chuva";"Colisão com objeto";"Com Vítimas Feridas";"Pleno dia";"Decrescente";"Chuva";"Dupla";"Curva";"Não";5;0;1;2;2;0;3;2;-24,84593393;-50,47413272;"SPRF-PR";"DEL03-PR";"UOP02-DEL03-PR"
576497;2024-01-22;"segunda-feira";"18:10:00";"RJ";101;556,7;"PARATY";"Pista Escorregadia";"Tombamento";"Com Vítimas Feridas";"Anoitecer";"Crescente";"Chuva";"Simples";"Curva";"Não";2;0;2;0;0;0;2;1;-23,08433215;-44,69666524;"SPRF-RJ";"DEL03-RJ";"UOP04-DEL03-RJ"
576498;2024-01-22;"segunda-feira";"17:50:00";"AP";210;104;"PORTO GRANDE";"Ultrapassagem Indevida";"Colisão lateral mesmo sentido";"Com Vítimas Feridas";"Pleno dia";"Crescente";"Céu Claro";"Simples";"Interseção de vias";"Sim";3;0;2;0;1;0;2;2;0,6985633;-51,39692189;"SPRF-AP";"DEL01-AP";"UOP01-DEL01-AP"
576500;2024-01-22;"segunda-feira";"14:00:00";"PR";376;470,1;"PONTA GROSSA";"Velocidade Incompatível";"Colisão com objeto";"Com Vítimas Feridas";"Pleno dia";"Crescente";"Chuva";"Dupla";"Curva";"Não";3;0;0;1;2;0;1;1;-25,018;-50,336;"SPRF-PR";"DEL03-PR";"UOP01-DEL03-PR"
576501;2024-01-22;"segunda-feira";"19:21:00";"PI";316;9,1;"TERESINA";"Ausência de reação do condutor";"Colisão traseira";"Com Vítimas Feridas";"Plena Noite";"Decrescente";"Céu Claro";"Múltipla";"Reta";"Sim";3;0;1;0;0;2;1;3;-5,17381686;-42,76624952;"SPRF-PI";"DEL01-PI";"UOP02-DEL01-PI"
576503;2024-01-22;"segunda-feira";"20:00:00";"SC";101;199,8;"BIGUACU";"Demais falhas mecânicas ou elétricas";"Queda de ocupante de veículo";"Com Vítimas Feridas";"Plena Noite";"Decrescente";"Céu Claro";"Múltipla";"Reta";"Sim";2;0;2;0;0;0;2;1;-27,53413705;-48,63003205;"SPRF-SC";"DEL01-SC";"UOP01-DEL01-SC"
576504;2024-01-22;"segunda-feira";"20:00:00";"SE";235;16,3;"NOSSA SENHORA DO SOCORRO";"Velocidade Incompatível";"Saída de leito carroçável";"Sem Vítimas";"Plena Noite";"Crescente";"Nublado";"Dupla";"Não Informado";"Não";1;0;0;0;0;1;0;1;-10,85292015;-37,19632745;"SPRF-SE";"DEL01-SE";"UOP02-DEL01-SE"
576505;2024-01-22;"segunda-feira";"19:00:00";"SC";101;130,8;"CAMBORIU";"Demais falhas na via";"Tombamento";"Com Vítimas Feridas";"Plena Noite";"Crescente";"Chuva";"Múltipla";"Reta";"Sim";1;0;1;0;0;0;1;1;-26,98407618;-48,66977107;"SPRF-SC";"DEL04-SC";"UOP03-DEL04-SC"
576506;2024-01-22;"segunda-feira";"20:15:00";"MG";381;481;"BETIM";"Ausência de reação do condutor";"Colisão traseira";"Com Vítimas Feridas";"Plena Noite";"Crescente";"Céu Claro";"Dupla";"Reta";"Não";3;0;2;0;1;0;2;2;-19,95931561;-44,08825597;"SPRF-MG";"DEL01-MG";"UOP03-DEL01-MG"
576508;2024-01-22;"segunda-feira";"20:30:00";"SP";116;220;"GUARULHOS";"Condutor deixou de manter distância do veículo da frente";"Colisão traseira";"Com Vítimas Feridas";"Plena Noite";"Decrescente";"Céu Claro";"Múltipla";"Reta";"Sim";5;0;3;0;1;1;3;3;-23,46472809;-46,49793962;"SPRF-SP";"DEL01-SP";"UOP01-DEL01-SP"
576509;2024-01-22;"segunda-feira";"20:20:00";"PR";376;167,2;"MARINGA";"Avarias e/ou desgaste excessivo no pneu";"Saída de leito carroçável";"Com Vítimas Feridas";"Plena Noite";"Crescente";"Chuva";"Dupla";"Desvio Temporário";"Não";1;0;1;0;0;0;1;1;-23,36838484;-52,06572891;"SPRF-PR";"DEL09-PR";"UOP01-DEL09-PR"
576510;2024-01-22;"segunda-feira";"17:34:00";"RR";174;428;"MUCAJAI";"Condutor Dormindo";"Saída de leito carroçável";"Com Vítimas Feridas";"Anoitecer";"Decrescente";"Céu Claro";"Simples";"Reta";"Não";1;0;1;0;0;0;1;1;2,288826;-60,948849;"SPRF-RR";"DEL01-RR";"UOP01-DEL01-RR"
576512;2024-01-20;"sábado";"07:30:00";"MS";262;696;"CORUMBA";"Condutor Dormindo";"Saída de leito carroçável";"Com Vítimas Feridas";"Pleno dia";"Decrescente";"Céu Claro";"Simples";"Reta";"Não";2;0;1;0;1;0;1;1;-19,56100781;-57,34202404;"SPRF-MS";"DEL03-MS";"UOP03-DEL03-MS"
576513;2024-01-22;"segunda-feira";"21:20:00";"DF";40;5;"BRASILIA";"Ausência de reação do condutor";"Colisão traseira";"Sem Vítimas";"Plena Noite";"Crescente";"Nublado";"Dupla";"Reta";"Sim";2;0;0;0;1;1;0;2;-16,020903;-47,980541;"SPRF-DF";"DEL01-DF";"UOP01-DEL01-DF"
576515;2024-01-22;"segunda-feira";"17:05:00";"RJ";101;423,6;"MANGARATIBA";"Avarias e/ou desgaste excessivo no pneu";"Colisão frontal";"Com Vítimas Fatais";"Pleno dia";"Crescente";"Chuva";"Simples";"Não Informado";"Não";6;1;1;1;3;0;2;4;-22,91801286;-43,94820686;"SPRF-RJ";"DEL03-RJ";"UOP02-DEL03-RJ"
576516;2024-01-22;"segunda-feira";"20:50:00";"MS";163;548;"BANDEIRANTES";"Acessar a via sem observar a presença dos outros veículos";"Colisão transversal";"Com Vítimas Feridas";"Plena Noite";"Crescente";"Céu Claro";"Simples";"Não Informado";"Sim";3;0;1;0;2;0;1;2;-19,91869106;-54,36860922;"SPRF-MS";"DEL01-MS";"UOP02-DEL01-MS"
576518;2024-01-22;"segunda-feira";"20:45:00";"RS";290;48,8;"GLORINHA";"Avarias e/ou desgaste excessivo no pneu";"Tombamento";"Com Vítimas Feridas";"Plena Noite";"Crescente";"Céu Claro";"Dupla";"Reta";"Não";2;0;2;0;0;0;2;1;-29,8986;-50,739178;"SPRF-RS";"DEL03-RS";"UOP01-DEL03-RS"
576519;2024-01-21;"domingo";"23:30:00";"AL";423;105;"DELMIRO GOUVEIA";"Manobra de mudança de faixa";"Colisão frontal";"Com Vítimas Fatais";"Plena Noite";"Decrescente";"Céu Claro";"Simples";"Reta";"Não";3;1;2;0;0;0;2;2;-9,41357611;-38,19565166;"SPRF-BA";"DEL07-BA";"UOP01-DEL07-BA"
576520;2024-01-22;"segunda-feira";"19:30:00";"BA";324;622;"SALVADOR";"Reação tardia ou ineficiente do condutor";"Tombamento";"Com Vítimas Feridas";"Plena Noite";"Decrescente";"Céu Claro";"Dupla";"Reta";"Sim";2;0;2;0;0;0;2;1;-12,91888605;-38,46502095;"SPRF-BA";"DEL01-BA";"UOP01-DEL01-BA"
576521;2024-01-22;"segunda-feira";"21:40:00";"RS";116;265;"CANOAS";"Conversão proibida";"Colisão transversal";"Com Vítimas Feridas";"Plena Noite";"Decrescente";"Céu Claro";"Dupla";"Reta";"Sim";3;0;1;0;1;1;1;3;-29,93028974;-51,17738069;"SPRF-RS";"DEL01-RS";"UOP01-DEL01-RS"
576522;2024-01-22;"segunda-feira";"14:30:00";"PA";155;250;"ELDORADO DO CARAJAS";"Ingestão de álcool pelo condutor";"Colisão lateral mesmo sentido";"Com Vítimas Feridas";"Pleno dia";"Decrescente";"Céu Claro";"Simples";"Interseção de vias";"Sim";3;0;1;0;2;0;1;2;-6,105512;-49,355614;"SPRF-PA";"DEL03-PA";"UOP01-DEL03-PA"
576525;2024-01-22;"segunda-feira";"22:03:00";"SP";116;229;"SAO PAULO";"Reação tardia ou ineficiente do condutor";"Colisão lateral mesmo sentido";"Com Vítimas Feridas";"Plena Noite";"Decrescente";"Nublado";"Múltipla";"Reta";"Sim";2;0;0;1;0;1;1;2;-23,51291902;-46,57604698;"SPRF-SP";"DEL01-SP";"UOP01-DEL01-SP"
576526;2024-01-22;"segunda-feira";"11:30:00";"MG";251;365,3;"PADRE CARVALHO";"Reação tardia ou ineficiente do condutor";"Capotamento";"Com Vítimas Feridas";"Pleno dia";"Decrescente";"Céu Claro";"Simples";"Reta";"Não";1;0;1;0;0;0;1;1;-16,2666249;-42,64514704;"SPRF-MG";"DEL12-MG";"UOP02-DEL12-MG"
576527;2024-01-22;"segunda-feira";"21:15:00";"SC";101;436,6;"SOMBRIO";"Ausência de reação do condutor";"Colisão traseira";"Com Vítimas Feridas";"Plena Noite";"Decrescente";"Nublado";"Múltipla";"Não Informado";"Sim";3;0;2;0;0;1;2;2;-29,09949414;-49,63480552;"SPRF-SC";"DEL02-SC";"UOP02-DEL02-SC"
576528;2024-01-22;"segunda-feira";"22:10:00";"RS";290;574;"ALEGRETE";"Ausência de reação do condutor";"Saída de leito carroçável";"Com Vítimas Feridas";"Plena Noite";"Crescente";"Céu Claro";"Simples";"Não Informado";"Sim";2;0;2;0;0;0;2;1;-29,822521;-55,719505;"SPRF-RS";"DEL13-RS";"UOP02-DEL13-RS"
576530;2024-01-22;"segunda-feira";"22:35:00";"RJ";40;106;"DUQUE DE CAXIAS";"Chuva";"Saída de leito carroçável";"Com Vítimas Feridas";"Plena Noite";"Crescente";"Chuva";"Dupla";"Reta";"Sim";1;0;1;0;0;0;1;1;-22,64679;-43,283726;"SPRF-RJ";"DEL01-RJ";"UOP02-DEL01-RJ"
576533;2024-01-22;"segunda-feira";"23:25:00";"SC";101;142;"ITAPEMA";"Velocidade Incompatível";"Colisão traseira";"Com Vítimas Feridas";"Plena Noite";"Crescente";"Chuva";"Dupla";"Reta";"Sim";3;0;1;0;2;0;1;2;-27,056089;-48,599449;"SPRF-SC";"DEL04-SC";"UOP03-DEL04-SC"
576534;2024-01-22;"segunda-feira";"23:30:00";"AL";316;269;"SATUBA";"Retorno proibido";"Colisão transversal";"Com Vítimas Feridas";"Plena Noite";"Crescente";"Céu Claro";"Simples";"Reta";"Sim";2;0;0;1;1;0;1;2;-9,57589005;-35,83163597;"SPRF-AL";"DEL02-AL";"UOP01-DEL02-AL"
576535;2024-01-23;"terça-feira";"00:30:00";"PE";232;5;"RECIFE";"Condutor Dormindo";"Saída de leito carroçável";"Com Vítimas Fatais";"Plena Noite";"Decrescente";"Nublado";"Múltipla";"Reta";"Não";5;1;0;4;0;0;4;1;-8,069611;-34,949186;"SPRF-PE";"DEL01-PE";"UOP01-DEL01-PE"
576536;2024-01-22;"segunda-feira";"23:30:00";"SC";101;87;"BARRA VELHA";"Reação tardia ou ineficiente do condutor";"Atropelamento de Pedestre";"Com Vítimas Feridas";"Plena Noite";"Crescente";"Céu Claro";"Dupla";"Não Informado";"Sim";2;0;1;0;1;0;1;2;-26,63713377;-48,69651057;"SPRF-SC";"DEL03-SC";"UOP02-DEL03-SC"
576537;2024-01-22;"segunda-feira";"18:30:00";"SC";101;461,8;"PASSO DE TORRES";"Reação tardia ou ineficiente do condutor";"Saída de leito carroçável";"Sem Vítimas";"Pleno dia";"Decrescente";"Céu Claro";"Dupla";"Reta";"Não";1;0;0;0;1;0;0;1;-29,26681993;-49,75517865;"SPRF-RS";"DEL03-RS";"UOP02-DEL03-RS"
576539;2024-01-23;"terça-feira";"00:10:00";"SC";101;202,8;"SAO JOSE";"Reação tardia ou ineficiente do condutor";"Saída de leito carroçável";"Sem Vítimas";"Plena Noite";"Crescente";"Chuva";"Dupla";"Reta";"Sim";5;0;0;0;1;4;0;2;-27,56329607;-48,61553997;"SPRF-SC";"DEL01-SC";"UOP01-DEL01-SC"
576540;2024-01-23;"terça-feira";"02:20:00";"GO";40;89;"CRISTALINA";"Condutor Dormindo";"Saída de leito carroçável";"Com Vítimas Feridas";"Plena Noite";"Decrescente";"Céu Claro";"Simples";"Reta";"Não";1;0;1;0;0;0;1;1;-16,720475;-47,652061;"SPRF-DF";"DEL01-DF";"UOP02-DEL01-DF"
576542;2024-01-23;"terça-feira";"00:10:00";"SC";101;112;"NAVEGANTES";"Avarias e/ou desgaste excessivo no pneu";"Tombamento";"Com Vítimas Feridas";"Plena Noite";"Decrescente";"Chuva";"Dupla";"Interseção de vias";"Não";2;0;1;0;1;0;1;1;-26,84589005;-48,72131295;"SPRF-SC";"DEL04-SC";"UOP04-DEL04-SC"
576543;2024-01-23;"terça-feira";"04:00:00";"RJ";101;68;"CAMPOS DOS GOYTACAZES";"Ausência de reação do condutor";"Colisão traseira";"Com Vítimas Feridas";"Plena Noite";"Decrescente";"Céu Claro";"Simples";"Reta";"Sim";6;0;0;4;2;0;4;2;-21,76751094;-41,34876249;"SPRF-RJ";"DEL08-RJ";"UOP02-DEL08-RJ"
576546;2024-01-23;"terça-feira";"05:30:00";"RJ";101;69,5;"CAMPOS DOS GOYTACAZES";"Demais falhas mecânicas ou elétricas";"Tombamento";"Com Vítimas Feridas";"Amanhecer";"Crescente";"Céu Claro";"Simples";"Reta";"Sim";2;0;0;1;1;0;1;1;-21,77624383;-41,3653321;"SPRF-RJ";"DEL08-RJ";"UOP02-DEL08-RJ"
576549;2024-01-22;"segunda-feira";"23:30:00";"GO";153;516;"APARECIDA DE GOIANIA";"Condutor Dormindo";"Saída de leito carroçável";"Com Vítimas Feridas";"Plena Noite";"Decrescente";"Nublado";"Dupla";"Não Informado";"Não";1;0;0;1;0;0;1;1;-16,8504;-49,2473;"SPRF-GO";"DEL01-GO";"UOP03-DEL01-GO"
576551;2024-01-23;"terça-feira";"06:45:00";"PR";376;164,6;"MARINGA";"Demais falhas mecânicas ou elétricas";"Queda de ocupante de veículo";"Com Vítimas Feridas";"Pleno dia";"Crescente";"Nublado";"Dupla";"Reta";"Não";1;0;1;0;0;0;1;1;-23,37961146;-52,03977406;"SPRF-PR";"DEL09-PR";"UOP01-DEL09-PR"
576552;2024-01-23;"terça-feira";"06:00:00";"BA";116;380;"SANTA BARBARA";"Ausência de reação do condutor";"Saída de leito carroçável";"Com Vítimas Feridas";"Amanhecer";"Crescente";"Nublado";"Simples";"Desvio Temporário";"Não";1;0;1;0;0;0;1;1;-11,88482156;-38,97949219;"SPRF-BA";"DEL02-BA";"UOP01-DEL02-BA"
576553;2024-01-23;"terça-feira";"06:00:00";"RJ";101;498;"ANGRA DOS REIS";"Velocidade Incompatível";"Colisão com objeto";"Com Vítimas Feridas";"Pleno dia";"Crescente";"Nublado";"Simples";"Curva";"Não";2;0;0;1;1;0;1;1;-22,916036;-44,342848;"SPRF-RJ";"DEL03-RJ";"UOP03-DEL03-RJ"
576556;2024-01-23;"terça-feira";"05:40:00";"MG";381;681,5;"PERDOES";"Avarias e/ou desgaste excessivo no pneu";"Queda de ocupante de veículo";"Com Vítimas Feridas";"Pleno dia";"Crescente";"Nublado";"Dupla";"Curva";"Não";2;0;2;0;0;0;2;1;-21,16168571;-45,12045619;"SPRF-MG";"DEL04-MG";"UOP02-DEL04-MG"
576557;2024-01-22;"segunda-feira";"22:15:00";"PR";376;489;"PONTA GROSSA";"Chuva";"Colisão com objeto";"Sem Vítimas";"Plena Noite";"Decrescente";"Chuva";"Dupla";"Reta";"Sim";1;0;0;0;0;1;0;1;-25,14172584;-50,1586859;"SPRF-PR";"DEL03-PR";"UOP04-DEL03-PR"
576559;2024-01-23;"terça-feira";"06:50:00";"SP";116;219;"GUARULHOS";"Reação tardia ou ineficiente do condutor";"Colisão lateral mesmo sentido";"Com Vítimas Feridas";"Pleno dia";"Crescente";"Chuva";"Múltipla";"Reta";"Sim";2;0;1;0;1;0;1;2;-23,46143954;-46,48885316;"SPRF-SP";"DEL01-SP";"UOP01-DEL01-SP"
576564;2024-01-23;"terça-feira";"07:00:00";"SP";116;210;"GUARULHOS";"Reação tardia ou ineficiente do condutor";"Colisão lateral mesmo sentido";"Com Vítimas Feridas";"Pleno dia";"Crescente";"Nublado";"Múltipla";"Não Informado";"Sim";2;0;1;0;0;1;1;2;-23,42870023;-46,41085991;"SPRF-SP";"DEL01-SP";"UOP01-DEL01-SP"
576565;2024-01-23;"terça-feira";"07:50:00";"PR";369;149,9;"LONDRINA";"Condutor deixou de manter distância do veículo da frente";"Colisão traseira";"Com Vítimas Feridas";"Pleno dia";"Crescente";"Garoa/Chuvisco";"Dupla";"Reta";"Sim";5;0;0;1;4;0;1;2;-23,29284;-51,160454;"SPRF-PR";"DEL07-PR";"UOP01-DEL07-PR"
576567;2024-01-23;"terça-feira";"06:30:00";"PR";116;51;"CAMPINA GRANDE DO SUL";"Reação tardia ou ineficiente do condutor";"Saída de leito carroçável";"Com Vítimas Feridas";"Pleno dia";"Decrescente";"Garoa/Chuvisco";"Dupla";"Curva";"Não";1;0;1;0;0;0;1;1;-25,24249703;-48,90292205;"SPRF-PR";"DEL01-PR";"UOP02-DEL01-PR"
576570;2024-01-23;"terça-feira";"08:30:00";"RJ";101;312;"SAO GONCALO";"Avarias e/ou desgaste excessivo no pneu";"Tombamento";"Com Vítimas Feridas";"Pleno dia";"Crescente";"Nublado";"Dupla";"Reta";"Não";2;0;1;0;1;0;1;1;-22,80546555;-43,06156967;"SPRF-RJ";"DEL02-RJ";"UOP02-DEL02-RJ"
576571;2024-01-19;"sexta-feira";"12:25:00";"BA";324;621;"SALVADOR";"Chuva";"Tombamento";"Com Vítimas Feridas";"Pleno dia";"Crescente";"Chuva";"Múltipla";"Reta";"Não";2;0;1;0;0;1;1;2;-12,9254887;-38,4683245;"SPRF-BA";"DEL01-BA";"UOP01-DEL01-BA"
576573;2024-01-23;"terça-feira";"07:00:00";"RO";364;196,5;"PIMENTA BUENO";"Manobra de mudança de faixa";"Colisão lateral mesmo sentido";"Com Vítimas Feridas";"Pleno dia";"Crescente";"Céu Claro";"Simples";"Reta";"Sim";2;0;1;0;1;0;1;2;-11,682385;-61,185785;"SPRF-RO";"DEL02-RO";"UOP02-DEL02-RO"
576574;2024-01-23;"terça-feira";"08:50:00";"GO";60;105;"GOIANAPOLIS";"Velocidade Incompatível";"Saída de leito carroçável";"Com Vítimas Feridas";"Pleno dia";"Decrescente";"Nublado";"Dupla";"Não Informado";"Não";2;0;2;0;0;0;2;1;-16,4156;-49,0087;"SPRF-GO";"DEL02-GO";"UOP01-DEL02-GO"
576577;2024-01-23;"terça-feira";"08:00:00";"PE";101;56,7;"PAULISTA";"Reação tardia ou ineficiente do condutor";"Colisão lateral mesmo sentido";"Com Vítimas Feridas";"Pleno dia";"Crescente";"Céu Claro";"Dupla";"Reta";"Não";2;0;1;0;1;0;1;2;-7,9554509;-34,91140727;"SPRF-PE";"DEL01-PE";"UOP02-DEL01-PE"
576579;2024-01-23;"terça-feira";"08:20:00";"RN";101;132,9;"SAO JOSE DE MIPIBU";"Reação tardia ou ineficiente do condutor";"Saída de leito carroçável";"Com Vítimas Feridas";"Pleno dia";"Crescente";"Céu Claro";"Dupla";"Reta";"Não";1;0;1;0;0;0;1;1;-6,14655198;-35,22722973;"SPRF-RN";"DEL01-RN";"UOP01-DEL01-RN"
576580;2024-01-23;"terça-feira";"09:20:00";"PB";101;108;"ALHANDRA";"Avarias e/ou desgaste excessivo no pneu";"Tombamento";"Com Vítimas Feridas";"Pleno dia";"Decrescente";"Céu Claro";"Dupla";"Reta";"Sim";2;0;2;0;0;0;2;1;-7,33454898;-34,94758056;"SPRF-PB";"DEL01-PB";"UOP02-DEL01-PB"
576581;2024-01-23;"terça-feira";"07:30:00";"PB";101;89,9;"JOAO PESSOA";"Ausência de reação do condutor";"Tombamento";"Sem Vítimas";"Pleno dia";"Decrescente";"Céu Claro";"Dupla";"Reta";"Sim";1;0;0;0;0;1;0;1;-7,1710694;-34,89765372;"SPRF-PB";"DEL01-PB";"UOP02-DEL01-PB"
576582;2024-01-23;"terça-feira";"08:02:00";"RJ";101;302;"SAO GONCALO";"Trafegar com motocicleta (ou similar) entre as faixas";"Colisão lateral mesmo sentido";"Com Vítimas Feridas";"Pleno dia";"Crescente";"Chuva";"Dupla";"Reta";"Não";2;0;1;0;1;0;1;2;-22,78069318;-42,96706396;"SPRF-RJ";"DEL02-RJ";"UOP02-DEL02-RJ"
576583;2024-01-23;"terça-feira";"08:30:00";"RS";448;3;"ESTEIO";"Ausência de reação do condutor";"Colisão traseira";"Com Vítimas Feridas";"Pleno dia";"Crescente";"Sol";"Dupla";"Reta";"Não";3;0;1;0;2;0;1;3;-29,846483;-51,206802;"SPRF-RS";"DEL01-RS";"UOP02-DEL01-RS"
576584;2024-01-23;"terça-feira";"09:30:00";"RJ";101;57;"CAMPOS DOS GOYTACAZES";"Ausência de reação do condutor";"Engavetamento";"Sem Vítimas";"Pleno dia";"Crescente";"Céu Claro";"Simples";"Reta";"Não";4;0;0;0;4;0;0;4;-21,68714199;-41,31063697;"SPRF-RJ";"DEL08-RJ";"UOP01-DEL08-RJ"
576585;2024-01-23;"terça-feira";"08:51:00";"MS";163;224,1;"CAARAPO";"Reação tardia ou ineficiente do condutor";"Tombamento";"Com Vítimas Feridas";"Pleno dia";"Decrescente";"Nublado";"Simples";"Reta";"Não";1;0;1;0;0;0;1;1;-22,50919504;-54,86355345;"SPRF-MS";"DEL04-MS";"UOP02-DEL04-MS"
576586;2024-01-23;"terça-feira";"09:56:00";"ES";101;269,4;"SERRA";"Manobra de mudança de faixa";"Colisão lateral mesmo sentido";"Com Vítimas Feridas";"Pleno dia";"Crescente";"Nublado";"Múltipla";"Reta";"Sim";2;0;0;1;1;0;1;2;-20,21740496;-40,26990578;"SPRF-ES";"DEL02-ES";"UOP01-DEL02-ES"
576588;2024-01-23;"terça-feira";"09:30:00";"AL";104;90,9;"RIO LARGO";"Condutor deixou de manter distância do veículo da frente";"Colisão traseira";"Com Vítimas Feridas";"Pleno dia";"Decrescente";"Sol";"Dupla";"Interseção de vias";"Não";3;0;1;0;2;0;1;2;-9,50059087;-35,81127569;"SPRF-AL";"DEL01-AL";"UOP01-DEL01-AL"
576589;2024-01-23;"terça-feira";"07:50:00";"SC";116;15;"MAFRA";"Acesso irregular";"Colisão lateral mesmo sentido";"Com Vítimas Feridas";"Pleno dia";"Decrescente";"Chuva";"Simples";"Reta";"Não";4;0;3;0;1;0;3;2;-26,20122513;-49,88054366;"SPRF-SC";"DEL06-SC";"UOP01-DEL06-SC"
576598;2024-01-23;"terça-feira";"10:15:00";"PR";163;120;"REALEZA";"Demais falhas mecânicas ou elétricas";"Incêndio";"Sem Vítimas";"Pleno dia";"Crescente";"Céu Claro";"Simples";"Curva";"Não";1;0;0;0;1;0;0;1;-25,593218;-53,601492;"SPRF-PR";"DEL02-PR";"UOP02-DEL02-PR"
576599;2024-01-23;"terça-feira";"09:40:00";"MA";10;251;"IMPERATRIZ";"Condutor deixou de manter distância do veículo da frente";"Colisão traseira";"Sem Vítimas";"Pleno dia";"Decrescente";"Céu Claro";"Dupla";"Retorno Regulamentado";"Sim";2;0;0;0;2;0;0;2;-5,543249;-47,464447;"SPRF-MA";"DEL04-MA";"UOP01-DEL04-MA"
576602;2024-01-23;"terça-feira";"11:00:00";"MG";381;921;"CAMANDUCAIA";"Ausência de reação do condutor";"Saída de leito carroçável";"Com Vítimas Feridas";"Pleno dia";"Decrescente";"Chuva";"Dupla";"Curva";"Não";4;0;1;0;3;0;1;1;-22,7680939;-46,20854399;"SPRF-MG";"DEL16-MG";"UOP03-DEL16-MG"
576607;2024-01-23;"terça-feira";"11:55:00";"RJ";101;330;"RIO DE JANEIRO";"Ausência de reação do condutor";"Colisão traseira";"Com Vítimas Feridas";"Pleno dia";"Crescente";"Chuva";"Dupla";"Reta";"Não";2;0;1;0;1;0;1;2;-22,8684989;-43,18548699;"SPRF-RJ";"DEL02-RJ";"UOP01-DEL02-RJ"
576609;2024-01-23;"terça-feira";"12:10:00";"PR";116;42;"CAMPINA GRANDE DO SUL";"Chuva";"Saída de leito carroçável";"Com Vítimas Feridas";"Pleno dia";"Crescente";"Chuva";"Simples";"Curva";"Não";1;0;1;0;0;0;1;1;-25,17611697;-48,874256;"SPRF-PR";"DEL01-PR";"UOP02-DEL01-PR"
576611;2024-01-23;"terça-feira";"12:30:00";"MG";381;168,1;"GOVERNADOR VALADARES";"Conversão proibida";"Colisão lateral mesmo sentido";"Com Vítimas Feridas";"Pleno dia";"Crescente";"Sol";"Simples";"Reta";"Não";2;0;0;1;1;0;1;2;-18,98031967;-42,10224929;"SPRF-MG";"DEL06-MG";"UOP01-DEL06-MG"
576612;2024-01-23;"terça-feira";"13:00:00";"RS";285;446,3;"BOZANO";"Ultrapassagem Indevida";"Colisão lateral mesmo sentido";"Sem Vítimas";"Pleno dia";"Decrescente";"Sol";"Simples";"Reta";"Não";6;0;0;0;6;0;0;2;-28,36455425;-53,79985571;"SPRF-RS";"DEL10-RS";"UOP01-DEL10-RS"
576614;2024-01-20;"sábado";"13:30:00";"PR";369;172,7;"ROLANDIA";"Acessar a via sem observar a presença dos outros veículos";"Colisão transversal";"Com Vítimas Feridas";"Pleno dia";"Crescente";"Céu Claro";"Simples";"Curva";"Sim";2;0;1;0;1;0;1;2;-23,30761031;-51,36665225;"SPRF-PR";"DEL07-PR";"UOP01-DEL07-PR"
576615;2024-01-05;"sexta-feira";"07:20:00";"BA";101;701;"EUNAPOLIS";"Transitar na contramão";"Colisão frontal";"Com Vítimas Feridas";"Pleno dia";"Crescente";"Nublado";"Simples";"Curva";"Não";3;0;0;1;2;0;1;2;-16,42076704;-39,58420037;"SPRF-BA";"DEL09-BA";"UOP01-DEL09-BA"
576616;2024-01-23;"terça-feira";"12:00:00";"SC";153;97,2;"CONCORDIA";"Acessar a via sem observar a presença dos outros veículos";"Colisão transversal";"Com Vítimas Feridas";"Pleno dia";"Decrescente";"Céu Claro";"Simples";"Reta";"Sim";3;0;2;0;1;0;2;2;-27,220152;-51,948879;"SPRF-SC";"DEL07-SC";"UOP04-DEL07-SC"
576617;2024-01-23;"terça-feira";"12:50:00";"PR";476;118;"COLOMBO";"Reação tardia ou ineficiente do condutor";"Colisão lateral mesmo sentido";"Com Vítimas Feridas";"Pleno dia";"Decrescente";"Nublado";"Dupla";"Não Informado";"Sim";2;0;1;0;1;0;1;2;-25,35634;-49,180828;"SPRF-PR";"DEL01-PR";"UOP01-DEL01-PR"
576619;2024-01-23;"terça-feira";"13:30:00";"GO";60;100;"ANAPOLIS";"Acessar a via sem observar a presença dos outros veículos";"Colisão lateral mesmo sentido";"Sem Vítimas";"Pleno dia";"Crescente";"Garoa/Chuvisco";"Dupla";"Retorno Regulamentado";"Sim";2;0;0;0;2;0;0;2;-16,3979;-48,9664;"SPRF-GO";"DEL02-GO";"UOP01-DEL02-GO"
576621;2024-01-23;"terça-feira";"11:30:00";"RS";290;151;"ARROIO DOS RATOS";"Manobra de mudança de faixa";"Colisão lateral mesmo sentido";"Com Vítimas Feridas";"Pleno dia";"Decrescente";"Céu Claro";"Simples";"Não Informado";"Sim";3;0;2;0;1;0;2;2;-30,10574423;-51,7111659;"SPRF-RS";"DEL02-RS";"UOP01-DEL02-RS"
576622;2024-01-23;"terça-feira";"13:15:00";"PE";424;97;"GARANHUNS";"Conversão proibida";"Colisão lateral mesmo sentido";"Com Vítimas Feridas";"Pleno dia";"Decrescente";"Céu Claro";"Simples";"Reta";"Não";2;0;1;0;0;1;1;2;-8,93478014;-36,50438092;"SPRF-PE";"DEL03-PE";"UOP01-DEL03-PE"