"id";"data_inversa";"dia_semana";"horario";"uf";"br";"km";"municipio";"causa_acidente";"tipo_acidente";"classificacao_acidente";"fase_dia";"sentido_via";"condicao_metereologica";"tipo_pista";"tracado_via";"uso_solo";"pessoas";"mortos";"feridos_leves";"feridos_graves";"ilesos";"ignorados";"feridos";"veiculos";"latitude";"longitude";"regional";"delegacia";"uop"
576623;2024-01-23;"terça-feira";"12:05:00";"RJ";465;21,5;"NOVA IGUACU";"Acesso irregular";"Colisão frontal";"Com Vítimas Feridas";"Pleno dia";"Crescente";"Chuva";"Simples";"Reta";"Sim";2;0;1;0;1;0;1;2;-22,854782;-43,601933;"SPRF-RJ";"DEL06-RJ";"UOP02-DEL06-RJ"
576624;2024-01-23;"terça-feira";"11:55:00";"MG";381;528;"ITATIAIUCU";"Ausência de reação do condutor";"Saída de leito carroçável";"Com Vítimas Feridas";"Pleno dia";"Decrescente";"Sol";"Dupla";"Curva";"Não";1;0;1;0;0;0;1;1;-20,16368096;-44,36025002;"SPRF-MG";"DEL04-MG";"UOP03-DEL04-MG"
576627;2024-01-23;"terça-feira";"14:10:00";"PA";316;21;"BENEVIDES";"Acessar a via sem observar a presença dos outros veículos";"Colisão transversal";"Com Vítimas Feridas";"Pleno dia";"Crescente";"Céu Claro";"Dupla";"Não Informado";"Sim";3;0;2;0;1;0;2;2;-1,36097138;-48,26241527;"SPRF-PA";"DEL01-PA";"UOP01-DEL01-PA"
576631;2024-01-23;"terça-feira";"10:30:00";"PR";153;66;"GUAPIRAMA";"Pista Escorregadia";"Capotamento";"Com Vítimas Feridas";"Pleno dia";"Crescente";"Nublado";"Simples";"Reta";"Não";1;0;1;0;0;0;1;1;-23,49050627;-50,10583214;"SPRF-PR";"DEL07-PR";"UOP04-DEL07-PR"
576633;2024-01-23;"terça-feira";"15:00:00";"MG";40;805,6;"MATIAS BARBOSA";"Velocidade Incompatível";"Saída de leito carroçável";"Com Vítimas Feridas";"Pleno dia";"Crescente";"Chuva";"Dupla";"Curva";"Não";1;0;1;0;0;0;1;1;-21,86534291;-43,36765294;"SPRF-MG";"DEL05-MG";"UOP01-DEL05-MG"
576635;2024-01-23;"terça-feira";"10:20:00";"RJ";116;148;"DUQUE DE CAXIAS";"Pista Escorregadia";"Tombamento";"Com Vítimas Feridas";"Pleno dia";"Crescente";"Nublado";"Dupla";"Não Informado";"Sim";3;0;1;1;1;0;2;2;-22,6723488;-43,28215398;"SPRF-RJ";"DEL01-RJ";"UOP02-DEL01-RJ"
576636;2024-01-23;"terça-feira";"14:45:00";"PR";116;38;"CAMPINA GRANDE DO SUL";"Reação tardia ou ineficiente do condutor";"Colisão com objeto";"Com Vítimas Feridas";"Pleno dia";"Decrescente";"Chuva";"Dupla";"Curva";"Não";2;0;1;0;1;0;1;1;-25,14802509;-48,85922071;"SPRF-PR";"DEL01-PR";"UOP02-DEL01-PR"
576639;2024-01-23;"terça-feira";"14:50:00";"PR";116;38;"CAMPINA GRANDE DO SUL";"Chuva";"Saída de leito carroçável";"Com Vítimas Feridas";"Pleno dia";"Decrescente";"Chuva";"Dupla";"Curva";"Não";2;0;1;0;1;0;1;1;-25,14802509;-48,85922071;"SPRF-PR";"DEL01-PR";"UOP02-DEL01-PR"
576643;2024-01-23;"terça-feira";"15:00:00";"SC";101;212,8;"PALHOCA";"Manobra de mudança de faixa";"Colisão lateral mesmo sentido";"Sem Vítimas";"Pleno dia";"Decrescente";"Nublado";"Dupla";"Reta";"Não";2;0;0;0;1;1;0;2;-27,62996929;-48,65903871;"SPRF-SC";"DEL01-SC";"UOP02-DEL01-SC"
576644;2024-01-23;"terça-feira";"12:05:00";"PR";376;279;"MARILANDIA DO SUL";"Acumulo de água sobre o pavimento";"Colisão com objeto";"Sem Vítimas";"Pleno dia";"Decrescente";"Chuva";"Dupla";"Reta";"Não";1;0;0;0;1;0;0;1;-23,81343594;-51,26508236;"SPRF-PR";"DEL07-PR";"UOP02-DEL07-PR"
576646;2024-01-23;"terça-feira";"15:00:00";"PA";230;122;"MARABA";"Reação tardia ou ineficiente do condutor";"Colisão lateral mesmo sentido";"Sem Vítimas";"Pleno dia";"Crescente";"Céu Claro";"Dupla";"Reta";"Sim";3;0;0;0;3;0;0;2;-5,36137537;-49,12376139;"SPRF-PA";"DEL03-PA";"UOP01-DEL03-PA"
576647;2024-01-23;"terça-feira";"13:30:00";"RJ";116;293;"BARRA MANSA";"Reação tardia ou ineficiente do condutor";"Colisão traseira";"Com Vítimas Feridas";"Pleno dia";"Crescente";"Chuva";"Dupla";"Reta";"Não";2;0;1;0;1;0;1;2;-22,45745983;-44,29161274;"SPRF-RJ";"DEL07-RJ";"UOP02-DEL07-RJ"
576649;2024-01-23;"terça-feira";"15:30:00";"RN";406;169,2;"SAO GONCALO DO AMARANTE";"Entrada inopinada do pedestre";"Atropelamento de Pedestre";"Com Vítimas Feridas";"Pleno dia";"Decrescente";"Céu Claro";"Dupla";"Reta";"Não";3;0;1;1;1;0;2;2;-5,75570118;-35,30728507;"SPRF-RN";"DEL02-RN";"UOP01-DEL02-RN"
576650;2024-01-23;"terça-feira";"12:00:00";"AC";317;191;"XAPURI";"Acumulo de areia ou detritos sobre o pavimento";"Capotamento";"Com Vítimas Feridas";"Pleno dia";"Decrescente";"Nublado";"Simples";"Reta";"Não";4;0;0;4;0;0;4;1;-10,62415795;-68,05025;"SPRF-AC";"DEL01-AC";"UOP02-DEL01-AC"
576651;2024-01-23;"terça-feira";"15:30:00";"PE";407;127,4;"PETROLINA";"Acessar a via sem observar a presença dos outros veículos";"Colisão lateral mesmo sentido";"Com Vítimas Feridas";"Pleno dia";"Decrescente";"Céu Claro";"Simples";"Reta";"Sim";2;0;1;0;0;1;1;2;-9,3908678;-40,52038627;"SPRF-PE";"DEL06-PE";"UOP01-DEL06-PE"
576652;2024-01-23;"terça-feira";"15:30:00";"SC";282;431,2;"VARGEM BONITA";"Acumulo de areia ou detritos sobre o pavimento";"Colisão com objeto";"Sem Vítimas";"Pleno dia";"Decrescente";"Céu Claro";"Simples";"Reta";"Não";2;0;0;0;2;0;0;1;-26,97927012;-51,79985046;"SPRF-SC";"DEL07-SC";"UOP05-DEL07-SC"
576653;2024-01-23;"terça-feira";"15:20:00";"MG";459;95,4;"POUSO ALEGRE";"Chuva";"Saída de leito carroçável";"Com Vítimas Feridas";"Pleno dia";"Crescente";"Chuva";"Simples";"Curva";"Não";3;0;1;1;1;0;2;1;-22,201531;-45,96510172;"SPRF-MG";"DEL09-MG";"UOP01-DEL09-MG"
576654;2024-01-23;"terça-feira";"09:50:00";"SP";153;257,7;"MARILIA";"Ausência de reação do condutor";"Saída de leito carroçável";"Com Vítimas Feridas";"Pleno dia";"Decrescente";"Céu Claro";"Dupla";"Reta";"Sim";1;0;1;0;0;0;1;1;-22,24691225;-49,92049031;"SPRF-SP";"DEL07-SP";"UOP02-DEL07-SP"
576655;2024-01-23;"terça-feira";"13:30:00";"RS";386;160;"ALMIRANTE TAMANDARE DO SUL";"Ausência de reação do condutor";"Saída de leito carroçável";"Com Vítimas Feridas";"Pleno dia";"Crescente";"Céu Claro";"Simples";"Não Informado";"Não";1;0;1;0;0;0;1;1;-28,158697;-52,8442;"SPRF-RS";"DEL08-RS";"UOP01-DEL08-RS"
576656;2024-01-23;"terça-feira";"15:50:00";"BA";324;623,6;"SALVADOR";"Ausência de reação do condutor";"Colisão traseira";"Com Vítimas Feridas";"Pleno dia";"Decrescente";"Nublado";"Múltipla";"Reta";"Sim";2;0;1;0;1;0;1;2;-12,94690334;-38,46985471;"SPRF-BA";"DEL01-BA";"UOP01-DEL01-BA"
576658;2024-01-23;"terça-feira";"15:11:00";"MT";163;718;"SORRISO";"Acumulo de água sobre o pavimento";"Capotamento";"Com Vítimas Feridas";"Pleno dia";"Decrescente";"Chuva";"Simples";"Reta";"Não";2;0;1;1;0;0;2;1;-12,93757589;-55,86235328;"SPRF-MT";"DEL06-MT";"UOP01-DEL06-MT"
576660;2024-01-23;"terça-feira";"16:05:00";"SC";101;144;"ITAPEMA";"Condutor deixou de manter distância do veículo da frente";"Colisão traseira";"Com Vítimas Feridas";"Pleno dia";"Decrescente";"Céu Claro";"Dupla";"Reta";"Sim";5;0;3;0;2;0;3;2;-27,0732659;-48,59672716;"SPRF-SC";"DEL04-SC";"UOP03-DEL04-SC"
576661;2024-01-23;"terça-feira";"16:01:00";"SP";116;37,8;"CACHOEIRA PAULISTA";"Chuva";"Colisão com objeto";"Sem Vítimas";"Pleno dia";"Decrescente";"Chuva";"Dupla";"Curva";"Sim";1;0;0;0;1;0;0;1;-22,67026579;-44,99183604;"SPRF-SP";"DEL08-SP";"UOP02-DEL08-SP"
576662;2024-01-23;"terça-feira";"16:00:00";"RJ";101;329;"RIO DE JANEIRO";"Trafegar com motocicleta (ou similar) entre as faixas";"Colisão lateral mesmo sentido";"Com Vítimas Feridas";"Anoitecer";"Decrescente";"Garoa/Chuvisco";"Dupla";"Reta";"Sim";2;0;1;0;1;0;1;2;-22,86939305;-43,175642;"SPRF-RJ";"DEL02-RJ";"UOP01-DEL02-RJ"
576664;2024-01-23;"terça-feira";"14:30:00";"RS";290;76;"GRAVATAI";"Reação tardia ou ineficiente do condutor";"Tombamento";"Com Vítimas Feridas";"Pleno dia";"Decrescente";"Céu Claro";"Simples";"Reta";"Sim";1;0;1;0;0;0;1;1;-29,956612;-51,017124;"SPRF-RS";"DEL01-RS";"UOP01-DEL01-RS"
576667;2024-01-19;"sexta-feira";"21:50:00";"SP";116;217;"GUARULHOS";"Iluminação deficiente";"Colisão com objeto";"Sem Vítimas";"Plena Noite";"Decrescente";"Garoa/Chuvisco";"Múltipla";"Reta";"Sim";3;0;0;0;3;0;0;1;-23,45423824;-46,47119028;"SPRF-SP";"DEL01-SP";"UOP01-DEL01-SP"
576671;2024-01-23;"terça-feira";"14:20:00";"PE";423;93,9;"GARANHUNS";"Ausência de reação do condutor";"Colisão traseira";"Com Vítimas Feridas";"Pleno dia";"Decrescente";"Céu Claro";"Simples";"Interseção de vias";"Sim";3;0;0;1;2;0;1;2;-8,874414;-36,469377;"SPRF-PE";"DEL03-PE";"UOP01-DEL03-PE"
576672;2024-01-23;"terça-feira";"14:50:00";"PB";427;32;"POMBAL";"Animais na Pista";"Capotamento";"Com Vítimas Feridas";"Pleno dia";"Crescente";"Céu Claro";"Simples";"Curva";"Sim";1;0;0;1;0;0;1;1;-6,74623178;-37,74994815;"SPRF-PB";"DEL03-PB";"UOP02-DEL03-PB"
576676;2024-01-23;"terça-feira";"17:15:00";"SC";101;202;"SAO JOSE";"Trafegar com motocicleta (ou similar) entre as faixas";"Colisão lateral mesmo sentido";"Com Vítimas Feridas";"Pleno dia";"Crescente";"Céu Claro";"Múltipla";"Reta";"Sim";2;0;1;0;1;0;1;2;-27,55711595;-48,61897889;"SPRF-SC";"DEL01-SC";"UOP01-DEL01-SC"
576678;2024-01-23;"terça-feira";"17:40:00";"CE";116;11;"FORTALEZA";"Condutor deixou de manter distância do veículo da frente";"Colisão traseira";"Com Vítimas Feridas";"Pleno dia";"Crescente";"Céu Claro";"Dupla";"Reta";"Sim";4;0;3;0;1;0;3;3;-3,84778986;-38,49706385;"SPRF-CE";"DEL01-CE";"UOP02-DEL01-CE"
576679;2024-01-23;"terça-feira";"17:59:00";"DF";40;1;"BRASILIA";"Ausência de reação do condutor";"Colisão lateral mesmo sentido";"Com Vítimas Feridas";"Pleno dia";"Crescente";"Céu Claro";"Dupla";"Reta";"Sim";2;0;1;0;1;0;1;2;-15,985532;-47,987747;"SPRF-DF";"DEL01-DF";"UOP01-DEL01-DF"
576680;2024-01-23;"terça-feira";"17:45:00";"RN";101;96;"NATAL";"Condutor deixou de manter distância do veículo da frente";"Colisão lateral mesmo sentido";"Com Vítimas Feridas";"Anoitecer";"Decrescente";"Céu Claro";"Dupla";"Reta";"Sim";3;0;1;1;1;0;2;3;-5,84949622;-35,20890752;"SPRF-RN";"DEL01-RN";"UOP01-DEL01-RN"
576681;2024-01-14;"domingo";"18:00:00";"RJ";40;30;"AREAL";"Velocidade Incompatível";"Saída de leito carroçável";"Sem Vítimas";"Pleno dia";"Crescente";"Sol";"Dupla";"Reta";"Não";2;0;0;0;2;0;0;1;-22,18633705;-43,16660309;"SPRF-RJ";"DEL05-RJ";"UOP02-DEL05-RJ"
576686;2024-01-23;"terça-feira";"14:15:00";"SC";282;90,7;"ALFREDO WAGNER";"Ingestão de substâncias psicoativas pelo condutor";"Colisão frontal";"Com Vítimas Feridas";"Pleno dia";"Decrescente";"Garoa/Chuvisco";"Simples";"Reta";"Não";5;0;2;2;1;0;4;2;-27,683796;-49,222366;"SPRF-SC";"DEL01-SC";"UOP03-DEL01-SC"
576687;2024-01-11;"quinta-feira";"20:45:00";"SC";470;132;"RIO DO SUL";"Ultrapassagem Indevida";"Colisão transversal";"Com Vítimas Feridas";"Plena Noite";"Crescente";"Céu Claro";"Simples";"Reta";"Sim";3;0;1;1;1;0;2;2;-27,170237;-49,574718;"SPRF-SC";"DEL04-SC";"UOP02-DEL04-SC"
576689;2024-01-23;"terça-feira";"18:20:00";"SE";235;2;"ARACAJU";"Pedestre - Ingestão de álcool/ substâncias psicoativas";"Atropelamento de Pedestre";"Com Vítimas Feridas";"Pleno dia";"Crescente";"Céu Claro";"Dupla";"Reta";"Sim";2;0;0;1;1;0;1;2;-10,9062;-37,1034;"SPRF-SE";"DEL01-SE";"UOP01-DEL01-SE"
576692;2024-01-23;"terça-feira";"06:00:00";"SC";282;68,5;"RANCHO QUEIMADO";"Velocidade Incompatível";"Saída de leito carroçável";"Com Vítimas Feridas";"Plena Noite";"Crescente";"Chuva";"Simples";"Curva";"Não";1;0;1;0;0;0;1;1;-27,692406;-49,075939;"SPRF-SC";"DEL01-SC";"UOP03-DEL01-SC"
576695;2024-01-23;"terça-feira";"17:30:00";"GO";40;5;"VALPARAISO DE GOIAS";"Manobra de mudança de faixa";"Colisão lateral mesmo sentido";"Com Vítimas Feridas";"Plena Noite";"Crescente";"Nublado";"Dupla";"Reta";"Sim";3;0;1;1;1;0;2;2;-16,093134;-47,982236;"SPRF-DF";"DEL01-DF";"UOP01-DEL01-DF"
576697;2024-01-21;"domingo";"05:00:00";"PR";277;495,9;"GUARANIACU";"Neblina";"Colisão frontal";"Com Vítimas Feridas";"Amanhecer";"Decrescente";"Nevoeiro/Neblina";"Simples";"Reta";"Não";2;0;2;0;0;0;2;2;-25,20085392;-52,65444353;"SPRF-PR";"DEL04-PR";"UOP04-DEL04-PR"
576698;2024-01-23;"terça-feira";"16:38:00";"AC";364;124;"RIO BRANCO";"Acessar a via sem observar a presença dos outros veículos";"Colisão transversal";"Com Vítimas Feridas";"Pleno dia";"Crescente";"Céu Claro";"Dupla";"Rotatória";"Sim";2;0;1;0;1;0;1;2;-10,01180203;-67,79850841;"SPRF-AC";"DEL01-AC";"UOP01-DEL01-AC"
576700;2024-01-23;"terça-feira";"17:40:00";"SC";282;1;"FLORIANOPOLIS";"Ausência de reação do condutor";"Colisão traseira";"Com Vítimas Feridas";"Pleno dia";"Crescente";"Nublado";"Dupla";"Reta";"Sim";2;0;1;0;0;1;1;2;-27,602955;-48,580509;"SPRF-SC";"DEL01-SC";"UOP01-DEL01-SC"
576702;2024-01-23;"terça-feira";"16:00:00";"RS";392;680;"SAO PEDRO DO BUTIA";"Ingestão de álcool pelo condutor";"Saída de leito carroçável";"Com Vítimas Feridas";"Pleno dia";"Decrescente";"Sol";"Simples";"Não Informado";"Não";1;0;1;0;0;0;1;1;-28,12649445;-54,91623402;"SPRF-RS";"DEL10-RS";"UOP01-DEL10-RS"
576703;2024-01-23;"terça-feira";"19:10:00";"PR";116;142;"MANDIRITUBA";"Demais falhas mecânicas ou elétricas";"Incêndio";"Sem Vítimas";"Anoitecer";"Crescente";"Nublado";"Simples";"Reta";"Sim";1;0;0;0;1;0;0;1;-25,78277352;-49,32544827;"SPRF-PR";"DEL01-PR";"UOP03-DEL01-PR"
576704;2024-01-23;"terça-feira";"18:35:00";"MS";163;476;"CAMPO GRANDE";"Acessar a via sem observar a presença dos outros veículos";"Colisão frontal";"Com Vítimas Feridas";"Plena Noite";"Crescente";"Céu Claro";"Simples";"Reta";"Sim";2;0;1;0;1;0;1;2;-20,51162825;-54,56030973;"SPRF-MS";"DEL01-MS";"UOP01-DEL01-MS"
576705;2024-01-23;"terça-feira";"19:45:00";"PE";101;46;"ABREU E LIMA";"Condutor deixou de manter distância do veículo da frente";"Colisão traseira";"Com Vítimas Feridas";"Plena Noite";"Decrescente";"Céu Claro";"Dupla";"Reta";"Não";3;0;1;0;2;0;1;2;-7,87406004;-34,90588126;"SPRF-PE";"DEL01-PE";"UOP02-DEL01-PE"
576708;2024-01-23;"terça-feira";"19:30:00";"MG";153;170;"COMENDADOR GOMES";"Reação tardia ou ineficiente do condutor";"Saída de leito carroçável";"Sem Vítimas";"Plena Noite";"Crescente";"Céu Claro";"Simples";"Reta";"Não";1;0;0;0;0;1;0;1;-19,76711903;-48,96509614;"SPRF-MG";"DEL13-MG";"UOP02-DEL13-MG"
576709;2024-01-23;"terça-feira";"19:30:00";"BA";110;175;"RIBEIRA DO POMBAL";"Acesso irregular";"Colisão frontal";"Com Vítimas Feridas";"Plena Noite";"Crescente";"Nublado";"Simples";"Reta";"Sim";4;0;0;2;2;0;2;2;-10,887348;-38,52479999;"SPRF-BA";"DEL07-BA";"UOP02-DEL07-BA"
576710;2024-01-23;"terça-feira";"18:15:00";"PR";277;25,3;"MORRETES";"Reação tardia ou ineficiente do condutor";"Colisão com objeto";"Sem Vítimas";"Anoitecer";"Crescente";"Chuva";"Dupla";"Não Informado";"Não";1;0;0;0;1;0;0;1;-25,5337347;-48,7576141;"SPRF-PR";"DEL01-PR";"UOP05-DEL01-PR"
576712;2024-01-23;"terça-feira";"16:00:00";"GO";364;192;"JATAI";"Chuva";"Colisão traseira";"Com Vítimas Feridas";"Anoitecer";"Crescente";"Chuva";"Simples";"Rotatória";"Não";2;0;0;1;1;0;1;2;-17,922094;-51,69062;"SPRF-GO";"DEL05-GO";"UOP01-DEL05-GO"
576714;2024-01-23;"terça-feira";"20:00:00";"SP";116;231;"SAO PAULO";"Demais falhas mecânicas ou elétricas";"Incêndio";"Sem Vítimas";"Plena Noite";"Decrescente";"Nublado";"Múltipla";"Reta";"Não";1;0;0;0;1;0;0;1;-23,5290581;-46,59398303;"SPRF-SP";"DEL01-SP";"UOP01-DEL01-SP"
576716;2024-01-23;"terça-feira";"14:00:00";"MT";70;112;"GENERAL CARNEIRO";"Acumulo de água sobre o pavimento";"Saída de leito carroçável";"Sem Vítimas";"Pleno dia";"Decrescente";"Chuva";"Simples";"Curva";"Não";1;0;0;0;1;0;0;1;-15,59286112;-53,05797982;"SPRF-MT";"DEL07-MT";"UOP01-DEL07-MT"
576719;2024-01-23;"terça-feira";"19:30:00";"RJ";356;175;"SAO JOAO DA BARRA";"Chuva";"Colisão lateral mesmo sentido";"Com Vítimas Fatais";"Plena Noite";"Crescente";"Chuva";"Simples";"Reta";"Não";3;1;0;0;1;1;0;3;-21,71834;-41,059303;"SPRF-RJ";"DEL08-RJ";"UOP02-DEL08-RJ"
576720;2024-01-23;"terça-feira";"20:25:00";"MS";163;615;"SAO GABRIEL DO OESTE";"Acessar a via sem observar a presença dos outros veículos";"Colisão transversal";"Com Vítimas Feridas";"Plena Noite";"Crescente";"Nublado";"Simples";"Reta";"Sim";2;0;1;0;1;0;1;2;-19,38914948;-54,57155943;"SPRF-MS";"DEL06-MS";"UOP02-DEL06-MS"
576721;2024-01-23;"terça-feira";"21:35:00";"MG";40;505;"RIBEIRAO DAS NEVES";"Chuva";"Capotamento";"Com Vítimas Feridas";"Plena Noite";"Crescente";"Chuva";"Dupla";"Reta";"Não";2;0;1;0;1;0;1;1;-19,73838088;-44,14935661;"SPRF-MG";"DEL02-MG";"UOP01-DEL02-MG"
576722;2024-01-23;"terça-feira";"17:20:00";"PR";376;176,1;"MARINGA";"Avarias e/ou desgaste excessivo no pneu";"Queda de ocupante de veículo";"Com Vítimas Feridas";"Pleno dia";"Decrescente";"Céu Claro";"Dupla";"Reta";"Não";1;0;1;0;0;0;1;1;-23,41269173;-51,93158327;"SPRF-PR";"DEL09-PR";"UOP01-DEL09-PR"
576724;2024-01-23;"terça-feira";"21:40:00";"GO";60;66;"ABADIANIA";"Ingestão de álcool pelo condutor";"Saída de leito carroçável";"Com Vítimas Feridas";"Plena Noite";"Crescente";"Céu Claro";"Dupla";"Reta";"Não";1;0;1;0;0;0;1;1;-16,2138;-48,7457;"SPRF-GO";"DEL02-GO";"UOP01-DEL02-GO"
576725;2024-01-23;"terça-feira";"21:50:00";"MG";381;425,4;"CAETE";"Velocidade Incompatível";"Capotamento";"Com Vítimas Feridas";"Plena Noite";"Crescente";"Chuva";"Dupla";"Não Informado";"Não";1;0;0;1;0;0;1;1;-19,78738018;-43,6706543;"SPRF-MG";"DEL01-MG";"UOP01-DEL01-MG"
576728;2024-01-23;"terça-feira";"22:30:00";"RJ";101;68;"CAMPOS DOS GOYTACAZES";"Chuva";"Colisão transversal";"Com Vítimas Feridas";"Plena Noite";"Decrescente";"Chuva";"Simples";"Reta";"Não";2;0;1;1;0;0;2;2;-21,77186768;-41,35705017;"SPRF-RJ";"DEL08-RJ";"UOP02-DEL08-RJ"
576729;2024-01-23;"terça-feira";"21:20:00";"PR";373;260;"PRUDENTOPOLIS";"Acessar a via sem observar a presença dos outros veículos";"Colisão transversal";"Com Vítimas Feridas";"Plena Noite";"Decrescente";"Nublado";"Simples";"Não Informado";"Sim";2;0;2;0;0;0;2;2;-25,20788;-50,940221;"SPRF-PR";"DEL08-PR";"UOP01-DEL08-PR"
576730;2024-01-23;"terça-feira";"22:00:00";"RJ";101;485;"ANGRA DOS REIS";"Acessar a via sem observar a presença dos outros veículos";"Colisão transversal";"Com Vítimas Feridas";"Plena Noite";"Decrescente";"Garoa/Chuvisco";"Simples";"Não Informado";"Sim";2;0;1;0;0;1;1;2;-22,98540965;-44,29693937;"SPRF-RJ";"DEL03-RJ";"UOP03-DEL03-RJ"
576732;2024-01-23;"terça-feira";"21:00:00";"MT";70;4;"BARRA DO GARCAS";"Reação tardia ou ineficiente do condutor";"Tombamento";"Com Vítimas Feridas";"Plena Noite";"Crescente";"Garoa/Chuvisco";"Dupla";"Não Informado";"Sim";1;0;1;0;0;0;1;1;-15,87793;-52,29291;"SPRF-MT";"DEL07-MT";"UOP01-DEL07-MT"
576734;2024-01-23;"terça-feira";"17:00:00";"SC";470;110;"APIUNA";"Reação tardia ou ineficiente do condutor";"Saída de leito carroçável";"Sem Vítimas";"Plena Noite";"Crescente";"Nublado";"Simples";"Reta";"Não";1;0;0;0;1;0;0;1;-27,0909835;-49,45838191;"SPRF-SC";"DEL04-SC";"UOP02-DEL04-SC"
576736;2024-01-23;"terça-feira";"22:15:00";"BA";242;419;"SEABRA";"Velocidade Incompatível";"Colisão traseira";"Com Vítimas Feridas";"Plena Noite";"Decrescente";"Chuva";"Simples";"Reta";"Não";2;0;1;0;1;0;1;2;-12,43338196;-41,81551801;"SPRF-BA";"DEL06-BA";"UOP01-DEL06-BA"
576738;2024-01-23;"terça-feira";"22:28:00";"PR";116;102;"SAO JOSE DOS PINHAIS";"Ausência de reação do condutor";"Queda de ocupante de veículo";"Com Vítimas Feridas";"Plena Noite";"Crescente";"Chuva";"Dupla";"Reta";"Não";1;0;1;0;0;0;1;1;-25,568783;-49,184688;"SPRF-PR";"DEL01-PR";"UOP07-DEL01-PR"
576739;2024-01-23;"terça-feira";"23:40:00";"MG";40;565,7;"NOVA LIMA";"Chuva";"Colisão lateral mesmo sentido";"Sem Vítimas";"Plena Noite";"Decrescente";"Chuva";"Simples";"Não Informado";"Não";2;0;0;0;0;2;0;2;-20,16985101;-43,96554788;"SPRF-MG";"DEL01-MG";"UOP02-DEL01-MG"
576741;2024-01-24;"quarta-feira";"01:40:00";"MG";40;526;"CONTAGEM";"Ausência de reação do condutor";"Saída de leito carroçável";"Sem Vítimas";"Plena Noite";"Crescente";"Chuva";"Dupla";"Reta";"Sim";4;0;0;0;3;1;0;1;-19,89878376;-44,04972553;"SPRF-MG";"DEL01-MG";"UOP02-DEL01-MG"
576743;2024-01-23;"terça-feira";"07:20:00";"RO";364;715;"PORTO VELHO";"Acessar a via sem observar a presença dos outros veículos";"Colisão transversal";"Com Vítimas Feridas";"Pleno dia";"Crescente";"Céu Claro";"Dupla";"Reta";"Sim";2;0;1;0;1;0;1;2;-8,77957291;-63,89174213;"SPRF-RO";"DEL01-RO";"UOP01-DEL01-RO"
576744;2024-01-24;"quarta-feira";"01:40:00";"RS";470;10;"BARRACAO";"Condutor Dormindo";"Saída de leito carroçável";"Sem Vítimas";"Plena Noite";"Crescente";"Garoa/Chuvisco";"Simples";"Rotatória";"Não";2;0;0;0;2;0;0;1;-27,66229079;-51,45618168;"SPRF-RS";"DEL08-RS";"UOP05-DEL08-RS"
576746;2024-01-24;"quarta-feira";"04:14:00";"PR";116;115,3;"CURITIBA";"Entrada inopinada do pedestre";"Atropelamento de Pedestre";"Com Vítimas Feridas";"Plena Noite";"Crescente";"Garoa/Chuvisco";"Múltipla";"Reta";"Sim";2;0;1;0;1;0;1;2;-25,55468195;-49,27402397;"SPRF-PR";"DEL01-PR";"UOP07-DEL01-PR"
576752;2024-01-18;"quinta-feira";"14:30:00";"PR";373;230;"IMBITUVA";"Ausência de reação do condutor";"Saída de leito carroçável";"Com Vítimas Feridas";"Pleno dia";"Decrescente";"Céu Claro";"Simples";"Reta";"Sim";1;0;1;0;0;0;1;1;-25,1807283;-50,66818293;"SPRF-PR";"DEL03-PR";"UOP01-DEL03-PR"
576759;2024-01-24;"quarta-feira";"08:00:00";"ES";101;260,5;"SERRA";"Reação tardia ou ineficiente do condutor";"Colisão lateral sentido oposto";"Com Vítimas Feridas";"Pleno dia";"Decrescente";"Nublado";"Simples";"Curva";"Não";3;0;1;0;2;0;1;3;-20,14616415;-40,28836206;"SPRF-ES";"DEL02-ES";"UOP01-DEL02-ES"
576760;2024-01-24;"quarta-feira";"07:33:00";"PI";316;32,3;"DEMERVAL LOBAO";"Acessar a via sem observar a presença dos outros veículos";"Colisão transversal";"Com Vítimas Feridas";"Pleno dia";"Decrescente";"Nublado";"Dupla";"Reta";"Sim";2;0;1;0;1;0;1;2;-5,35972759;-42,67557621;"SPRF-PI";"DEL01-PI";"UOP02-DEL01-PI"
576763;2024-01-23;"terça-feira";"18:50:00";"MG";40;730,8;"OLIVEIRA FORTES";"Velocidade Incompatível";"Colisão com objeto";"Com Vítimas Feridas";"Plena Noite";"Decrescente";"Chuva";"Dupla";"Não Informado";"Não";2;0;1;0;1;0;1;1;-21,33378994;-43,5866212;"SPRF-MG";"DEL05-MG";"UOP01-DEL05-MG"
576764;2024-01-24;"quarta-feira";"09:00:00";"RN";304;295;"MACAIBA";"Reação tardia ou ineficiente do condutor";"Colisão traseira";"Sem Vítimas";"Pleno dia";"Decrescente";"Céu Claro";"Dupla";"Não Informado";"Sim";2;0;0;0;2;0;0;2;-5,86605927;-35,35822096;"SPRF-RN";"DEL01-RN";"UOP02-DEL01-RN"
576765;2024-01-24;"quarta-feira";"08:00:00";"RS";392;67;"PELOTAS";"Acessar a via sem observar a presença dos outros veículos";"Colisão transversal";"Com Vítimas Feridas";"Pleno dia";"Crescente";"Céu Claro";"Dupla";"Não Informado";"Sim";2;0;0;1;1;0;1;2;-31,75685309;-52,40060091;"SPRF-RS";"DEL07-RS";"UOP01-DEL07-RS"