"id";"data_inversa";"dia_semana";"horario";"uf";"br";"km";"municipio";"causa_acidente";"tipo_acidente";"classificacao_acidente";"fase_dia";"sentido_via";"condicao_metereologica";"tipo_pista";"tracado_via";"uso_solo";"pessoas";"mortos";"feridos_leves";"feridos_graves";"ilesos";"ignorados";"feridos";"veiculos";"latitude";"longitude";"regional";"delegacia";"uop"
576767;2024-01-24;"quarta-feira";"05:30:00";"RJ";101;388;"RIO DE JANEIRO";"Reação tardia ou ineficiente do condutor";"Colisão traseira";"Com Vítimas Feridas";"Amanhecer";"Crescente";"Nublado";"Dupla";"Reta";"Sim";3;0;2;1;0;0;3;2;-22,88810094;-43,65827302;"SPRF-RJ";"DEL03-RJ";"UOP01-DEL03-RJ"
576768;2024-01-24;"quarta-feira";"07:20:00";"MG";40;517;"RIBEIRAO DAS NEVES";"Desrespeitar a preferência no cruzamento";"Colisão transversal";"Sem Vítimas";"Pleno dia";"Crescente";"Nublado";"Dupla";"Reta";"Sim";2;0;0;0;1;1;0;2;-19,82351202;-44,08438913;"SPRF-MG";"DEL01-MG";"UOP02-DEL01-MG"
576769;2024-01-24;"quarta-feira";"08:30:00";"ES";101;270;"SERRA";"Acessar a via sem observar a presença dos outros veículos";"Tombamento";"Com Vítimas Feridas";"Pleno dia";"Decrescente";"Garoa/Chuvisco";"Dupla";"Reta";"Não";1;0;1;0;0;0;1;1;-20,22662056;-40,27075088;"SPRF-ES";"DEL02-ES";"UOP01-DEL02-ES"
576770;2024-01-24;"quarta-feira";"09:15:00";"RS";116;243;"SAO LEOPOLDO";"Condutor deixou de manter distância do veículo da frente";"Colisão traseira";"Sem Vítimas";"Pleno dia";"Decrescente";"Sol";"Dupla";"Não Informado";"Sim";2;0;0;0;2;0;0;2;-29,73196199;-51,14952004;"SPRF-RS";"DEL01-RS";"UOP02-DEL01-RS"
576771;2024-01-24;"quarta-feira";"09:14:00";"MG";381;478,2;"CONTAGEM";"Velocidade Incompatível";"Colisão traseira";"Com Vítimas Feridas";"Pleno dia";"Crescente";"Céu Claro";"Múltipla";"Não Informado";"Sim";2;0;1;0;1;0;1;2;-19,9619571;-44,03914;"SPRF-MG";"DEL01-MG";"UOP03-DEL01-MG"
576772;2024-01-24;"quarta-feira";"08:50:00";"PE";232;140,4;"SAO CAITANO";"Reação tardia ou ineficiente do condutor";"Colisão traseira";"Com Vítimas Feridas";"Pleno dia";"Crescente";"Sol";"Dupla";"Curva";"Não";4;0;2;0;0;2;2;3;-8,32046632;-36,07694496;"SPRF-PE";"DEL03-PE";"UOP02-DEL03-PE"
576774;2024-01-24;"quarta-feira";"08:30:00";"RJ";116;306;"RESENDE";"Ausência de reação do condutor";"Colisão traseira";"Com Vítimas Feridas";"Pleno dia";"Decrescente";"Nublado";"Dupla";"Não Informado";"Não";4;0;2;0;2;0;2;2;-22,45645538;-44,40259093;"SPRF-RJ";"DEL07-RJ";"UOP02-DEL07-RJ"
576775;2024-01-24;"quarta-feira";"08:35:00";"MS";163;535,2;"BANDEIRANTES";"Ausência de reação do condutor";"Saída de leito carroçável";"Com Vítimas Feridas";"Pleno dia";"Decrescente";"Céu Claro";"Dupla";"Reta";"Não";1;0;1;0;0;0;1;1;-20,03329908;-54,40952083;"SPRF-MS";"DEL01-MS";"UOP02-DEL01-MS"
576776;2024-01-24;"quarta-feira";"08:43:00";"RO";435;87;"COLORADO DO OESTE";"Reação tardia ou ineficiente do condutor";"Colisão lateral mesmo sentido";"Com Vítimas Feridas";"Pleno dia";"Decrescente";"Céu Claro";"Simples";"Não Informado";"Sim";2;0;1;0;1;0;1;2;-13,12026846;-60,54055407;"SPRF-RO";"DEL04-RO";"UOP02-DEL04-RO"
576779;2024-01-12;"sexta-feira";"21:30:00";"RJ";NA;NA;"RIO DE JANEIRO";"Condutor deixou de manter distância do veículo da frente";"Colisão traseira";"Sem Vítimas";"Plena Noite";"Não Informado";"Chuva";"Múltipla";"Não Informado";"Não";2;0;0;0;2;0;0;2;-22,81543725;-43,30073476;"SPRF-RJ";"DEL06-RJ";"UOP01-DEL06-RJ"
576781;2024-01-24;"quarta-feira";"09:00:00";"SC";101;371;"ICARA";"Reação tardia ou ineficiente do condutor";"Colisão com objeto";"Com Vítimas Fatais";"Pleno dia";"Decrescente";"Céu Claro";"Dupla";"Reta";"Sim";2;1;1;0;0;0;1;1;-28,71163;-49,21395;"SPRF-SC";"DEL02-SC";"UOP01-DEL02-SC"
576782;2024-01-24;"quarta-feira";"09:30:00";"GO";60;240;"INDIARA";"Acumulo de água sobre o pavimento";"Colisão com objeto";"Com Vítimas Feridas";"Pleno dia";"Crescente";"Chuva";"Dupla";"Desvio Temporário";"Não";1;0;1;0;0;0;1;1;-17,098;-49,8729;"SPRF-GO";"DEL01-GO";"UOP02-DEL01-GO"
576784;2024-01-24;"quarta-feira";"10:17:00";"MG";381;510;"SAO JOAQUIM DE BICAS";"Transitar na contramão";"Colisão transversal";"Com Vítimas Feridas";"Pleno dia";"Crescente";"Nublado";"Múltipla";"Não Informado";"Sim";2;0;1;0;1;0;1;2;-20,07738209;-44,30434488;"SPRF-MG";"DEL01-MG";"UOP03-DEL01-MG"
576785;2024-01-24;"quarta-feira";"09:29:00";"SC";101;436,8;"SOMBRIO";"Pedestre cruzava a pista fora da faixa";"Atropelamento de Pedestre";"Com Vítimas Fatais";"Pleno dia";"Crescente";"Garoa/Chuvisco";"Dupla";"Não Informado";"Não";3;1;0;0;2;0;0;2;-29,121356;-49,643096;"SPRF-SC";"DEL02-SC";"UOP02-DEL02-SC"
576788;2024-01-24;"quarta-feira";"11:25:00";"SP";116;227;"SAO PAULO";"Trafegar com motocicleta (ou similar) entre as faixas";"Tombamento";"Com Vítimas Feridas";"Pleno dia";"Crescente";"Céu Claro";"Múltipla";"Reta";"Sim";1;0;0;1;0;0;1;1;-23,49659264;-46,55648754;"SPRF-SP";"DEL01-SP";"UOP01-DEL01-SP"
576789;2024-01-24;"quarta-feira";"11:10:00";"SP";153;61,8;"SAO JOSE DO RIO PRETO";"Condutor deixou de manter distância do veículo da frente";"Colisão traseira";"Com Vítimas Feridas";"Pleno dia";"Crescente";"Sol";"Dupla";"Não Informado";"Não";3;0;1;0;2;0;1;3;-20,80502876;-49,35574909;"SPRF-SP";"DEL09-SP";"UOP01-DEL09-SP"
576792;2024-01-24;"quarta-feira";"09:40:00";"MG";116;349;"JAMPRUCA";"Reação tardia ou ineficiente do condutor";"Colisão frontal";"Com Vítimas Feridas";"Pleno dia";"Crescente";"Chuva";"Simples";"Reta";"Não";7;0;6;0;0;1;6;4;-18,3854254;-41,80337796;"SPRF-MG";"DEL11-MG";"UOP01-DEL11-MG"
576793;2024-01-24;"quarta-feira";"11:08:00";"MG";459;15,8;"CALDAS";"Animais na Pista";"Atropelamento de Animal";"Com Vítimas Feridas";"Pleno dia";"Crescente";"Céu Claro";"Simples";"Curva";"Não";1;0;0;1;0;0;1;1;-21,838104;-46,443806;"SPRF-MG";"DEL09-MG";"UOP01-DEL09-MG"
576796;2024-01-24;"quarta-feira";"09:10:00";"AL";316;256;"PILAR";"Acessar a via sem observar a presença dos outros veículos";"Colisão transversal";"Com Vítimas Feridas";"Pleno dia";"Crescente";"Céu Claro";"Simples";"Interseção de vias";"Sim";3;0;1;0;2;0;1;2;-9,59089056;-35,93939066;"SPRF-AL";"DEL02-AL";"UOP01-DEL02-AL"
576797;2024-01-24;"quarta-feira";"12:00:00";"SP";488;1;"APARECIDA";"Ausência de reação do condutor";"Colisão traseira";"Com Vítimas Feridas";"Pleno dia";"Decrescente";"Céu Claro";"Dupla";"Reta";"Sim";3;0;2;0;1;0;2;2;-22,850164;-45,231808;"SPRF-SP";"DEL08-SP";"UOP01-DEL08-SP"
576798;2024-01-24;"quarta-feira";"10:32:00";"SP";116;509;"CAJATI";"Reação tardia ou ineficiente do condutor";"Saída de leito carroçável";"Com Vítimas Feridas";"Pleno dia";"Decrescente";"Nublado";"Dupla";"Curva";"Não";2;0;1;0;1;0;1;1;-24,82178987;-48,21419034;"SPRF-SP";"DEL05-SP";"UOP02-DEL05-SP"
576800;2024-01-24;"quarta-feira";"12:20:00";"PE";101;57,4;"RECIFE";"Manobra de mudança de faixa";"Colisão lateral mesmo sentido";"Com Vítimas Feridas";"Pleno dia";"Decrescente";"Céu Claro";"Dupla";"Não Informado";"Sim";3;0;1;1;0;1;2;2;-7,966446;-34,917809;"SPRF-PE";"DEL01-PE";"UOP02-DEL01-PE"
576802;2024-01-24;"quarta-feira";"05:25:00";"MG";40;203,8;"JOAO PINHEIRO";"Acumulo de água sobre o pavimento";"Colisão com objeto";"Com Vítimas Fatais";"Amanhecer";"Decrescente";"Chuva";"Simples";"Não Informado";"Não";5;1;3;0;1;0;3;1;-17,99232915;-45,79149287;"SPRF-MG";"DEL14-MG";"UOP02-DEL14-MG"
576804;2024-01-24;"quarta-feira";"12:20:00";"BA";324;626,2;"SALVADOR";"Avarias e/ou desgaste excessivo no pneu";"Queda de ocupante de veículo";"Com Vítimas Feridas";"Pleno dia";"Crescente";"Sol";"Dupla";"Reta";"Não";1;0;1;0;0;0;1;1;-12,95020997;-38,47073108;"SPRF-BA";"DEL01-BA";"UOP01-DEL01-BA"
576805;2024-01-24;"quarta-feira";"12:50:00";"MG";50;78,6;"UBERLANDIA";"Ausência de reação do condutor";"Colisão traseira";"Com Vítimas Feridas";"Pleno dia";"Crescente";"Céu Claro";"Dupla";"Reta";"Não";2;0;1;0;1;0;1;2;-18,986906;-48,211853;"SPRF-MG";"DEL15-MG";"UOP01-DEL15-MG"
576806;2024-01-24;"quarta-feira";"09:30:00";"SC";280;139,9;"RIO NEGRINHO";"Velocidade Incompatível";"Saída de leito carroçável";"Com Vítimas Feridas";"Pleno dia";"Crescente";"Garoa/Chuvisco";"Simples";"Reta";"Não";2;0;2;0;0;0;2;1;-26,254826;-49,603124;"SPRF-SC";"DEL06-SC";"UOP03-DEL06-SC"
576807;2024-01-24;"quarta-feira";"12:30:00";"MG";40;525;"CONTAGEM";"Ausência de reação do condutor";"Queda de ocupante de veículo";"Com Vítimas Feridas";"Pleno dia";"Crescente";"Céu Claro";"Dupla";"Reta";"Sim";1;0;1;0;0;0;1;1;-19,88361702;-44,05039336;"SPRF-MG";"DEL01-MG";"UOP02-DEL01-MG"
576808;2024-01-24;"quarta-feira";"10:15:00";"GO";60;199,1;"GUAPO";"Acumulo de água sobre o pavimento";"Saída de leito carroçável";"Sem Vítimas";"Pleno dia";"Decrescente";"Chuva";"Dupla";"Reta";"Não";1;0;0;0;0;1;0;1;-16,88309242;-49,6188516;"SPRF-GO";"DEL01-GO";"UOP02-DEL01-GO"
576809;2024-01-24;"quarta-feira";"11:45:00";"MG";251;282;"SALINAS";"Ausência de reação do condutor";"Saída de leito carroçável";"Com Vítimas Feridas";"Pleno dia";"Crescente";"Nublado";"Simples";"Reta";"Não";4;0;0;1;3;0;1;1;-16,03732509;-42,12659895;"SPRF-MG";"DEL12-MG";"UOP02-DEL12-MG"
576810;2024-01-24;"quarta-feira";"10:00:00";"MG";262;612,1;"IBIA";"Condutor Dormindo";"Saída de leito carroçável";"Com Vítimas Feridas";"Pleno dia";"Crescente";"Nublado";"Simples";"Curva";"Não";1;0;1;0;0;0;1;1;-19,5883;-46,321499;"SPRF-MG";"DEL08-MG";"UOP02-DEL08-MG"
576811;2024-01-24;"quarta-feira";"13:27:00";"ES";101;119;"SOORETAMA";"Ausência de reação do condutor";"Tombamento";"Com Vítimas Feridas";"Pleno dia";"Crescente";"Garoa/Chuvisco";"Simples";"Não Informado";"Não";1;0;1;0;0;0;1;1;-19,13567283;-40,07109336;"SPRF-ES";"DEL04-ES";"UOP01-DEL04-ES"
576812;2024-01-24;"quarta-feira";"13:45:00";"SP";116;214;"GUARULHOS";"Reação tardia ou ineficiente do condutor";"Colisão traseira";"Com Vítimas Feridas";"Pleno dia";"Crescente";"Nublado";"Múltipla";"Reta";"Sim";2;0;1;0;1;0;1;2;-23,44333014;-46,44531294;"SPRF-SP";"DEL01-SP";"UOP01-DEL01-SP"
576813;2024-01-24;"quarta-feira";"09:40:00";"RS";101;30,5;"TRES CACHOEIRAS";"Ingestão de álcool pelo condutor";"Saída de leito carroçável";"Sem Vítimas";"Pleno dia";"Decrescente";"Nublado";"Dupla";"Curva";"Não";1;0;0;0;1;0;0;1;-29,485745;-49,973734;"SPRF-RS";"DEL03-RS";"UOP02-DEL03-RS"
576815;2024-01-24;"quarta-feira";"11:40:00";"RO";364;343;"JI-PARANA";"Reação tardia ou ineficiente do condutor";"Colisão traseira";"Com Vítimas Feridas";"Pleno dia";"Crescente";"Nublado";"Dupla";"Reta";"Sim";2;0;1;0;1;0;1;2;-10,87878519;-61,94499012;"SPRF-RO";"DEL02-RO";"UOP01-DEL02-RO"
576819;2024-01-24;"quarta-feira";"13:23:00";"RS";392;59;"RIO GRANDE";"Reação tardia ou ineficiente do condutor";"Colisão com objeto";"Sem Vítimas";"Pleno dia";"Decrescente";"Chuva";"Dupla";"Não Informado";"Não";1;0;0;0;1;0;0;1;-31,79841635;-52,33697925;"SPRF-RS";"DEL07-RS";"UOP02-DEL07-RS"
576820;2024-01-24;"quarta-feira";"12:00:00";"TO";153;497,5;"PARAISO DO TOCANTINS";"Acessar a via sem observar a presença dos outros veículos";"Colisão lateral sentido oposto";"Com Vítimas Feridas";"Pleno dia";"Crescente";"Céu Claro";"Simples";"Não Informado";"Não";2;0;1;0;1;0;1;2;-10,17907011;-48,88066828;"SPRF-TO";"DEL01-TO";"UOP01-DEL01-TO"
576824;2024-01-24;"quarta-feira";"13:45:00";"PE";428;191;"PETROLINA";"Condutor deixou de manter distância do veículo da frente";"Colisão traseira";"Sem Vítimas";"Pleno dia";"Decrescente";"Céu Claro";"Simples";"Reta";"Sim";2;0;0;0;2;0;0;2;-9,37766429;-40,50269795;"SPRF-PE";"DEL06-PE";"UOP01-DEL06-PE"
576825;2024-01-24;"quarta-feira";"14:15:00";"MG";40;757,1;"EWBANK DA CAMARA";"Velocidade Incompatível";"Saída de leito carroçável";"Com Vítimas Feridas";"Pleno dia";"Decrescente";"Chuva";"Simples";"Curva";"Não";3;0;1;0;2;0;1;1;-21,50323045;-43,53179519;"SPRF-MG";"DEL05-MG";"UOP01-DEL05-MG"
576828;2024-01-24;"quarta-feira";"11:00:00";"PR";376;657;"TIJUCAS DO SUL";"Ausência de reação do condutor";"Saída de leito carroçável";"Com Vítimas Feridas";"Pleno dia";"Crescente";"Garoa/Chuvisco";"Dupla";"Curva";"Não";4;0;4;0;0;0;4;1;-25,85232468;-49,03032776;"SPRF-PR";"DEL01-PR";"UOP04-DEL01-PR"
576829;2024-01-24;"quarta-feira";"13:40:00";"PR";153;462,6;"PORTO VITORIA";"Acessar a via sem observar a presença dos outros veículos";"Colisão transversal";"Com Vítimas Feridas";"Pleno dia";"Crescente";"Chuva";"Simples";"Não Informado";"Não";4;0;0;1;2;1;1;3;-26,25100541;-51,16238889;"SPRF-PR";"DEL02-PR";"UOP03-DEL02-PR"
576830;2024-01-24;"quarta-feira";"14:30:00";"PB";230;117,3;"INGA";"Ausência de reação do condutor";"Colisão com objeto";"Com Vítimas Feridas";"Pleno dia";"Decrescente";"Sol";"Dupla";"Não Informado";"Não";2;0;1;0;1;0;1;2;-7,241158;-35,622272;"SPRF-PB";"DEL02-PB";"UOP01-DEL02-PB"
576831;2024-01-24;"quarta-feira";"14:00:00";"SP";116;398;"MIRACATU";"Acumulo de água sobre o pavimento";"Saída de leito carroçável";"Com Vítimas Feridas";"Pleno dia";"Decrescente";"Chuva";"Dupla";"Reta";"Não";2;0;2;0;0;0;2;1;-24,30085222;-47,48456072;"SPRF-SP";"DEL04-SP";"UOP02-DEL04-SP"
576833;2024-01-24;"quarta-feira";"14:15:00";"RJ";101;452,2;"MANGARATIBA";"Ausência de reação do condutor";"Colisão com objeto";"Com Vítimas Fatais";"Pleno dia";"Crescente";"Nublado";"Simples";"Não Informado";"Não";1;1;0;0;0;0;0;1;-23,03179764;-44,13196391;"SPRF-RJ";"DEL03-RJ";"UOP02-DEL03-RJ"
576834;2024-01-24;"quarta-feira";"15:00:00";"SP";116;283,5;"EMBU DAS ARTES";"Acessar a via sem observar a presença dos outros veículos";"Colisão transversal";"Com Vítimas Feridas";"Pleno dia";"Crescente";"Nublado";"Dupla";"Reta";"Sim";2;0;2;0;0;0;2;2;-23,69297005;-46,86352786;"SPRF-SP";"DEL04-SP";"UOP01-DEL04-SP"
576835;2024-01-24;"quarta-feira";"07:40:00";"MG";116;416;"GOVERNADOR VALADARES";"Acessar a via sem observar a presença dos outros veículos";"Colisão transversal";"Com Vítimas Feridas";"Pleno dia";"Crescente";"Nublado";"Simples";"Reta";"Sim";3;0;1;0;1;1;1;3;-18,89215187;-41,94699543;"SPRF-MG";"DEL06-MG";"UOP01-DEL06-MG"
576836;2024-01-24;"quarta-feira";"15:45:00";"SE";235;0;"ARACAJU";"Manobra de mudança de faixa";"Colisão lateral mesmo sentido";"Com Vítimas Feridas";"Pleno dia";"Crescente";"Nublado";"Dupla";"Curva";"Sim";2;0;1;0;1;0;1;2;-10,9087;-37,0855;"SPRF-SE";"DEL01-SE";"UOP01-DEL01-SE"
576838;2024-01-24;"quarta-feira";"16:00:00";"SC";101;289;"IMBITUBA";"Reação tardia ou ineficiente do condutor";"Colisão traseira";"Sem Vítimas";"Pleno dia";"Crescente";"Chuva";"Múltipla";"Não Informado";"Não";2;0;0;0;2;0;0;2;-28,27974902;-48,70121777;"SPRF-SC";"DEL02-SC";"UOP03-DEL02-SC"
576839;2024-01-24;"quarta-feira";"16:15:00";"SC";101;175;"BIGUACU";"Pista Escorregadia";"Saída de leito carroçável";"Com Vítimas Feridas";"Pleno dia";"Decrescente";"Céu Claro";"Dupla";"Curva";"Não";4;0;2;0;2;0;2;1;-27,33963303;-48,62734885;"SPRF-SC";"DEL01-SC";"UOP01-DEL01-SC"
576842;2024-01-24;"quarta-feira";"15:00:00";"RJ";101;318;"SAO GONCALO";"Manobra de mudança de faixa";"Colisão lateral sentido oposto";"Com Vítimas Feridas";"Pleno dia";"Decrescente";"Chuva";"Dupla";"Reta";"Não";2;0;1;0;1;0;1;2;-22,84562994;-43,09841211;"SPRF-RJ";"DEL02-RJ";"UOP02-DEL02-RJ"
576845;2024-01-24;"quarta-feira";"16:20:00";"RS";290;94,9;"PORTO ALEGRE";"Demais falhas mecânicas ou elétricas";"Colisão traseira";"Com Vítimas Feridas";"Pleno dia";"Crescente";"Nublado";"Múltipla";"Reta";"Não";4;0;3;1;0;0;4;2;-29,973856;-51,197853;"SPRF-RS";"DEL01-RS";"UOP01-DEL01-RS"
576846;2024-01-24;"quarta-feira";"16:15:00";"SP";116;476,5;"JACUPIRANGA";"Ultrapassagem Indevida";"Colisão lateral mesmo sentido";"Com Vítimas Feridas";"Pleno dia";"Decrescente";"Chuva";"Simples";"Reta";"Sim";2;0;1;0;1;0;1;2;-24,6928255;-47,99567352;"SPRF-SP";"DEL05-SP";"UOP01-DEL05-SP"
576847;2024-01-24;"quarta-feira";"12:30:00";"SC";101;437;"SOMBRIO";"Avarias e/ou desgaste excessivo no pneu";"Saída de leito carroçável";"Com Vítimas Feridas";"Pleno dia";"Crescente";"Garoa/Chuvisco";"Dupla";"Não Informado";"Não";2;0;2;0;0;0;2;1;-29,122587;-49,64502;"SPRF-SC";"DEL02-SC";"UOP02-DEL02-SC"
576850;2024-01-24;"quarta-feira";"12:30:00";"MG";365;305,7;"JOAO PINHEIRO";"Acumulo de água sobre o pavimento";"Saída de leito carroçável";"Com Vítimas Feridas";"Pleno dia";"Decrescente";"Chuva";"Simples";"Reta";"Não";5;0;3;1;1;0;4;1;-18,17906961;-45,80321109;"SPRF-MG";"DEL10-MG";"UOP01-DEL10-MG"
576851;2024-01-24;"quarta-feira";"15:05:00";"RS";116;150,4;"CAXIAS DO SUL";"Pedestre cruzava a pista fora da faixa";"Atropelamento de Pedestre";"Com Vítimas Feridas";"Pleno dia";"Decrescente";"Chuva";"Múltipla";"Reta";"Sim";3;0;2;0;0;1;2;2;-29,168428;-51,158337;"SPRF-RS";"DEL05-RS";"UOP01-DEL05-RS"
576852;2024-01-24;"quarta-feira";"15:10:00";"BA";101;647;"BELMONTE";"Condutor Dormindo";"Colisão com objeto";"Com Vítimas Feridas";"Pleno dia";"Crescente";"Nublado";"Simples";"Não Informado";"Não";3;0;3;0;0;0;3;1;-15,847465;-39,521933;"SPRF-BA";"DEL05-BA";"UOP02-DEL05-BA"
576853;2024-01-24;"quarta-feira";"17:00:00";"MG";116;628,5;"ORIZANIA";"Chuva";"Queda de ocupante de veículo";"Com Vítimas Feridas";"Pleno dia";"Crescente";"Chuva";"Simples";"Reta";"Não";2;0;2;0;0;0;2;1;-20,56556999;-42,20675484;"SPRF-MG";"DEL07-MG";"UOP02-DEL07-MG"
576855;2024-01-22;"segunda-feira";"06:40:00";"PE";407;124;"PETROLINA";"Entrada inopinada do pedestre";"Colisão traseira";"Com Vítimas Feridas";"Pleno dia";"Decrescente";"Céu Claro";"Dupla";"Rotatória";"Sim";2;0;1;0;1;0;1;2;-9,36929881;-40,54137139;"SPRF-PE";"DEL06-PE";"UOP01-DEL06-PE"
576856;2024-01-24;"quarta-feira";"17:30:00";"MG";381;874;"POUSO ALEGRE";"Chuva";"Saída de leito carroçável";"Com Vítimas Feridas";"Pleno dia";"Crescente";"Chuva";"Dupla";"Reta";"Não";1;0;1;0;0;0;1;1;-22,450796;-46,000139;"SPRF-MG";"DEL16-MG";"UOP01-DEL16-MG"
576858;2024-01-24;"quarta-feira";"17:10:00";"MG";40;532;"BELO HORIZONTE";"Ausência de reação do condutor";"Colisão traseira";"Com Vítimas Feridas";"Pleno dia";"Crescente";"Nublado";"Dupla";"Não Informado";"Sim";3;0;2;0;1;0;2;2;-19,92372561;-44,01700789;"SPRF-MG";"DEL01-MG";"UOP02-DEL01-MG"
576859;2024-01-24;"quarta-feira";"17:10:00";"GO";153;345,9;"JARAGUA";"Demais falhas mecânicas ou elétricas";"Queda de ocupante de veículo";"Com Vítimas Feridas";"Pleno dia";"Decrescente";"Nublado";"Simples";"Reta";"Não";1;0;1;0;0;0;1;1;-15,631001;-49,380325;"SPRF-GO";"DEL02-GO";"UOP02-DEL02-GO"
576860;2024-01-24;"quarta-feira";"17:50:00";"GO";40;12;"LUZIANIA";"Pedestre cruzava a pista fora da faixa";"Atropelamento de Pedestre";"Com Vítimas Feridas";"Pleno dia";"Decrescente";"Nublado";"Dupla";"Reta";"Sim";2;0;1;1;0;0;2;2;-16,145123;-47,945382;"SPRF-DF";"DEL01-DF";"UOP01-DEL01-DF"
576864;2024-01-24;"quarta-feira";"18:45:00";"SC";101;202;"SAO JOSE";"Acessar a via sem observar a presença dos outros veículos";"Colisão lateral mesmo sentido";"Com Vítimas Feridas";"Anoitecer";"Decrescente";"Céu Claro";"Múltipla";"Reta";"Sim";2;0;1;0;1;0;1;2;-27,55711595;-48,61897889;"SPRF-SC";"DEL01-SC";"UOP01-DEL01-SC"
576866;2024-01-24;"quarta-feira";"18:00:00";"RS";293;31;"MORRO REDONDO";"Desrespeitar a preferência no cruzamento";"Colisão transversal";"Com Vítimas Feridas";"Pleno dia";"Crescente";"Céu Claro";"Simples";"Interseção de vias";"Não";6;0;3;0;3;0;3;2;-31,72946105;-52,63335899;"SPRF-RS";"DEL07-RS";"UOP01-DEL07-RS"
576868;2024-01-24;"quarta-feira";"18:00:00";"PE";232;146;"SAO CAITANO";"Ingestão de álcool pelo condutor";"Colisão traseira";"Com Vítimas Feridas";"Plena Noite";"Decrescente";"Nublado";"Dupla";"Reta";"Sim";2;0;0;1;1;0;1;2;-8,33218974;-36,12904312;"SPRF-PE";"DEL03-PE";"UOP02-DEL03-PE"
576871;2024-01-24;"quarta-feira";"19:30:00";"SP";116;215;"GUARULHOS";"Reação tardia ou ineficiente do condutor";"Colisão traseira";"Com Vítimas Feridas";"Plena Noite";"Decrescente";"Nublado";"Múltipla";"Não Informado";"Sim";2;0;1;0;1;0;1;2;-23,44695693;-46,45394103;"SPRF-SP";"DEL01-SP";"UOP01-DEL01-SP"
576872;2024-01-24;"quarta-feira";"18:30:00";"MG";381;482,1;"BETIM";"Velocidade Incompatível";"Colisão traseira";"Com Vítimas Feridas";"Plena Noite";"Crescente";"Nublado";"Múltipla";"Reta";"Sim";2;0;1;0;1;0;1;2;-19,9589226;-44,0717616;"SPRF-MG";"DEL01-MG";"UOP03-DEL01-MG"
576873;2024-01-24;"quarta-feira";"18:00:00";"PR";277;108;"CAMPO LARGO";"Pedestre cruzava a pista fora da faixa";"Atropelamento de Pedestre";"Com Vítimas Feridas";"Anoitecer";"Crescente";"Céu Claro";"Dupla";"Reta";"Não";2;0;0;2;0;0;2;2;-25,435065;-49,440644;"SPRF-PR";"DEL03-PR";"UOP03-DEL03-PR"
576874;2024-01-08;"segunda-feira";"08:30:00";"MA";10;269;"IMPERATRIZ";"Demais falhas na via";"Saída de leito carroçável";"Com Vítimas Feridas";"Pleno dia";"Decrescente";"Céu Claro";"Simples";"Reta";"Não";2;0;2;0;0;0;2;1;-5,382404;-47,476055;"SPRF-MA";"DEL04-MA";"UOP01-DEL04-MA"
576875;2024-01-24;"quarta-feira";"18:55:00";"PR";369;57,7;"BANDEIRANTES";"Reação tardia ou ineficiente do condutor";"Colisão traseira";"Com Vítimas Feridas";"Anoitecer";"Crescente";"Nublado";"Simples";"Reta";"Sim";2;0;0;1;1;0;1;2;-23,11938105;-50,37727654;"SPRF-PR";"DEL07-PR";"UOP05-DEL07-PR"
576876;2024-01-24;"quarta-feira";"19:00:00";"RS";290;721;"URUGUAIANA";"Ausência de reação do condutor";"Colisão traseira";"Com Vítimas Feridas";"Pleno dia";"Decrescente";"Céu Claro";"Dupla";"Não Informado";"Sim";4;0;1;0;3;0;1;2;-29,76077922;-57,05978036;"SPRF-RS";"DEL13-RS";"UOP01-DEL13-RS"
576877;2024-01-24;"quarta-feira";"17:50:00";"AC";364;115;"RIO BRANCO";"Animais na Pista";"Queda de ocupante de veículo";"Com Vítimas Feridas";"Anoitecer";"Decrescente";"Nublado";"Simples";"Reta";"Não";2;0;2;0;0;0;2;1;-10,01315317;-67,7102;"SPRF-AC";"DEL01-AC";"UOP01-DEL01-AC"
576878;2024-01-24;"quarta-feira";"19:30:00";"PR";376;180;"PONTA GROSSA";"Acessar a via sem observar a presença dos outros veículos";"Colisão lateral mesmo sentido";"Com Vítimas Feridas";"Plena Noite";"Crescente";"Ignorado";"Simples";"Reta";"Sim";2;0;1;0;1;0;1;2;-25,04162912;-50,24118125;"SPRF-PR";"DEL09-PR";"UOP01-DEL09-PR"
576882;2024-01-24;"quarta-feira";"16:00:00";"RS";290;143;"ELDORADO DO SUL";"Ausência de reação do condutor";"Saída de leito carroçável";"Com Vítimas Feridas";"Pleno dia";"Crescente";"Chuva";"Simples";"Reta";"Sim";1;0;1;0;0;0;1;1;-30,093309;-51,637798;"SPRF-RS";"DEL02-RS";"UOP01-DEL02-RS"
576883;2024-01-24;"quarta-feira";"20:10:00";"RS";285;292;"PASSO FUNDO";"Acessar a via sem observar a presença dos outros veículos";"Colisão transversal";"Com Vítimas Feridas";"Plena Noite";"Crescente";"Céu Claro";"Dupla";"Não Informado";"Sim";3;0;1;0;2;0;1;2;-28,239017;-52,365276;"SPRF-RS";"DEL08-RS";"UOP03-DEL08-RS"
576885;2024-01-24;"quarta-feira";"20:00:00";"MA";316;512;"CODO";"Animais na Pista";"Atropelamento de Animal";"Com Vítimas Feridas";"Plena Noite";"Crescente";"Céu Claro";"Simples";"Reta";"Não";1;0;1;0;0;0;1;1;-4,75043;-43,664165;"SPRF-MA";"DEL03-MA";"UOP02-DEL03-MA"