"id";"data_inversa";"dia_semana";"horario";"uf";"br";"km";"municipio";"causa_acidente";"tipo_acidente";"classificacao_acidente";"fase_dia";"sentido_via";"condicao_metereologica";"tipo_pista";"tracado_via";"uso_solo";"pessoas";"mortos";"feridos_leves";"feridos_graves";"ilesos";"ignorados";"feridos";"veiculos";"latitude";"longitude";"regional";"delegacia";"uop"
576887;2024-01-24;"quarta-feira";"17:50:00";"BA";324;612;"SIMOES FILHO";"Frear bruscamente";"Queda de ocupante de veículo";"Com Vítimas Feridas";"Anoitecer";"Crescente";"Céu Claro";"Dupla";"Reta";"Sim";1;0;1;0;0;0;1;1;-12,84664721;-38,41741648;"SPRF-BA";"DEL01-BA";"UOP01-DEL01-BA"
576888;2024-01-24;"quarta-feira";"18:52:00";"RO";364;84;"VILHENA";"Velocidade Incompatível";"Saída de leito carroçável";"Com Vítimas Feridas";"Anoitecer";"Crescente";"Chuva";"Simples";"Curva";"Não";2;0;1;0;1;0;1;1;-12,41146228;-60,60665927;"SPRF-RO";"DEL04-RO";"UOP01-DEL04-RO"
576890;2024-01-24;"quarta-feira";"21:45:00";"RN";101;99;"NATAL";"Manobra de mudança de faixa";"Colisão lateral mesmo sentido";"Com Vítimas Feridas";"Plena Noite";"Crescente";"Céu Claro";"Simples";"Reta";"Sim";2;0;1;0;1;0;1;2;-5,87359183;-35,22063023;"SPRF-RN";"DEL01-RN";"UOP01-DEL01-RN"
576892;2024-01-24;"quarta-feira";"21:50:00";"GO";60;388;"RIO VERDE";"Conversão proibida";"Queda de ocupante de veículo";"Com Vítimas Feridas";"Plena Noite";"Crescente";"Nublado";"Simples";"Reta";"Sim";2;0;1;0;0;1;1;2;-17,8151;-50,9343;"SPRF-GO";"DEL04-GO";"UOP02-DEL04-GO"
576893;2024-01-24;"quarta-feira";"20:00:00";"AL";101;188,5;"JUNQUEIRO";"Ingestão de álcool pelo condutor";"Colisão lateral sentido oposto";"Com Vítimas Feridas";"Plena Noite";"Crescente";"Céu Claro";"Simples";"Reta";"Sim";2;0;0;1;1;0;1;2;-9,90809784;-36,46933335;"SPRF-AL";"DEL02-AL";"UOP02-DEL02-AL"
576894;2024-01-24;"quarta-feira";"20:00:00";"DF";20;24;"BRASILIA";"Velocidade Incompatível";"Saída de leito carroçável";"Com Vítimas Feridas";"Plena Noite";"Crescente";"Chuva";"Dupla";"Reta";"Sim";3;0;1;1;1;0;2;1;-15,59459995;-47,65838027;"SPRF-DF";"DEL02-DF";"UOP01-DEL02-DF"
576895;2024-01-24;"quarta-feira";"20:00:00";"PR";369;110,8;"URAI";"Sistema de drenagem ineficiente";"Saída de leito carroçável";"Com Vítimas Fatais";"Plena Noite";"Crescente";"Chuva";"Dupla";"Curva";"Não";3;1;0;2;0;0;2;1;-23,272251;-50,813965;"SPRF-PR";"DEL07-PR";"UOP05-DEL07-PR"
576899;2024-01-24;"quarta-feira";"19:00:00";"GO";70;5;"AGUAS LINDAS DE GOIAS";"Reação tardia ou ineficiente do condutor";"Colisão traseira";"Com Vítimas Feridas";"Plena Noite";"Crescente";"Chuva";"Múltipla";"Reta";"Sim";3;0;1;1;1;0;2;2;-15,75683677;-48,25464732;"SPRF-DF";"DEL03-DF";"UOP02-DEL03-DF"
576901;2024-01-24;"quarta-feira";"18:20:00";"MT";364;270,8;"JACIARA";"Ausência de reação do condutor";"Colisão traseira";"Com Vítimas Feridas";"Plena Noite";"Decrescente";"Céu Claro";"Dupla";"Não Informado";"Sim";2;0;0;1;0;1;1;2;-15,9689785;-54,94463002;"SPRF-MT";"DEL05-MT";"UOP02-DEL05-MT"
576903;2024-01-24;"quarta-feira";"23:30:00";"MA";316;514;"CAXIAS";"Animais na Pista";"Atropelamento de Animal";"Com Vítimas Feridas";"Plena Noite";"Crescente";"Nublado";"Simples";"Reta";"Sim";2;0;1;1;0;0;2;1;-4,759171;-43,648354;"SPRF-MA";"DEL03-MA";"UOP02-DEL03-MA"
576904;2024-01-24;"quarta-feira";"20:00:00";"PE";232;182,7;"BELO JARDIM";"Ultrapassagem Indevida";"Colisão frontal";"Com Vítimas Feridas";"Plena Noite";"Crescente";"Céu Claro";"Simples";"Reta";"Não";4;0;1;3;0;0;4;2;-8,34804728;-36,44664994;"SPRF-PE";"DEL03-PE";"UOP02-DEL03-PE"
576906;2024-01-24;"quarta-feira";"23:45:00";"SP";381;0,5;"VARGEM";"Objeto estático sobre o leito carroçável";"Colisão traseira";"Com Vítimas Feridas";"Plena Noite";"Decrescente";"Nublado";"Múltipla";"Curva";"Sim";7;0;2;0;5;0;2;2;-22,878674;-46,372143;"SPRF-SP";"DEL03-SP";"UOP02-DEL03-SP"
576912;2024-01-25;"quinta-feira";"02:10:00";"PB";101;48,3;"RIO TINTO";"Condutor Dormindo";"Colisão traseira";"Com Vítimas Feridas";"Plena Noite";"Decrescente";"Céu Claro";"Dupla";"Reta";"Não";2;0;1;0;1;0;1;2;-6,90679485;-35,11705672;"SPRF-PB";"DEL01-PB";"UOP04-DEL01-PB"
576913;2024-01-25;"quinta-feira";"01:20:00";"MA";316;602,2;"TIMON";"Animais na Pista";"Atropelamento de Animal";"Com Vítimas Feridas";"Plena Noite";"Decrescente";"Nublado";"Simples";"Reta";"Sim";2;0;1;1;0;0;2;1;-5,034047;-42,939167;"SPRF-MA";"DEL03-MA";"UOP02-DEL03-MA"
576914;2024-01-25;"quinta-feira";"00:44:00";"MT";364;286;"JACIARA";"Reação tardia ou ineficiente do condutor";"Saída de leito carroçável";"Sem Vítimas";"Plena Noite";"Decrescente";"Nublado";"Dupla";"Reta";"Não";1;0;0;0;0;1;0;1;-15,90151807;-55,056197;"SPRF-MT";"DEL05-MT";"UOP02-DEL05-MT"
576916;2024-01-25;"quinta-feira";"01:35:00";"MG";365;515,1;"MONTE CARMELO";"Ingestão de álcool pelo condutor";"Queda de ocupante de veículo";"Com Vítimas Feridas";"Plena Noite";"Crescente";"Nevoeiro/Neblina";"Simples";"Reta";"Não";1;0;0;1;0;0;1;1;-18,9145672;-47,35877801;"SPRF-MG";"DEL10-MG";"UOP01-DEL10-MG"
576917;2024-01-25;"quinta-feira";"04:20:00";"PR";369;352;"CAMPO MOURAO";"Demais falhas mecânicas ou elétricas";"Incêndio";"Sem Vítimas";"Plena Noite";"Crescente";"Céu Claro";"Simples";"Reta";"Não";2;0;0;0;2;0;0;1;-24,14142769;-52,45147705;"SPRF-PR";"DEL09-PR";"UOP03-DEL09-PR"
576918;2024-01-25;"quinta-feira";"05:07:00";"SP";116;282;"EMBU DAS ARTES";"Reação tardia ou ineficiente do condutor";"Colisão com objeto";"Com Vítimas Feridas";"Amanhecer";"Crescente";"Céu Claro";"Simples";"Curva";"Sim";2;0;2;0;0;0;2;1;-23,68570216;-46,85970975;"SPRF-SP";"DEL04-SP";"UOP01-DEL04-SP"
576919;2024-01-25;"quinta-feira";"05:45:00";"MG";40;511;"RIBEIRAO DAS NEVES";"Acessar a via sem observar a presença dos outros veículos";"Colisão lateral mesmo sentido";"Com Vítimas Feridas";"Amanhecer";"Crescente";"Céu Claro";"Dupla";"Reta";"Sim";2;0;1;0;1;0;1;2;-19,78164295;-44,11733194;"SPRF-MG";"DEL01-MG";"UOP02-DEL01-MG"
576920;2024-01-24;"quarta-feira";"11:40:00";"PI";230;286;"FLORIANO";"Reação tardia ou ineficiente do condutor";"Saída de leito carroçável";"Sem Vítimas";"Pleno dia";"Crescente";"Nublado";"Simples";"Reta";"Não";1;0;0;0;0;1;0;1;-6,88885835;-42,83426629;"SPRF-PI";"DEL03-PI";"UOP01-DEL03-PI"
576921;2024-01-25;"quinta-feira";"05:20:00";"PE";232;405,6;"SERRA TALHADA";"Ausência de reação do condutor";"Colisão traseira";"Com Vítimas Feridas";"Amanhecer";"Crescente";"Céu Claro";"Simples";"Reta";"Não";2;0;1;1;0;0;2;2;-7,98895584;-38,25355016;"SPRF-PE";"DEL04-PE";"UOP01-DEL04-PE"
576923;2024-01-25;"quinta-feira";"03:30:00";"GO";80;44;"PADRE BERNARDO";"Animais na Pista";"Atropelamento de Animal";"Com Vítimas Feridas";"Amanhecer";"Crescente";"Céu Claro";"Simples";"Reta";"Sim";2;0;0;1;1;0;1;1;-15,18501;-48,284472;"SPRF-DF";"DEL03-DF";"UOP02-DEL03-DF"
576925;2024-01-24;"quarta-feira";"20:30:00";"CE";20;172;"BOA VIAGEM";"Ausência de reação do condutor";"Colisão com objeto";"Com Vítimas Feridas";"Plena Noite";"Decrescente";"Céu Claro";"Simples";"Não Informado";"Não";2;0;2;0;0;0;2;1;-5,32044231;-39,9240477;"SPRF-CE";"DEL02-CE";"UOP02-DEL02-CE"
576928;2024-01-25;"quinta-feira";"06:40:00";"BA";101;267;"SANTO ANTONIO DE JESUS";"Ausência de reação do condutor";"Saída de leito carroçável";"Com Vítimas Feridas";"Amanhecer";"Decrescente";"Chuva";"Simples";"Não Informado";"Não";3;0;2;0;0;1;2;2;-13,10710514;-39,28471362;"SPRF-BA";"DEL01-BA";"UOP02-DEL01-BA"
576930;2024-01-13;"sábado";"19:40:00";"PR";277;722;"FOZ DO IGUACU";"Velocidade Incompatível";"Colisão traseira";"Com Vítimas Feridas";"Anoitecer";"Crescente";"Céu Claro";"Dupla";"Reta";"Sim";3;0;1;0;0;2;1;3;-25,49494908;-54,52095097;"SPRF-PR";"DEL05-PR";"UOP03-DEL05-PR"
576931;2024-01-25;"quinta-feira";"07:05:00";"SC";101;133,8;"BALNEARIO CAMBORIU";"Desrespeitar a preferência no cruzamento";"Colisão transversal";"Com Vítimas Feridas";"Pleno dia";"Crescente";"Céu Claro";"Múltipla";"Interseção de vias";"Sim";2;0;1;0;1;0;1;2;-26,99982308;-48,64615202;"SPRF-SC";"DEL04-SC";"UOP03-DEL04-SC"
576932;2024-01-25;"quinta-feira";"07:55:00";"RN";101;78,9;"SAO GONCALO DO AMARANTE";"Acumulo de água sobre o pavimento";"Saída de leito carroçável";"Com Vítimas Feridas";"Pleno dia";"Crescente";"Chuva";"Dupla";"Não Informado";"Sim";3;0;1;0;2;0;1;1;-5,74460142;-35,28990984;"SPRF-RN";"DEL02-RN";"UOP01-DEL02-RN"
576934;2024-01-25;"quinta-feira";"06:10:00";"PE";101;62,1;"RECIFE";"Pista Escorregadia";"Tombamento";"Com Vítimas Feridas";"Pleno dia";"Crescente";"Chuva";"Múltipla";"Reta";"Sim";2;0;1;1;0;0;2;1;-7,99905898;-34,93899295;"SPRF-PE";"DEL01-PE";"UOP02-DEL01-PE"
576935;2024-01-25;"quinta-feira";"08:20:00";"RS";392;117,1;"CANGUCU";"Desrespeitar a preferência no cruzamento";"Colisão transversal";"Com Vítimas Feridas";"Pleno dia";"Crescente";"Nublado";"Simples";"Interseção de vias";"Sim";3;0;1;1;1;0;2;2;-31,41369338;-52,67628308;"SPRF-RS";"DEL07-RS";"UOP01-DEL07-RS"
576936;2024-01-25;"quinta-feira";"05:00:00";"GO";364;73;"CACHOEIRA ALTA";"Ausência de reação do condutor";"Colisão traseira";"Sem Vítimas";"Amanhecer";"Decrescente";"Céu Claro";"Simples";"Não Informado";"Não";18;0;0;0;18;0;0;2;-18,63662;-51,017155;"SPRF-GO";"DEL05-GO";"UOP02-DEL05-GO"
576937;2024-01-25;"quinta-feira";"08:05:00";"PB";230;157,7;"CAMPINA GRANDE";"Desrespeitar a preferência no cruzamento";"Colisão transversal";"Com Vítimas Feridas";"Pleno dia";"Decrescente";"Céu Claro";"Simples";"Não Informado";"Sim";3;0;2;0;1;0;2;2;-7,264;-35,9199;"SPRF-PB";"DEL02-PB";"UOP01-DEL02-PB"
576938;2024-01-25;"quinta-feira";"08:15:00";"PB";230;187,3;"POCINHOS";"Manobra de mudança de faixa";"Colisão transversal";"Com Vítimas Feridas";"Pleno dia";"Crescente";"Céu Claro";"Simples";"Reta";"Não";3;0;1;0;1;1;1;2;-7,1463;-36,1293;"SPRF-PB";"DEL02-PB";"UOP02-DEL02-PB"
576939;2024-01-25;"quinta-feira";"06:30:00";"SC";282;63,8;"RANCHO QUEIMADO";"Velocidade Incompatível";"Saída de leito carroçável";"Com Vítimas Feridas";"Pleno dia";"Decrescente";"Garoa/Chuvisco";"Simples";"Curva";"Não";4;0;2;1;0;1;3;2;-27,695372;-49,042824;"SPRF-SC";"DEL01-SC";"UOP03-DEL01-SC"
576941;2024-01-25;"quinta-feira";"07:50:00";"PR";116;67;"CAMPINA GRANDE DO SUL";"Reação tardia ou ineficiente do condutor";"Saída de leito carroçável";"Com Vítimas Feridas";"Pleno dia";"Crescente";"Chuva";"Dupla";"Não Informado";"Não";1;0;1;0;0;0;1;1;-25,31910128;-49,02100146;"SPRF-PR";"DEL01-PR";"UOP02-DEL01-PR"
576942;2024-01-25;"quinta-feira";"06:20:00";"SP";116;126;"CACAPAVA";"Velocidade Incompatível";"Colisão com objeto";"Sem Vítimas";"Pleno dia";"Crescente";"Céu Claro";"Dupla";"Não Informado";"Sim";1;0;0;0;0;1;0;1;-23,10433057;-45,69425762;"SPRF-SP";"DEL02-SP";"UOP02-DEL02-SP"
576943;2024-01-01;"segunda-feira";"10:50:00";"MG";262;380;"MATEUS LEME";"Velocidade Incompatível";"Saída de leito carroçável";"Com Vítimas Feridas";"Pleno dia";"Decrescente";"Chuva";"Dupla";"Não Informado";"Não";1;0;1;0;0;0;1;1;-19,940622;-44,386969;"SPRF-MG";"DEL01-MG";"UOP03-DEL01-MG"
576944;2024-01-25;"quinta-feira";"08:50:00";"RS";290;92;"PORTO ALEGRE";"Acessar a via sem observar a presença dos outros veículos";"Colisão transversal";"Sem Vítimas";"Pleno dia";"Decrescente";"Céu Claro";"Múltipla";"Reta";"Sim";2;0;0;0;2;0;0;2;-29,96965779;-51,16972446;"SPRF-RS";"DEL01-RS";"UOP01-DEL01-RS"
576945;2024-01-25;"quinta-feira";"08:06:00";"MS";163;484;"CAMPO GRANDE";"Acessar a via sem observar a presença dos outros veículos";"Colisão transversal";"Com Vítimas Feridas";"Pleno dia";"Decrescente";"Céu Claro";"Simples";"Reta";"Sim";2;0;1;0;1;0;1;2;-20,45726263;-54,54671829;"SPRF-MS";"DEL01-MS";"UOP02-DEL01-MS"
576946;2024-01-24;"quarta-feira";"18:15:00";"RJ";40;77;"PETROPOLIS";"Chuva";"Capotamento";"Com Vítimas Feridas";"Anoitecer";"Crescente";"Chuva";"Simples";"Não Informado";"Não";1;0;1;0;0;0;1;1;-22,48005592;-43,23543994;"SPRF-RJ";"DEL01-RJ";"UOP01-DEL01-RJ"
576948;2024-01-25;"quinta-feira";"09:41:00";"PE";428;189;"PETROLINA";"Semáforo com defeito";"Colisão transversal";"Com Vítimas Feridas";"Pleno dia";"Decrescente";"Chuva";"Múltipla";"Interseção de vias";"Sim";2;0;1;0;1;0;1;2;-9,37197508;-40,48679585;"SPRF-PE";"DEL06-PE";"UOP01-DEL06-PE"
576949;2024-01-25;"quinta-feira";"08:45:00";"PR";116;119;"CURITIBA";"Pista Escorregadia";"Queda de ocupante de veículo";"Com Vítimas Feridas";"Pleno dia";"Decrescente";"Garoa/Chuvisco";"Dupla";"Reta";"Sim";2;0;2;0;0;0;2;1;-25,54456009;-49,30146002;"SPRF-PR";"DEL01-PR";"UOP03-DEL01-PR"
576950;2024-01-25;"quinta-feira";"07:20:00";"MT";70;2,8;"BARRA DO GARCAS";"Ausência de reação do condutor";"Colisão com objeto";"Sem Vítimas";"Pleno dia";"Decrescente";"Nublado";"Dupla";"Desvio Temporário";"Não";1;0;0;0;1;0;0;1;-15,88749699;-52,26810568;"SPRF-MT";"DEL07-MT";"UOP01-DEL07-MT"
576951;2024-01-25;"quinta-feira";"09:50:00";"PR";116;46;"CAMPINA GRANDE DO SUL";"Chuva";"Saída de leito carroçável";"Com Vítimas Feridas";"Pleno dia";"Decrescente";"Chuva";"Dupla";"Curva";"Não";3;0;1;0;2;0;1;1;-25,20185401;-48,8962139;"SPRF-PR";"DEL01-PR";"UOP02-DEL01-PR"
576953;2024-01-25;"quinta-feira";"10:12:00";"SC";280;20;"ARAQUARI";"Acessar a via sem observar a presença dos outros veículos";"Colisão transversal";"Com Vítimas Feridas";"Pleno dia";"Decrescente";"Nublado";"Simples";"Reta";"Sim";2;0;1;0;1;0;1;2;-26,36990477;-48,68224301;"SPRF-SC";"DEL03-SC";"UOP03-DEL03-SC"
576954;2024-01-25;"quinta-feira";"07:20:00";"RS";116;128,9;"SAO MARCOS";"Transitar na contramão";"Colisão frontal";"Com Vítimas Feridas";"Amanhecer";"Crescente";"Céu Claro";"Simples";"Curva";"Não";3;0;1;1;0;1;2;3;-29,03715763;-51,10426784;"SPRF-RS";"DEL05-RS";"UOP01-DEL05-RS"
576959;2024-01-25;"quinta-feira";"10:20:00";"SP";116;269;"TABOAO DA SERRA";"Reação tardia ou ineficiente do condutor";"Tombamento";"Com Vítimas Feridas";"Pleno dia";"Crescente";"Chuva";"Dupla";"Retorno Regulamentado";"Sim";2;0;1;0;1;0;1;2;-23,61593059;-46,78826044;"SPRF-SP";"DEL04-SP";"UOP01-DEL04-SP"
576960;2024-01-25;"quinta-feira";"09:55:00";"GO";153;502;"GOIANIA";"Estacionar ou parar em local proibido";"Colisão traseira";"Com Vítimas Feridas";"Pleno dia";"Crescente";"Céu Claro";"Dupla";"Reta";"Sim";2;0;1;0;1;0;1;2;-16,7287;-49,2424;"SPRF-GO";"DEL01-GO";"UOP01-DEL01-GO"
576962;2024-01-25;"quinta-feira";"09:00:00";"PA";316;31;"SANTA IZABEL DO PARA";"Ausência de reação do condutor";"Saída de leito carroçável";"Com Vítimas Feridas";"Pleno dia";"Crescente";"Sol";"Dupla";"Reta";"Não";2;0;1;1;0;0;2;1;-1,3025866;-48,1965672;"SPRF-PA";"DEL01-PA";"UOP01-DEL01-PA"
576964;2024-01-25;"quinta-feira";"08:00:00";"RJ";101;332;"RIO DE JANEIRO";"Ausência de reação do condutor";"Colisão traseira";"Com Vítimas Feridas";"Pleno dia";"Crescente";"Nublado";"Múltipla";"Reta";"Não";3;0;2;0;1;0;2;2;-22,87133305;-43,20407695;"SPRF-RJ";"DEL02-RJ";"UOP01-DEL02-RJ"
576972;2024-01-25;"quinta-feira";"11:20:00";"SP";116;509;"CAJATI";"Reação tardia ou ineficiente do condutor";"Saída de leito carroçável";"Com Vítimas Feridas";"Pleno dia";"Crescente";"Chuva";"Simples";"Curva";"Não";2;0;1;0;1;0;1;1;-24,82178987;-48,21419034;"SPRF-SP";"DEL05-SP";"UOP02-DEL05-SP"
576974;2024-01-25;"quinta-feira";"11:40:00";"PB";230;71,5;"SOBRADO";"Chuva";"Saída de leito carroçável";"Com Vítimas Fatais";"Pleno dia";"Crescente";"Chuva";"Dupla";"Reta";"Não";2;1;0;0;0;1;0;2;-7,19065555;-35,24581432;"SPRF-PB";"DEL01-PB";"UOP03-DEL01-PB"
576975;2024-01-25;"quinta-feira";"11:20:00";"RO";364;340;"JI-PARANA";"Condutor desrespeitou a iluminação vermelha do semáforo";"Colisão transversal";"Com Vítimas Feridas";"Pleno dia";"Crescente";"Sol";"Dupla";"Reta";"Não";2;0;2;0;0;0;2;2;-10,88987987;-61,93126772;"SPRF-RO";"DEL02-RO";"UOP01-DEL02-RO"
576976;2024-01-25;"quinta-feira";"08:15:00";"RJ";116;186;"NOVA IGUACU";"Trafegar com motocicleta (ou similar) entre as faixas";"Colisão lateral mesmo sentido";"Com Vítimas Feridas";"Pleno dia";"Decrescente";"Céu Claro";"Dupla";"Reta";"Sim";3;0;2;0;0;1;2;3;-22,73942686;-43,46778274;"SPRF-RJ";"DEL06-RJ";"UOP01-DEL06-RJ"
576979;2024-01-25;"quinta-feira";"12:15:00";"PR";163;283;"MARECHAL CANDIDO RONDON";"Condutor deixou de manter distância do veículo da frente";"Queda de ocupante de veículo";"Com Vítimas Feridas";"Pleno dia";"Crescente";"Nublado";"Simples";"Não Informado";"Sim";2;0;2;0;0;0;2;2;-24,57864514;-53,99236214;"SPRF-PR";"DEL06-PR";"UOP02-DEL06-PR"
576980;2024-01-11;"quinta-feira";"17:25:00";"MG";50;176;"UBERABA";"Entrada inopinada do pedestre";"Atropelamento de Pedestre";"Com Vítimas Feridas";"Pleno dia";"Crescente";"Céu Claro";"Dupla";"Não Informado";"Sim";3;0;0;1;1;1;1;2;-19,779273;-47,957921;"SPRF-MG";"DEL13-MG";"UOP01-DEL13-MG"
576985;2024-01-25;"quinta-feira";"12:45:00";"SC";282;363,9;"ERVAL VELHO";"Mal súbito do condutor";"Saída de leito carroçável";"Com Vítimas Feridas";"Pleno dia";"Crescente";"Garoa/Chuvisco";"Simples";"Não Informado";"Não";2;0;2;0;0;0;2;1;-27,302458;-51,390484;"SPRF-SC";"DEL07-SC";"UOP05-DEL07-SC"
576986;2024-01-25;"quinta-feira";"12:05:00";"SP";116;117,1;"TAUBATE";"Reação tardia ou ineficiente do condutor";"Colisão lateral mesmo sentido";"Com Vítimas Feridas";"Pleno dia";"Decrescente";"Nublado";"Dupla";"Reta";"Sim";2;0;1;0;1;0;1;2;-23,0582298;-45,6176951;"SPRF-SP";"DEL02-SP";"UOP02-DEL02-SP"
576987;2024-01-25;"quinta-feira";"11:50:00";"MG";40;264;"SAO GONCALO DO ABAETE";"Chuva";"Saída de leito carroçável";"Com Vítimas Feridas";"Pleno dia";"Decrescente";"Chuva";"Simples";"Reta";"Não";6;0;4;1;1;0;5;1;-18,14870194;-45,31944594;"SPRF-MG";"DEL14-MG";"UOP02-DEL14-MG"
576989;2024-01-25;"quinta-feira";"13:00:00";"SP";116;95,2;"PINDAMONHANGABA";"Ausência de reação do condutor";"Tombamento";"Com Vítimas Feridas";"Pleno dia";"Decrescente";"Céu Claro";"Dupla";"Reta";"Não";2;0;2;0;0;0;2;1;-22,96514512;-45,43013094;"SPRF-SP";"DEL08-SP";"UOP01-DEL08-SP"
576992;2024-01-25;"quinta-feira";"13:30:00";"SP";116;394;"MIRACATU";"Avarias e/ou desgaste excessivo no pneu";"Saída de leito carroçável";"Com Vítimas Feridas";"Pleno dia";"Crescente";"Garoa/Chuvisco";"Dupla";"Reta";"Sim";1;0;1;0;0;0;1;1;-24,28717454;-47,45143994;"SPRF-SP";"DEL04-SP";"UOP02-DEL04-SP"
576994;2024-01-25;"quinta-feira";"12:55:00";"SP";116;6,7;"QUELUZ";"Reação tardia ou ineficiente do condutor";"Colisão traseira";"Com Vítimas Feridas";"Pleno dia";"Crescente";"Céu Claro";"Dupla";"Curva";"Não";3;0;2;0;1;0;2;2;-22,53158181;-44,75374706;"SPRF-SP";"DEL08-SP";"UOP02-DEL08-SP"
576997;2024-01-25;"quinta-feira";"13:00:00";"RS";116;257;"ESTEIO";"Retorno proibido";"Colisão transversal";"Com Vítimas Feridas";"Pleno dia";"Decrescente";"Céu Claro";"Dupla";"Reta";"Sim";4;0;2;1;1;0;3;2;-29,85262195;-51,17968329;"SPRF-RS";"DEL01-RS";"UOP02-DEL01-RS"
576998;2024-01-25;"quinta-feira";"13:57:00";"DF";60;27;"BRASILIA";"Acumulo de água sobre o pavimento";"Saída de leito carroçável";"Com Vítimas Feridas";"Pleno dia";"Crescente";"Chuva";"Dupla";"Curva";"Sim";4;0;3;0;1;0;3;1;-16,017551;-48,249252;"SPRF-DF";"DEL03-DF";"UOP01-DEL03-DF"
577002;2024-01-25;"quinta-feira";"14:05:00";"SC";101;275,6;"IMBITUBA";"Animais na Pista";"Tombamento";"Com Vítimas Feridas";"Pleno dia";"Crescente";"Céu Claro";"Simples";"Reta";"Sim";1;0;1;0;0;0;1;1;-28,138086;-48,69218292;"SPRF-SC";"DEL02-SC";"UOP03-DEL02-SC"
577003;2024-01-25;"quinta-feira";"09:30:00";"RJ";101;517;"ANGRA DOS REIS";"Manobra de mudança de faixa";"Colisão lateral mesmo sentido";"Com Vítimas Feridas";"Pleno dia";"Crescente";"Nublado";"Simples";"Curva";"Não";3;0;2;0;1;0;2;2;-22,99712334;-44,44431803;"SPRF-RJ";"DEL03-RJ";"UOP03-DEL03-RJ"
577005;2024-01-25;"quinta-feira";"13:30:00";"SP";116;561;"BARRA DO TURVO";"Reação tardia ou ineficiente do condutor";"Saída de leito carroçável";"Com Vítimas Fatais";"Pleno dia";"Decrescente";"Chuva";"Dupla";"Não Informado";"Não";7;1;4;0;1;1;4;2;-25,02045097;-48,51586004;"SPRF-SP";"DEL05-SP";"UOP02-DEL05-SP"
577007;2024-01-25;"quinta-feira";"14:30:00";"PR";376;249;"APUCARANA";"Acumulo de água sobre o pavimento";"Saída de leito carroçável";"Com Vítimas Feridas";"Pleno dia";"Crescente";"Chuva";"Dupla";"Reta";"Não";2;0;1;0;1;0;1;1;-23,62524965;-51,37962593;"SPRF-PR";"DEL07-PR";"UOP03-DEL07-PR"
577009;2024-01-25;"quinta-feira";"14:20:00";"PE";101;88;"JABOATAO DOS GUARARAPES";"Condutor deixou de manter distância do veículo da frente";"Colisão traseira";"Com Vítimas Feridas";"Pleno dia";"Crescente";"Nublado";"Dupla";"Reta";"Não";2;0;1;0;1;0;1;2;-8,19971387;-34,9785382;"SPRF-PE";"DEL01-PE";"UOP01-DEL01-PE"
577012;2024-01-25;"quinta-feira";"15:00:00";"RS";290;129;"ELDORADO DO SUL";"Reação tardia ou ineficiente do condutor";"Engavetamento";"Com Vítimas Feridas";"Pleno dia";"Decrescente";"Céu Claro";"Simples";"Reta";"Não";4;0;1;1;2;0;2;3;-30,057785;-51,500351;"SPRF-RS";"DEL02-RS";"UOP01-DEL02-RS"
577014;2024-01-25;"quinta-feira";"14:10:00";"PA";316;38,4;"SANTA IZABEL DO PARA";"Ausência de reação do condutor";"Saída de leito carroçável";"Com Vítimas Feridas";"Pleno dia";"Crescente";"Chuva";"Dupla";"Reta";"Não";2;0;2;0;0;0;2;1;-1,28327779;-48,13995604;"SPRF-PA";"DEL01-PA";"UOP01-DEL01-PA"
577016;2024-01-25;"quinta-feira";"15:10:00";"PR";376;676;"GUARATUBA";"Avarias e/ou desgaste excessivo no pneu";"Tombamento";"Com Vítimas Feridas";"Pleno dia";"Crescente";"Nublado";"Dupla";"Reta";"Não";2;0;2;0;0;0;2;1;-25,9253011;-48,91465313;"SPRF-PR";"DEL01-PR";"UOP04-DEL01-PR"
577018;2024-01-25;"quinta-feira";"15:00:00";"PE";316;78;"OURICURI";"Reação tardia ou ineficiente do condutor";"Saída de leito carroçável";"Com Vítimas Feridas";"Pleno dia";"Decrescente";"Céu Claro";"Simples";"Não Informado";"Não";3;0;1;0;2;0;1;1;-7,85014392;-40,12241694;"SPRF-PE";"DEL05-PE";"UOP02-DEL05-PE"
577021;2024-01-25;"quinta-feira";"15:30:00";"MG";116;786;"LEOPOLDINA";"Reação tardia ou ineficiente do condutor";"Saída de leito carroçável";"Com Vítimas Feridas";"Pleno dia";"Decrescente";"Céu Claro";"Simples";"Curva";"Não";1;0;1;0;0;0;1;1;-21,6472779;-42,71645409;"SPRF-MG";"DEL07-MG";"UOP01-DEL07-MG"
577022;2024-01-25;"quinta-feira";"14:40:00";"PR";369;159,9;"CAMBE";"Condutor deixou de manter distância do veículo da frente";"Colisão traseira";"Sem Vítimas";"Pleno dia";"Crescente";"Chuva";"Dupla";"Reta";"Não";2;0;0;0;2;0;0;2;-23,282958;-51,24849021;"SPRF-PR";"DEL07-PR";"UOP01-DEL07-PR"
577023;2024-01-25;"quinta-feira";"16:00:00";"SP";116;282;"EMBU DAS ARTES";"Trafegar com motocicleta (ou similar) entre as faixas";"Colisão lateral mesmo sentido";"Com Vítimas Feridas";"Pleno dia";"Decrescente";"Chuva";"Dupla";"Reta";"Não";2;0;2;0;0;0;2;2;-23,68570216;-46,85970975;"SPRF-SP";"DEL04-SP";"UOP01-DEL04-SP"