"id";"data_inversa";"dia_semana";"horario";"uf";"br";"km";"municipio";"causa_acidente";"tipo_acidente";"classificacao_acidente";"fase_dia";"sentido_via";"condicao_metereologica";"tipo_pista";"tracado_via";"uso_solo";"pessoas";"mortos";"feridos_leves";"feridos_graves";"ilesos";"ignorados";"feridos";"veiculos";"latitude";"longitude";"regional";"delegacia";"uop"
577025;2024-01-25;"quinta-feira";"14:00:00";"CE";116;372,9;"ICO";"Acessar a via sem observar a presença dos outros veículos";"Colisão transversal";"Com Vítimas Feridas";"Pleno dia";"Crescente";"Sol";"Simples";"Reta";"Sim";2;0;1;0;1;0;1;2;-6,37861604;-38,80975697;"SPRF-CE";"DEL05-CE";"UOP01-DEL05-CE"
577027;2024-01-25;"quinta-feira";"16:00:00";"ES";101;270,8;"SERRA";"Reação tardia ou ineficiente do condutor";"Tombamento";"Com Vítimas Feridas";"Pleno dia";"Crescente";"Nublado";"Múltipla";"Não Informado";"Sim";1;0;1;0;0;0;1;1;-20,22662056;-40,27075088;"SPRF-ES";"DEL02-ES";"UOP01-DEL02-ES"
577028;2024-01-25;"quinta-feira";"16:40:00";"SC";101;199;"SAO JOSE";"Problema com o freio";"Colisão traseira";"Com Vítimas Feridas";"Pleno dia";"Crescente";"Nublado";"Múltipla";"Reta";"Sim";2;0;0;1;1;0;1;2;-27,53413705;-48,63003205;"SPRF-SC";"DEL01-SC";"UOP01-DEL01-SC"
577030;2024-01-20;"sábado";"01:50:00";"RS";158;326;"SANTA MARIA";"Reação tardia ou ineficiente do condutor";"Saída de leito carroçável";"Com Vítimas Feridas";"Plena Noite";"Crescente";"Céu Claro";"Dupla";"Não Informado";"Sim";2;0;2;0;0;0;2;1;-29,714945;-53,81083;"SPRF-RS";"DEL09-RS";"UOP01-DEL09-RS"
577031;2024-01-25;"quinta-feira";"15:20:00";"RJ";116;247;"PIRAI";"Ausência de reação do condutor";"Colisão lateral mesmo sentido";"Sem Vítimas";"Pleno dia";"Decrescente";"Nublado";"Dupla";"Reta";"Sim";2;0;0;0;2;0;0;2;-22,60655103;-43,93505207;"SPRF-RJ";"DEL07-RJ";"UOP01-DEL07-RJ"
577032;2024-01-25;"quinta-feira";"16:10:00";"AL";101;202;"SAO SEBASTIAO";"Objeto estático sobre o leito carroçável";"Colisão com objeto";"Com Vítimas Feridas";"Pleno dia";"Crescente";"Chuva";"Simples";"Reta";"Não";2;0;0;2;0;0;2;1;-9,96642507;-36,55066388;"SPRF-AL";"DEL02-AL";"UOP02-DEL02-AL"
577034;2024-01-25;"quinta-feira";"16:40:00";"SC";101;206;"SAO JOSE";"Demais falhas mecânicas ou elétricas";"Tombamento";"Com Vítimas Feridas";"Pleno dia";"Decrescente";"Nublado";"Múltipla";"Reta";"Sim";2;0;0;1;1;0;1;1;-27,59193546;-48,61824557;"SPRF-SC";"DEL01-SC";"UOP01-DEL01-SC"
577039;2024-01-25;"quinta-feira";"17:10:00";"SC";101;346,5;"JAGUARUNA";"Ausência de reação do condutor";"Tombamento";"Com Vítimas Feridas";"Pleno dia";"Decrescente";"Céu Claro";"Dupla";"Reta";"Não";2;0;2;0;0;0;2;1;-28,55485199;-49,0540891;"SPRF-SC";"DEL02-SC";"UOP01-DEL02-SC"
577041;2024-01-25;"quinta-feira";"12:15:00";"MT";163;596;"NOVA MUTUM";"Retorno proibido";"Colisão transversal";"Com Vítimas Feridas";"Pleno dia";"Decrescente";"Céu Claro";"Dupla";"Reta";"Sim";3;0;1;0;2;0;1;2;-13,94323505;-56,09610157;"SPRF-MT";"DEL01-MT";"UOP01-DEL01-MT"
577042;2024-01-25;"quinta-feira";"16:30:00";"MA";135;6;"SAO LUIS";"Reação tardia ou ineficiente do condutor";"Colisão traseira";"Com Vítimas Feridas";"Pleno dia";"Decrescente";"Céu Claro";"Dupla";"Não Informado";"Sim";2;0;1;0;1;0;1;2;-2,62877986;-44,26321818;"SPRF-MA";"DEL01-MA";"UOP01-DEL01-MA"
577043;2024-01-25;"quinta-feira";"18:10:00";"RS";116;151;"CAXIAS DO SUL";"Pedestre cruzava a pista fora da faixa";"Atropelamento de Pedestre";"Com Vítimas Feridas";"Anoitecer";"Decrescente";"Céu Claro";"Dupla";"Reta";"Sim";3;0;1;0;1;1;1;2;-29,17694502;-51,16173896;"SPRF-RS";"DEL05-RS";"UOP01-DEL05-RS"
577044;2024-01-25;"quinta-feira";"17:00:00";"CE";222;19;"CAUCAIA";"Acesso irregular";"Colisão lateral sentido oposto";"Com Vítimas Feridas";"Pleno dia";"Decrescente";"Céu Claro";"Simples";"Não Informado";"Não";2;0;1;0;0;1;1;2;-3,74520337;-38,72713719;"SPRF-CE";"DEL01-CE";"UOP01-DEL01-CE"
577045;2024-01-25;"quinta-feira";"15:18:00";"PI";316;68;"MONSENHOR GIL";"Ausência de reação do condutor";"Colisão transversal";"Com Vítimas Feridas";"Pleno dia";"Decrescente";"Nublado";"Simples";"Não Informado";"Sim";2;0;0;1;1;0;1;2;-5,64018999;-42,59199582;"SPRF-PI";"DEL01-PI";"UOP02-DEL01-PI"
577046;2024-01-25;"quinta-feira";"17:35:00";"RN";101;79,7;"SAO GONCALO DO AMARANTE";"Acessar a via sem observar a presença dos outros veículos";"Colisão transversal";"Com Vítimas Feridas";"Anoitecer";"Decrescente";"Nublado";"Dupla";"Reta";"Não";2;0;1;1;0;0;2;2;-5,74962896;-35,28918369;"SPRF-RN";"DEL02-RN";"UOP01-DEL02-RN"
577047;2024-01-25;"quinta-feira";"16:40:00";"CE";222;59,3;"SAO GONCALO DO AMARANTE";"Acessar a via sem observar a presença dos outros veículos";"Colisão transversal";"Com Vítimas Feridas";"Pleno dia";"Crescente";"Céu Claro";"Simples";"Reta";"Sim";3;0;2;0;0;1;2;2;-3,67053434;-39,07182499;"SPRF-CE";"DEL01-CE";"UOP03-DEL01-CE"
577050;2024-01-25;"quinta-feira";"16:30:00";"BA";242;395;"SEABRA";"Acumulo de água sobre o pavimento";"Saída de leito carroçável";"Com Vítimas Feridas";"Pleno dia";"Crescente";"Chuva";"Simples";"Não Informado";"Não";2;0;0;1;1;0;1;1;-12,47311803;-41,67208672;"SPRF-BA";"DEL06-BA";"UOP01-DEL06-BA"
577058;2024-01-25;"quinta-feira";"17:00:00";"SP";116;564;"BARRA DO TURVO";"Reação tardia ou ineficiente do condutor";"Colisão com objeto";"Com Vítimas Feridas";"Pleno dia";"Crescente";"Garoa/Chuvisco";"Simples";"Não Informado";"Não";3;0;3;0;0;0;3;1;-25,03458919;-48,53543877;"SPRF-SP";"DEL05-SP";"UOP02-DEL05-SP"
577059;2024-01-25;"quinta-feira";"15:30:00";"PR";376;281;"MARILANDIA DO SUL";"Acumulo de água sobre o pavimento";"Colisão com objeto";"Com Vítimas Fatais";"Pleno dia";"Decrescente";"Chuva";"Dupla";"Não Informado";"Não";3;1;1;0;1;0;1;1;-23,83713192;-51,26177788;"SPRF-PR";"DEL07-PR";"UOP02-DEL07-PR"
577060;2024-01-25;"quinta-feira";"12:35:00";"RS";290;471,9;"ROSARIO DO SUL";"Frear bruscamente";"Capotamento";"Com Vítimas Feridas";"Pleno dia";"Crescente";"Céu Claro";"Simples";"Reta";"Não";1;0;1;0;0;0;1;1;-30,245808;-54,827522;"SPRF-RS";"DEL11-RS";"UOP02-DEL11-RS"
577061;2024-01-25;"quinta-feira";"17:30:00";"PI";230;309,8;"FLORIANO";"Transitar na contramão";"Colisão frontal";"Com Vítimas Feridas";"Anoitecer";"Decrescente";"Céu Claro";"Simples";"Reta";"Sim";2;0;0;1;0;1;1;2;-6,77433132;-43,00632318;"SPRF-PI";"DEL03-PI";"UOP01-DEL03-PI"
577062;2024-01-25;"quinta-feira";"19:40:00";"SP";116;153;"SAO JOSE DOS CAMPOS";"Reação tardia ou ineficiente do condutor";"Tombamento";"Com Vítimas Feridas";"Plena Noite";"Crescente";"Garoa/Chuvisco";"Simples";"Reta";"Sim";1;0;1;0;0;0;1;1;-23,23262274;-45,91372624;"SPRF-SP";"DEL02-SP";"UOP01-DEL02-SP"
577063;2024-01-25;"quinta-feira";"19:48:00";"PE";101;62,5;"RECIFE";"Pista Escorregadia";"Tombamento";"Com Vítimas Feridas";"Pleno dia";"Decrescente";"Chuva";"Dupla";"Reta";"Sim";2;0;1;0;1;0;1;1;-7,99905898;-34,93899295;"SPRF-PE";"DEL01-PE";"UOP02-DEL01-PE"
577066;2024-01-25;"quinta-feira";"19:15:00";"RN";101;147;"GOIANINHA";"Demais falhas mecânicas ou elétricas";"Incêndio";"Sem Vítimas";"Plena Noite";"Crescente";"Nublado";"Dupla";"Não Informado";"Sim";1;0;0;0;1;0;0;1;-6,27145987;-35,20823975;"SPRF-RN";"DEL01-RN";"UOP01-DEL01-RN"
577069;2024-01-25;"quinta-feira";"18:00:00";"AL";423;7,2;"OURO BRANCO";"Pedestre andava na pista";"Atropelamento de Pedestre";"Com Vítimas Feridas";"Plena Noite";"Decrescente";"Céu Claro";"Simples";"Reta";"Não";2;0;0;1;1;0;1;2;-9,14002062;-37,35108913;"SPRF-AL";"DEL03-AL";"UOP02-DEL03-AL"
577070;2024-01-25;"quinta-feira";"16:55:00";"SP";116;455;"REGISTRO";"Ausência de reação do condutor";"Saída de leito carroçável";"Com Vítimas Fatais";"Pleno dia";"Decrescente";"Nublado";"Dupla";"Curva";"Não";1;1;0;0;0;0;0;1;-24,57253407;-47,88134891;"SPRF-SP";"DEL05-SP";"UOP01-DEL05-SP"
577071;2024-01-25;"quinta-feira";"18:32:00";"MG";381;938,4;"EXTREMA";"Animais na Pista";"Atropelamento de Animal";"Com Vítimas Feridas";"Plena Noite";"Decrescente";"Ignorado";"Dupla";"Reta";"Não";2;0;1;0;0;1;1;2;-22,83909203;-46,32850893;"SPRF-MG";"DEL16-MG";"UOP03-DEL16-MG"
577072;2024-01-25;"quinta-feira";"20:30:00";"CE";222;5;"CAUCAIA";"Ingestão de álcool pelo condutor";"Colisão transversal";"Com Vítimas Feridas";"Plena Noite";"Crescente";"Céu Claro";"Múltipla";"Não Informado";"Sim";2;0;0;1;1;0;1;2;-3,742972;-38,61417;"SPRF-CE";"DEL01-CE";"UOP01-DEL01-CE"
577073;2024-01-25;"quinta-feira";"18:25:00";"PE";104;84,7;"AGRESTINA";"Condutor deixou de manter distância do veículo da frente";"Colisão traseira";"Sem Vítimas";"Plena Noite";"Decrescente";"Céu Claro";"Simples";"Não Informado";"Sim";7;0;0;0;7;0;0;2;-8,430662;-35,959164;"SPRF-PE";"DEL02-PE";"UOP01-DEL02-PE"
577075;2024-01-25;"quinta-feira";"20:40:00";"PR";116;116;"CURITIBA";"Reação tardia ou ineficiente do condutor";"Colisão traseira";"Com Vítimas Feridas";"Plena Noite";"Crescente";"Garoa/Chuvisco";"Dupla";"Reta";"Não";2;0;1;0;1;0;1;2;-25,55468195;-49,27402397;"SPRF-PR";"DEL01-PR";"UOP03-DEL01-PR"
577076;2024-01-25;"quinta-feira";"17:30:00";"MG";40;567;"NOVA LIMA";"Acesso irregular";"Queda de ocupante de veículo";"Com Vítimas Feridas";"Pleno dia";"Decrescente";"Garoa/Chuvisco";"Simples";"Reta";"Sim";1;0;1;0;0;0;1;1;-20,18928994;-43,9697957;"SPRF-MG";"DEL01-MG";"UOP02-DEL01-MG"
577077;2024-01-25;"quinta-feira";"18:10:00";"SE";235;93,8;"CARIRA";"Acumulo de água sobre o pavimento";"Saída de leito carroçável";"Com Vítimas Feridas";"Anoitecer";"Crescente";"Chuva";"Simples";"Não Informado";"Não";1;0;1;0;0;0;1;1;-10,478106;-37,659199;"SPRF-SE";"DEL01-SE";"UOP02-DEL01-SE"
577078;2024-01-25;"quinta-feira";"18:20:00";"SC";101;135;"BALNEARIO CAMBORIU";"Suicídio (presumido)";"Saída de leito carroçável";"Com Vítimas Feridas";"Anoitecer";"Crescente";"Céu Claro";"Múltipla";"Reta";"Sim";1;0;1;0;0;0;1;1;-27,0050108;-48,62677494;"SPRF-SC";"DEL04-SC";"UOP03-DEL04-SC"
577079;2024-01-25;"quinta-feira";"20:30:00";"SC";470;249,9;"CURITIBANOS";"Transitar na contramão";"Colisão frontal";"Com Vítimas Feridas";"Plena Noite";"Crescente";"Nublado";"Simples";"Não Informado";"Sim";2;0;1;1;0;0;2;2;-27,31237502;-50,57787895;"SPRF-SC";"DEL05-SC";"UOP03-DEL05-SC"
577080;2024-01-25;"quinta-feira";"17:35:00";"MT";163;1032;"PEIXOTO DE AZEVEDO";"Acesso irregular";"Colisão transversal";"Com Vítimas Feridas";"Plena Noite";"Decrescente";"Céu Claro";"Simples";"Reta";"Sim";4;0;1;1;2;0;2;2;-10,23774958;-54,98311758;"SPRF-MT";"DEL06-MT";"UOP03-DEL06-MT"
577081;2024-01-25;"quinta-feira";"19:00:00";"RS";386;174,7;"CARAZINHO";"Ausência de reação do condutor";"Capotamento";"Com Vítimas Feridas";"Plena Noite";"Crescente";"Céu Claro";"Simples";"Reta";"Sim";1;0;1;0;0;0;1;1;-28,263548;-52,786312;"SPRF-RS";"DEL08-RS";"UOP01-DEL08-RS"
577083;2024-01-25;"quinta-feira";"19:20:00";"MS";262;290;"CAMPO GRANDE";"Animais na Pista";"Atropelamento de Animal";"Sem Vítimas";"Plena Noite";"Crescente";"Céu Claro";"Simples";"Reta";"Não";1;0;0;0;0;1;0;1;-20,49384769;-54,2029271;"SPRF-MS";"DEL01-MS";"UOP01-DEL01-MS"
577084;2024-01-25;"quinta-feira";"21:14:00";"GO";50;100,2;"CRISTALINA";"Velocidade Incompatível";"Colisão traseira";"Com Vítimas Feridas";"Pleno dia";"Decrescente";"Céu Claro";"Dupla";"Não Informado";"Não";4;0;1;3;0;0;4;2;-16,9309;-47,7117;"SPRF-DF";"DEL01-DF";"UOP02-DEL01-DF"
577085;2024-01-25;"quinta-feira";"19:00:00";"MG";262;439,2;"NOVA SERRANA";"Ausência de reação do condutor";"Queda de ocupante de veículo";"Com Vítimas Feridas";"Plena Noite";"Crescente";"Chuva";"Dupla";"Reta";"Não";1;0;1;0;0;0;1;1;-19,89197285;-44,88685183;"SPRF-MG";"DEL08-MG";"UOP03-DEL08-MG"
577088;2024-01-25;"quinta-feira";"22:10:00";"SC";470;76,1;"INDAIAL";"Animais na Pista";"Atropelamento de Animal";"Com Vítimas Feridas";"Plena Noite";"Crescente";"Céu Claro";"Simples";"Reta";"Não";3;0;1;0;1;1;1;2;-26,93865615;-49,29114424;"SPRF-SC";"DEL04-SC";"UOP01-DEL04-SC"
577089;2024-01-25;"quinta-feira";"20:50:00";"SC";101;125,7;"ITAJAI";"Mal súbito do condutor";"Eventos atípicos";"Com Vítimas Fatais";"Plena Noite";"Crescente";"Nublado";"Múltipla";"Não Informado";"Não";1;1;0;0;0;0;0;1;-26,9526866;-48,6795371;"SPRF-SC";"DEL04-SC";"UOP04-DEL04-SC"
577090;2024-01-25;"quinta-feira";"22:10:00";"SC";101;200;"SAO JOSE";"Transitar na contramão";"Colisão frontal";"Com Vítimas Feridas";"Plena Noite";"Crescente";"Céu Claro";"Múltipla";"Não Informado";"Sim";2;0;1;0;1;0;1;2;-27,54018513;-48,62287714;"SPRF-SC";"DEL01-SC";"UOP01-DEL01-SC"
577091;2024-01-25;"quinta-feira";"19:20:00";"RJ";393;225,5;"VASSOURAS";"Manobra de mudança de faixa";"Colisão lateral mesmo sentido";"Com Vítimas Feridas";"Plena Noite";"Decrescente";"Vento";"Simples";"Reta";"Não";3;0;0;2;1;0;2;2;-22,34554902;-43,55600299;"SPRF-RJ";"DEL05-RJ";"UOP03-DEL05-RJ"
577092;2024-01-25;"quinta-feira";"20:30:00";"PB";230;142,2;"CAMPINA GRANDE";"Reação tardia ou ineficiente do condutor";"Saída de leito carroçável";"Com Vítimas Feridas";"Plena Noite";"Decrescente";"Céu Claro";"Dupla";"Reta";"Não";1;0;1;0;0;0;1;1;-7,2573;-35,8131;"SPRF-PB";"DEL02-PB";"UOP01-DEL02-PB"
577093;2024-01-25;"quinta-feira";"21:30:00";"MG";262;362;"JUATUBA";"Manobra de mudança de faixa";"Colisão lateral mesmo sentido";"Com Vítimas Feridas";"Plena Noite";"Crescente";"Céu Claro";"Dupla";"Não Informado";"Sim";2;0;1;0;0;1;1;2;-19,970921;-44,28979;"SPRF-MG";"DEL01-MG";"UOP03-DEL01-MG"
577094;2024-01-25;"quinta-feira";"22:00:00";"MG";381;759,9;"TRES CORACOES";"Reação tardia ou ineficiente do condutor";"Saída de leito carroçável";"Com Vítimas Feridas";"Plena Noite";"Decrescente";"Céu Claro";"Dupla";"Reta";"Não";1;0;1;0;0;0;1;1;-21,71597801;-45,37713297;"SPRF-MG";"DEL16-MG";"UOP02-DEL16-MG"
577095;2024-01-25;"quinta-feira";"21:40:00";"BA";116;422;"FEIRA DE SANTANA";"Ausência de reação do condutor";"Colisão traseira";"Com Vítimas Feridas";"Plena Noite";"Crescente";"Nublado";"Dupla";"Não Informado";"Sim";3;0;2;0;1;0;2;2;-12,22064702;-38,96561131;"SPRF-BA";"DEL02-BA";"UOP01-DEL02-BA"
577097;2024-01-25;"quinta-feira";"22:50:00";"BA";324;615;"SALVADOR";"Manobra de mudança de faixa";"Colisão traseira";"Com Vítimas Feridas";"Plena Noite";"Decrescente";"Céu Claro";"Dupla";"Reta";"Sim";2;0;1;0;1;0;1;2;-12,87206398;-38,42746403;"SPRF-BA";"DEL01-BA";"UOP01-DEL01-BA"
577098;2024-01-25;"quinta-feira";"20:04:00";"PI";230;196;"OEIRAS";"Reação tardia ou ineficiente do condutor";"Colisão traseira";"Com Vítimas Feridas";"Plena Noite";"Crescente";"Céu Claro";"Simples";"Reta";"Não";2;0;1;0;1;0;1;2;-7,00554;-42,11866;"SPRF-PI";"DEL04-PI";"UOP01-DEL04-PI"
577099;2024-01-25;"quinta-feira";"21:45:00";"RJ";465;5;"SEROPEDICA";"Transitar na contramão";"Colisão frontal";"Com Vítimas Feridas";"Plena Noite";"Crescente";"Garoa/Chuvisco";"Simples";"Não Informado";"Sim";2;0;1;0;1;0;1;2;-22,747673;-43,699196;"SPRF-RJ";"DEL06-RJ";"UOP02-DEL06-RJ"
577100;2024-01-25;"quinta-feira";"22:45:00";"PB";230;52,4;"CRUZ DO ESPIRITO SANTO";"Pedestre andava na pista";"Atropelamento de Pedestre";"Com Vítimas Fatais";"Plena Noite";"Decrescente";"Chuva";"Dupla";"Reta";"Não";3;1;0;0;2;0;0;2;-7,20008644;-35,07722139;"SPRF-PB";"DEL01-PB";"UOP03-DEL01-PB"
577102;2024-01-25;"quinta-feira";"22:00:00";"PE";232;109,7;"BEZERROS";"Reação tardia ou ineficiente do condutor";"Saída de leito carroçável";"Com Vítimas Fatais";"Plena Noite";"Crescente";"Céu Claro";"Dupla";"Retorno Regulamentado";"Não";4;1;0;3;0;0;3;1;-8,28036785;-35,81085313;"SPRF-PE";"DEL02-PE";"UOP02-DEL02PE"
577103;2024-01-25;"quinta-feira";"22:10:00";"PE";232;468;"MIRANDIBA";"Animais na Pista";"Atropelamento de Animal";"Com Vítimas Fatais";"Plena Noite";"Crescente";"Céu Claro";"Simples";"Reta";"Não";1;1;0;0;0;0;0;1;-8,02356278;-38,78442996;"SPRF-PE";"DEL05-PE";"UOP01-DEL05-PE"
577104;2024-01-25;"quinta-feira";"22:15:00";"SP";101;50;"UBATUBA";"Conversão proibida";"Colisão lateral mesmo sentido";"Com Vítimas Feridas";"Plena Noite";"Crescente";"Chuva";"Simples";"Reta";"Não";2;0;1;0;1;0;1;2;-23,45018939;-45,07743735;"SPRF-SP";"DEL06-SP";"UOP01-DEL06-SP"
577105;2024-01-25;"quinta-feira";"22:30:00";"SP";101;47,1;"UBATUBA";"Entrada inopinada do pedestre";"Atropelamento de Pedestre";"Com Vítimas Feridas";"Plena Noite";"Crescente";"Chuva";"Simples";"Reta";"Sim";2;0;1;0;0;1;1;2;-23,429897;-45,082436;"SPRF-SP";"DEL06-SP";"UOP01-DEL06-SP"
577106;2024-01-26;"sexta-feira";"01:00:00";"SC";101;189;"BIGUACU";"Ingestão de álcool pelo condutor";"Colisão com objeto";"Com Vítimas Feridas";"Plena Noite";"Decrescente";"Garoa/Chuvisco";"Dupla";"Curva";"Não";3;0;1;0;2;0;1;2;-27,459393;-48,638914;"SPRF-SC";"DEL01-SC";"UOP01-DEL01-SC"
577107;2024-01-26;"sexta-feira";"00:05:00";"SC";470;137,2;"RIO DO SUL";"Velocidade Incompatível";"Colisão com objeto";"Com Vítimas Feridas";"Plena Noite";"Crescente";"Nublado";"Simples";"Não Informado";"Sim";1;0;1;0;0;0;1;1;-27,203201;-49,635063;"SPRF-SC";"DEL04-SC";"UOP02-DEL04-SC"
577108;2024-01-26;"sexta-feira";"00:35:00";"MS";163;485;"CAMPO GRANDE";"Ingestão de álcool pelo condutor";"Colisão traseira";"Sem Vítimas";"Plena Noite";"Decrescente";"Céu Claro";"Simples";"Não Informado";"Sim";2;0;0;0;2;0;0;2;-20,44233707;-54,54201834;"SPRF-MS";"DEL01-MS";"UOP02-DEL01-MS"
577110;2024-01-26;"sexta-feira";"01:20:00";"RJ";116;172,5;"SAO JOAO DE MERITI";"Reação tardia ou ineficiente do condutor";"Colisão traseira";"Com Vítimas Feridas";"Plena Noite";"Crescente";"Chuva";"Múltipla";"Reta";"Sim";4;0;1;0;3;0;1;2;-22,80188151;-43,35043673;"SPRF-RJ";"DEL06-RJ";"UOP01-DEL06-RJ"
577112;2024-01-26;"sexta-feira";"02:30:00";"RS";470;226,6;"GARIBALDI";"Reação tardia ou ineficiente do condutor";"Colisão com objeto";"Sem Vítimas";"Plena Noite";"Crescente";"Céu Claro";"Simples";"Não Informado";"Sim";1;0;0;0;0;1;0;1;-29,254341;-51,511682;"SPRF-RS";"DEL06-RS";"UOP01-DEL06-RS"
577114;2024-01-26;"sexta-feira";"04:40:00";"TO";153;416;"MIRANORTE";"Transitar na contramão";"Atropelamento de Pedestre";"Com Vítimas Feridas";"Amanhecer";"Decrescente";"Garoa/Chuvisco";"Simples";"Não Informado";"Sim";2;0;0;2;0;0;2;2;-9,54906574;-48,59904537;"SPRF-TO";"DEL01-TO";"UOP01-DEL01-TO"
577115;2024-01-26;"sexta-feira";"03:42:00";"CE";116;374;"ICO";"Pista esburacada";"Saída de leito carroçável";"Com Vítimas Feridas";"Plena Noite";"Crescente";"Nublado";"Simples";"Reta";"Sim";1;0;0;1;0;0;1;1;-6,38981779;-38,82378617;"SPRF-CE";"DEL05-CE";"UOP01-DEL05-CE"
577116;2024-01-26;"sexta-feira";"05:40:00";"SP";116;218;"GUARULHOS";"Reação tardia ou ineficiente do condutor";"Colisão com objeto";"Com Vítimas Feridas";"Amanhecer";"Decrescente";"Céu Claro";"Múltipla";"Não Informado";"Não";1;0;0;1;0;0;1;1;-23,457972;-46,479927;"SPRF-SP";"DEL01-SP";"UOP01-DEL01-SP"
577119;2024-01-26;"sexta-feira";"06:30:00";"SC";101;253;"PAULO LOPES";"Ausência de reação do condutor";"Capotamento";"Com Vítimas Feridas";"Pleno dia";"Crescente";"Chuva";"Dupla";"Curva";"Não";1;0;1;0;0;0;1;1;-27,96492999;-48,67962057;"SPRF-SC";"DEL02-SC";"UOP03-DEL02-SC"
577120;2024-01-25;"quinta-feira";"19:00:00";"MA";230;474;"RIACHAO";"Manobra de mudança de faixa";"Colisão frontal";"Com Vítimas Fatais";"Plena Noite";"Decrescente";"Céu Claro";"Simples";"Reta";"Não";2;1;0;0;1;0;0;2;-7,372446;-46,634822;"SPRF-MA";"DEL05-MA";"UOP01-DEL05-MA"
577124;2024-01-26;"sexta-feira";"07:00:00";"GO";60;106;"ANAPOLIS";"Demais falhas mecânicas ou elétricas";"Saída de leito carroçável";"Com Vítimas Feridas";"Pleno dia";"Crescente";"Céu Claro";"Dupla";"Não Informado";"Não";1;0;1;0;0;0;1;1;-16,4232;-49,0134;"SPRF-GO";"DEL02-GO";"UOP01-DEL02-GO"
577125;2024-01-26;"sexta-feira";"06:50:00";"PB";230;12;"CABEDELO";"Retorno proibido";"Colisão transversal";"Com Vítimas Feridas";"Pleno dia";"Decrescente";"Sol";"Dupla";"Reta";"Sim";2;0;1;1;0;0;2;2;-7,068;-34,85;"SPRF-PB";"DEL01-PB";"UOP01-DEL01-PB"
577126;2024-01-25;"quinta-feira";"14:50:00";"BA";367;30;"PORTO SEGURO";"Condutor Dormindo";"Colisão frontal";"Com Vítimas Feridas";"Pleno dia";"Crescente";"Nublado";"Simples";"Reta";"Sim";7;0;1;0;6;0;1;3;-16,41558116;-39,12658393;"SPRF-BA";"DEL09-BA";"UOP03-DEL09-BA"
577127;2024-01-06;"sábado";"16:45:00";"RN";110;1;"AREIA BRANCA";"Acessar a via sem observar a presença dos outros veículos";"Colisão frontal";"Com Vítimas Feridas";"Pleno dia";"Decrescente";"Céu Claro";"Simples";"Reta";"Sim";3;0;0;2;1;0;2;2;-4,94784603;-37,12300197;"SPRF-RN";"DEL04-RN";"UOP01-DEL04-RN"
577129;2024-01-26;"sexta-feira";"07:40:00";"RJ";101;308;"SAO GONCALO";"Ausência de reação do condutor";"Colisão com objeto";"Com Vítimas Feridas";"Pleno dia";"Decrescente";"Chuva";"Dupla";"Reta";"Não";3;0;1;0;2;0;1;1;-22,79309326;-43,02479595;"SPRF-RJ";"DEL02-RJ";"UOP02-DEL02-RJ"
577131;2024-01-26;"sexta-feira";"06:50:00";"MG";116;276,2;"TEOFILO OTONI";"Reação tardia ou ineficiente do condutor";"Colisão lateral mesmo sentido";"Com Vítimas Feridas";"Pleno dia";"Crescente";"Céu Claro";"Simples";"Não Informado";"Sim";2;0;1;0;1;0;1;2;-17,853172;-41,51427;"SPRF-MG";"DEL11-MG";"UOP01-DEL11-MG"
577132;2024-01-26;"sexta-feira";"07:39:00";"CE";116;15;"FORTALEZA";"Condutor deixou de manter distância do veículo da frente";"Colisão traseira";"Com Vítimas Feridas";"Pleno dia";"Decrescente";"Céu Claro";"Dupla";"Não Informado";"Sim";3;0;2;0;1;0;2;2;-3,87839882;-38,50066893;"SPRF-CE";"DEL01-CE";"UOP02-DEL01-CE"
577137;2024-01-26;"sexta-feira";"08:45:00";"SC";101;186,7;"BIGUACU";"Acumulo de água sobre o pavimento";"Saída de leito carroçável";"Com Vítimas Feridas";"Pleno dia";"Crescente";"Garoa/Chuvisco";"Dupla";"Curva";"Não";3;0;2;0;1;0;2;1;-27,4341098;-48,62567129;"SPRF-SC";"DEL01-SC";"UOP01-DEL01-SC"
577139;2024-01-26;"sexta-feira";"08:50:00";"RN";101;81,3;"NATAL";"Acessar a via sem observar a presença dos outros veículos";"Colisão transversal";"Com Vítimas Feridas";"Pleno dia";"Decrescente";"Sol";"Dupla";"Não Informado";"Sim";2;0;0;1;0;1;1;2;-5,76469466;-35,28295988;"SPRF-RN";"DEL02-RN";"UOP01-DEL02-RN"
577140;2024-01-26;"sexta-feira";"08:20:00";"SC";470;40,4;"GASPAR";"Demais falhas mecânicas ou elétricas";"Incêndio";"Sem Vítimas";"Pleno dia";"Decrescente";"Garoa/Chuvisco";"Dupla";"Reta";"Não";1;0;0;0;1;0;0;1;-26,889574;-48,99094;"SPRF-SC";"DEL04-SC";"UOP01-DEL04-SC"
577141;2024-01-26;"sexta-feira";"07:50:00";"MG";262;409,2;"IGARATINGA";"Velocidade Incompatível";"Saída de leito carroçável";"Com Vítimas Feridas";"Pleno dia";"Crescente";"Céu Claro";"Dupla";"Curva";"Não";1;0;0;1;0;0;1;1;-19,88464192;-44,61618402;"SPRF-MG";"DEL08-MG";"UOP03-DEL08-MG"