"id";"data_inversa";"dia_semana";"horario";"uf";"br";"km";"municipio";"causa_acidente";"tipo_acidente";"classificacao_acidente";"fase_dia";"sentido_via";"condicao_metereologica";"tipo_pista";"tracado_via";"uso_solo";"pessoas";"mortos";"feridos_leves";"feridos_graves";"ilesos";"ignorados";"feridos";"veiculos";"latitude";"longitude";"regional";"delegacia";"uop"
577351;2024-01-27;"sábado";"07:45:00";"GO";40;11;"LUZIANIA";"Ausência de reação do condutor";"Queda de ocupante de veículo";"Com Vítimas Feridas";"Pleno dia";"Decrescente";"Nublado";"Dupla";"Reta";"Sim";1;0;1;0;0;0;1;1;-16,138336;-47,951644;"SPRF-DF";"DEL01-DF";"UOP01-DEL01-DF"
577353;2024-01-27;"sábado";"09:20:00";"PR";277;128;"BALSA NOVA";"Afundamento ou ondulação no pavimento";"Tombamento";"Com Vítimas Feridas";"Pleno dia";"Crescente";"Nublado";"Dupla";"Curva";"Não";2;0;1;0;1;0;1;1;-25,44935868;-49,6161139;"SPRF-PR";"DEL03-PR";"UOP03-DEL03-PR"
577354;2024-01-27;"sábado";"08:45:00";"RN";427;92;"CAICO";"Avarias e/ou desgaste excessivo no pneu";"Queda de ocupante de veículo";"Com Vítimas Feridas";"Pleno dia";"Crescente";"Céu Claro";"Simples";"Curva";"Não";2;0;2;0;0;0;2;1;-6,48413207;-37,04516103;"SPRF-RN";"DEL03-RN";"UOP01-DEL03-RN"
577355;2024-01-27;"sábado";"10:00:00";"MG";381;685;"RIBEIRAO VERMELHO";"Manobra de mudança de faixa";"Colisão transversal";"Com Vítimas Feridas";"Pleno dia";"Decrescente";"Chuva";"Dupla";"Reta";"Não";2;0;1;0;1;0;1;1;-21,19177791;-45,11670723;"SPRF-MG";"DEL04-MG";"UOP02-DEL04-MG"
577356;2024-01-27;"sábado";"09:00:00";"MG";381;456;"BELO HORIZONTE";"Conversão proibida";"Colisão transversal";"Com Vítimas Feridas";"Pleno dia";"Decrescente";"Nublado";"Simples";"Reta";"Não";2;0;1;1;0;0;2;2;-19,85862954;-43,91292495;"SPRF-MG";"DEL01-MG";"UOP01-DEL01-MG"
577357;2024-01-27;"sábado";"10:55:00";"PR";376;662,2;"TIJUCAS DO SUL";"Condutor deixou de manter distância do veículo da frente";"Colisão traseira";"Sem Vítimas";"Pleno dia";"Decrescente";"Garoa/Chuvisco";"Dupla";"Não Informado";"Não";2;0;0;0;2;0;0;2;-25,85277415;-48,97649288;"SPRF-PR";"DEL01-PR";"UOP04-DEL01-PR"
577358;2024-01-27;"sábado";"09:23:00";"MT";163;829;"SINOP";"Acessar a via sem observar a presença dos outros veículos";"Colisão transversal";"Com Vítimas Feridas";"Pleno dia";"Decrescente";"Céu Claro";"Dupla";"Não Informado";"Sim";2;0;0;1;1;0;1;2;-11,91285942;-55,50876081;"SPRF-MT";"DEL06-MT";"UOP02-DEL06-MT"
577359;2024-01-27;"sábado";"09:00:00";"SC";101;233;"PALHOCA";"Ausência de reação do condutor";"Colisão com objeto";"Sem Vítimas";"Pleno dia";"Crescente";"Céu Claro";"Dupla";"Curva";"Não";1;0;0;0;0;1;0;1;-27,80376397;-48,63826211;"SPRF-SC";"DEL01-SC";"UOP02-DEL01-SC"
577360;2024-01-27;"sábado";"10:45:00";"SC";101;243;"PALHOCA";"Condutor deixou de manter distância do veículo da frente";"Colisão traseira";"Com Vítimas Feridas";"Pleno dia";"Decrescente";"Nublado";"Múltipla";"Reta";"Não";3;0;1;0;1;1;1;3;-27,88419902;-48,64750077;"SPRF-SC";"DEL01-SC";"UOP02-DEL01-SC"
577361;2024-01-27;"sábado";"07:57:00";"MT";163;61;"RONDONOPOLIS";"Ausência de reação do condutor";"Saída de leito carroçável";"Com Vítimas Feridas";"Pleno dia";"Crescente";"Céu Claro";"Dupla";"Reta";"Não";1;0;1;0;0;0;1;1;-16,97903791;-54,74750626;"SPRF-MT";"DEL02-MT";"UOP03-DEL02-MT"
577363;2024-01-27;"sábado";"08:45:00";"BA";367;32;"PORTO SEGURO";"Ultrapassagem Indevida";"Colisão lateral mesmo sentido";"Com Vítimas Feridas";"Pleno dia";"Decrescente";"Chuva";"Simples";"Reta";"Não";2;0;0;1;1;0;1;2;-16,42202306;-39,14457302;"SPRF-BA";"DEL09-BA";"UOP03-DEL09-BA"
577367;2024-01-27;"sábado";"08:00:00";"BA";101;602;"MASCOTE";"Ausência de reação do condutor";"Saída de leito carroçável";"Com Vítimas Feridas";"Pleno dia";"Crescente";"Garoa/Chuvisco";"Simples";"Reta";"Não";1;0;1;0;0;0;1;1;-15,67415807;-39,44112937;"SPRF-BA";"DEL05-BA";"UOP02-DEL05-BA"
577368;2024-01-27;"sábado";"09:55:00";"RJ";116;309;"RESENDE";"Reação tardia ou ineficiente do condutor";"Colisão lateral mesmo sentido";"Com Vítimas Feridas";"Pleno dia";"Crescente";"Sol";"Simples";"Reta";"Não";2;0;1;0;1;0;1;2;-22,45852838;-44,42672997;"SPRF-RJ";"DEL07-RJ";"UOP02-DEL07-RJ"
577370;2024-01-27;"sábado";"09:00:00";"RN";226;14;"MACAIBA";"Acesso irregular";"Colisão transversal";"Com Vítimas Feridas";"Pleno dia";"Decrescente";"Céu Claro";"Simples";"Reta";"Sim";2;0;1;0;1;0;1;2;-5,85650342;-35,33513725;"SPRF-RN";"DEL01-RN";"UOP02-DEL01-RN"
577372;2024-01-26;"sexta-feira";"18:00:00";"PR";277;612;"SANTA TEREZA DO OESTE";"Demais falhas mecânicas ou elétricas";"Incêndio";"Sem Vítimas";"Pleno dia";"Crescente";"Céu Claro";"Simples";"Não Informado";"Não";1;0;0;0;0;1;0;1;-25,05631922;-53,64042585;"SPRF-PR";"DEL05-PR";"UOP02-DEL05-PR"
577374;2024-01-27;"sábado";"10:00:00";"SP";116;505,5;"CAJATI";"Animais na Pista";"Atropelamento de Animal";"Com Vítimas Feridas";"Pleno dia";"Crescente";"Céu Claro";"Simples";"Não Informado";"Não";2;0;1;0;1;0;1;1;-24,79028098;-48,21075278;"SPRF-SP";"DEL05-SP";"UOP02-DEL05-SP"
577377;2024-01-27;"sábado";"09:45:00";"SC";282;502,4;"XANXERE";"Acessar a via sem observar a presença dos outros veículos";"Colisão traseira";"Com Vítimas Feridas";"Pleno dia";"Decrescente";"Céu Claro";"Dupla";"Não Informado";"Sim";3;0;2;0;1;0;2;2;-26,88513881;-52,39339113;"SPRF-SC";"DEL07-SC";"UOP01-DEL07-SC"
577378;2024-01-27;"sábado";"07:30:00";"MG";381;791;"SAO GONCALO DO SAPUCAI";"Reação tardia ou ineficiente do condutor";"Queda de ocupante de veículo";"Com Vítimas Feridas";"Pleno dia";"Decrescente";"Céu Claro";"Dupla";"Reta";"Não";1;0;0;1;0;0;1;1;-21,88900384;-45,54659986;"SPRF-MG";"DEL16-MG";"UOP02-DEL16-MG"
577380;2024-01-27;"sábado";"12:30:00";"MG";40;502,7;"ESMERALDAS";"Manobra de mudança de faixa";"Saída de leito carroçável";"Com Vítimas Feridas";"Pleno dia";"Crescente";"Sol";"Dupla";"Reta";"Não";2;0;1;0;1;0;1;1;-19,714002;-44,160929;"SPRF-MG";"DEL02-MG";"UOP01-DEL02-MG"
577381;2024-01-27;"sábado";"00:00:00";"MG";40;257;"SAO GONCALO DO ABAETE";"Falta de elemento de contenção que evite a saída do leito carroçável";"Saída de leito carroçável";"Com Vítimas Feridas";"Plena Noite";"Decrescente";"Chuva";"Simples";"Reta";"Não";1;0;1;0;0;0;1;1;-18,13557504;-45,38218;"SPRF-MG";"DEL14-MG";"UOP02-DEL14-MG"
577383;2024-01-23;"terça-feira";"23:42:00";"RJ";116;42;"TERESOPOLIS";"Ausência de reação do condutor";"Tombamento";"Com Vítimas Feridas";"Plena Noite";"Crescente";"Chuva";"Simples";"Reta";"Não";2;0;2;0;0;0;2;1;-22,14560636;-42,79362881;"SPRF-RJ";"DEL04-RJ";"UOP01-DEL04-RJ"
577385;2024-01-27;"sábado";"12:30:00";"GO";364;194;"JATAI";"Ausência de reação do condutor";"Saída de leito carroçável";"Sem Vítimas";"Pleno dia";"Crescente";"Céu Claro";"Dupla";"Não Informado";"Não";1;0;0;0;1;0;0;1;-17,922171;-51,704082;"SPRF-GO";"DEL05-GO";"UOP01-DEL05-GO"
577386;2024-01-27;"sábado";"12:44:00";"SC";101;208;"SAO JOSE";"Manobra de mudança de faixa";"Colisão lateral mesmo sentido";"Com Vítimas Feridas";"Pleno dia";"Crescente";"Nublado";"Múltipla";"Reta";"Sim";2;0;1;0;1;0;1;2;-27,60327979;-48,63201818;"SPRF-SC";"DEL01-SC";"UOP01-DEL01-SC"
577387;2024-01-27;"sábado";"12:10:00";"RO";319;62;"PORTO VELHO";"Condutor deixou de manter distância do veículo da frente";"Colisão traseira";"Sem Vítimas";"Pleno dia";"Crescente";"Nublado";"Múltipla";"Reta";"Sim";3;0;0;0;3;0;0;3;-8,766685;-63,884052;"SPRF-RO";"DEL01-RO";"UOP01-DEL01-RO"
577389;2024-01-27;"sábado";"13:20:00";"PR";116;0;"QUATRO BARRAS";"Reação tardia ou ineficiente do condutor";"Colisão com objeto";"Com Vítimas Feridas";"Pleno dia";"Decrescente";"Céu Claro";"Dupla";"Não Informado";"Sim";2;0;1;0;1;0;1;1;-25,3478;-49,0493;"SPRF-PR";"DEL01-PR";"UOP02-DEL01-PR"
577391;2024-01-27;"sábado";"12:40:00";"SC";101;350;"JAGUARUNA";"Pista Escorregadia";"Saída de leito carroçável";"Com Vítimas Feridas";"Pleno dia";"Crescente";"Garoa/Chuvisco";"Simples";"Retorno Regulamentado";"Sim";2;0;1;0;1;0;1;1;-28,58988203;-49,04517307;"SPRF-SC";"DEL02-SC";"UOP01-DEL02-SC"
577392;2024-01-27;"sábado";"13:00:00";"RJ";101;409;"ITAGUAI";"Carga excessiva e/ou mal acondicionada";"Colisão lateral mesmo sentido";"Com Vítimas Feridas";"Pleno dia";"Decrescente";"Nublado";"Dupla";"Reta";"Sim";2;0;1;0;1;0;1;2;-22,88503992;-43,83250205;"SPRF-RJ";"DEL03-RJ";"UOP01-DEL03-RJ"
577393;2024-01-27;"sábado";"13:50:00";"SP";116;224;"GUARULHOS";"Demais falhas mecânicas ou elétricas";"Queda de ocupante de veículo";"Com Vítimas Feridas";"Pleno dia";"Crescente";"Céu Claro";"Múltipla";"Reta";"Sim";2;0;2;0;0;0;2;1;-23,47559815;-46,5246609;"SPRF-SP";"DEL01-SP";"UOP01-DEL01-SP"
577394;2024-01-27;"sábado";"13:20:00";"RJ";101;57;"CAMPOS DOS GOYTACAZES";"Desrespeitar a preferência no cruzamento";"Colisão transversal";"Com Vítimas Feridas";"Pleno dia";"Crescente";"Nublado";"Simples";"Reta";"Não";4;0;3;0;0;1;3;3;-21,69602101;-41,31017467;"SPRF-RJ";"DEL08-RJ";"UOP01-DEL08-RJ"
577398;2024-01-27;"sábado";"12:15:00";"RJ";116;199;"QUEIMADOS";"Avarias e/ou desgaste excessivo no pneu";"Tombamento";"Com Vítimas Feridas";"Pleno dia";"Crescente";"Céu Claro";"Dupla";"Reta";"Sim";2;0;2;0;0;0;2;1;-22,72898648;-43,58452101;"SPRF-RJ";"DEL06-RJ";"UOP02-DEL06-RJ"
577399;2024-01-27;"sábado";"14:40:00";"PR";476;154;"ARAUCARIA";"Reação tardia ou ineficiente do condutor";"Tombamento";"Com Vítimas Feridas";"Pleno dia";"Crescente";"Garoa/Chuvisco";"Dupla";"Reta";"Sim";2;0;1;0;1;0;1;1;-25,584223;-49,401379;"SPRF-PR";"DEL01-PR";"UOP06-DEL01-PR"
577400;2024-01-27;"sábado";"14:45:00";"SP";381;26;"ATIBAIA";"Acumulo de água sobre o pavimento";"Colisão com objeto";"Com Vítimas Feridas";"Pleno dia";"Crescente";"Céu Claro";"Dupla";"Não Informado";"Não";2;0;1;0;1;0;1;1;-23,02679312;-46,53612988;"SPRF-SP";"DEL03-SP";"UOP02-DEL03-SP"
577402;2024-01-27;"sábado";"13:40:00";"RS";468;74;"CAMPO NOVO";"Acessar a via sem observar a presença dos outros veículos";"Colisão transversal";"Sem Vítimas";"Pleno dia";"Decrescente";"Céu Claro";"Simples";"Não Informado";"Não";2;0;0;0;2;0;0;2;-27,69505407;-53,84466441;"SPRF-RS";"DEL08-RS";"UOP02-DEL08-RS"
577403;2024-01-27;"sábado";"14:00:00";"MG";262;755;"SACRAMENTO";"Acessar a via sem observar a presença dos outros veículos";"Colisão transversal";"Com Vítimas Feridas";"Pleno dia";"Crescente";"Céu Claro";"Simples";"Interseção de vias";"Não";6;0;5;0;1;0;5;2;-19,64274921;-47,51038671;"SPRF-MG";"DEL13-MG";"UOP01-DEL13-MG"
577405;2024-01-27;"sábado";"14:15:00";"RS";290;103;"ELDORADO DO SUL";"Ausência de reação do condutor";"Engavetamento";"Com Vítimas Feridas";"Pleno dia";"Decrescente";"Céu Claro";"Dupla";"Reta";"Não";6;0;3;0;3;0;3;3;-29,99017;-51,265766;"SPRF-RS";"DEL01-RS";"UOP01-DEL01-RS"
577406;2024-01-27;"sábado";"13:00:00";"SC";101;206,8;"SAO JOSE";"Reação tardia ou ineficiente do condutor";"Colisão lateral mesmo sentido";"Com Vítimas Feridas";"Pleno dia";"Crescente";"Céu Claro";"Simples";"Viaduto";"Sim";2;0;1;0;1;0;1;2;-27,59193546;-48,61824557;"SPRF-SC";"DEL01-SC";"UOP01-DEL01-SC"
577407;2024-01-27;"sábado";"14:57:00";"SP";116;122;"CACAPAVA";"Demais falhas mecânicas ou elétricas";"Incêndio";"Sem Vítimas";"Pleno dia";"Decrescente";"Chuva";"Dupla";"Reta";"Não";1;0;0;0;1;0;0;1;-23,08192414;-45,66154591;"SPRF-SP";"DEL02-SP";"UOP02-DEL02-SP"
577410;2024-01-27;"sábado";"15:25:00";"PR";376;352;"ORTIGUEIRA";"Ausência de reação do condutor";"Saída de leito carroçável";"Com Vítimas Feridas";"Pleno dia";"Crescente";"Céu Claro";"Dupla";"Reta";"Não";1;0;1;0;0;0;1;1;-24,2276649;-50,92686653;"SPRF-PR";"DEL07-PR";"UOP02-DEL07-PR"
577411;2024-01-27;"sábado";"13:00:00";"RO";364;589;"ITAPUA DO OESTE";"Demais falhas mecânicas ou elétricas";"Tombamento";"Com Vítimas Feridas";"Pleno dia";"Decrescente";"Nublado";"Simples";"Reta";"Não";5;0;3;0;2;0;3;1;-9,31872895;-63,1465618;"SPRF-RO";"DEL01-RO";"UOP04-DEL01-RO"
577412;2024-01-27;"sábado";"14:45:00";"SP";101;52;"UBATUBA";"Acumulo de areia ou detritos sobre o pavimento";"Tombamento";"Com Vítimas Feridas";"Pleno dia";"Decrescente";"Chuva";"Simples";"Rotatória";"Sim";2;0;2;0;0;0;2;1;-23,46252016;-45,06438959;"SPRF-SP";"DEL06-SP";"UOP01-DEL06-SP"
577413;2024-01-27;"sábado";"14:30:00";"PR";376;601;"CURITIBA";"Reação tardia ou ineficiente do condutor";"Tombamento";"Com Vítimas Feridas";"Pleno dia";"Decrescente";"Céu Claro";"Múltipla";"Reta";"Sim";1;0;0;1;0;0;1;1;-25,53675902;-49,31434393;"SPRF-PR";"DEL01-PR";"UOP06-DEL01-PR"
577414;2024-01-27;"sábado";"14:00:00";"PR";163;237,9;"TOLEDO";"Velocidade Incompatível";"Saída de leito carroçável";"Com Vítimas Feridas";"Pleno dia";"Crescente";"Chuva";"Dupla";"Não Informado";"Não";1;0;1;0;0;0;1;1;-24,7402055;-53,69353998;"SPRF-PR";"DEL04-PR";"UOP01-DEL04-PR"
577416;2024-01-27;"sábado";"15:40:00";"SC";101;129,6;"BALNEARIO CAMBORIU";"Transitar na contramão";"Colisão lateral sentido oposto";"Com Vítimas Feridas";"Pleno dia";"Crescente";"Céu Claro";"Dupla";"Não Informado";"Sim";2;0;0;1;1;0;1;2;-26,98064277;-48,6790679;"SPRF-SC";"DEL04-SC";"UOP03-DEL04-SC"
577418;2024-01-27;"sábado";"16:10:00";"RN";226;33,4;"MACAIBA";"Retorno proibido";"Colisão transversal";"Com Vítimas Feridas";"Pleno dia";"Crescente";"Céu Claro";"Simples";"Não Informado";"Não";3;0;0;1;0;2;1;3;-5,89069063;-35,49360752;"SPRF-RN";"DEL01-RN";"UOP02-DEL01-RN"
577419;2024-01-27;"sábado";"15:45:00";"PE";101;47;"IGARASSU";"Ingestão de álcool pelo condutor";"Colisão traseira";"Sem Vítimas";"Pleno dia";"Decrescente";"Céu Claro";"Dupla";"Interseção de vias";"Sim";2;0;0;0;2;0;0;2;-7,87406004;-34,90588126;"SPRF-PE";"DEL01-PE";"UOP02-DEL01-PE"
577422;2024-01-23;"terça-feira";"20:00:00";"RJ";116;68;"TERESOPOLIS";"Acessar a via sem observar a presença dos outros veículos";"Colisão transversal";"Com Vítimas Feridas";"Plena Noite";"Decrescente";"Chuva";"Simples";"Reta";"Não";4;0;3;0;1;0;3;3;-22,30203301;-42,93608798;"SPRF-RJ";"DEL04-RJ";"UOP01-DEL04-RJ"
577423;2024-01-27;"sábado";"14:40:00";"PR";163;124,5;"REALEZA";"Ingestão de álcool pelo condutor";"Saída de leito carroçável";"Sem Vítimas";"Pleno dia";"Decrescente";"Céu Claro";"Simples";"Não Informado";"Não";1;0;0;0;0;1;0;1;-25,59960009;-53,58643503;"SPRF-PR";"DEL02-PR";"UOP02-DEL02-PR"
577424;2024-01-27;"sábado";"16:25:00";"MG";40;712,5;"BARBACENA";"Velocidade Incompatível";"Colisão com objeto";"Com Vítimas Feridas";"Pleno dia";"Decrescente";"Nublado";"Dupla";"Curva";"Não";1;0;0;1;0;0;1;1;-21,25025619;-43,66495024;"SPRF-MG";"DEL05-MG";"UOP02-DEL05-MG"
577425;2024-01-27;"sábado";"17:00:00";"MG";381;510;"SAO JOAQUIM DE BICAS";"Acessar a via sem observar a presença dos outros veículos";"Colisão transversal";"Com Vítimas Feridas";"Pleno dia";"Decrescente";"Céu Claro";"Dupla";"Reta";"Sim";2;0;1;0;1;0;1;2;-20,07738209;-44,30434488;"SPRF-MG";"DEL01-MG";"UOP03-DEL01-MG"
577426;2024-01-27;"sábado";"16:40:00";"PR";277;78;"CURITIBA";"Velocidade Incompatível";"Colisão com objeto";"Com Vítimas Feridas";"Pleno dia";"Crescente";"Nublado";"Dupla";"Reta";"Sim";2;0;1;0;1;0;1;1;-25,481617;-49,194847;"SPRF-PR";"DEL01-PR";"UOP07-DEL01-PR"
577427;2024-01-27;"sábado";"15:00:00";"SC";101;312;"LAGUNA";"Transtornos Mentais (exceto suicidio)";"Saída de leito carroçável";"Com Vítimas Feridas";"Pleno dia";"Decrescente";"Céu Claro";"Simples";"Curva";"Sim";1;0;0;1;0;0;1;1;-28,44060725;-48,81270111;"SPRF-SC";"DEL02-SC";"UOP01-DEL02-SC"
577428;2024-01-26;"sexta-feira";"16:00:00";"PI";343;572,3;"FLORIANO";"Demais falhas mecânicas ou elétricas";"Incêndio";"Sem Vítimas";"Pleno dia";"Crescente";"Chuva";"Simples";"Reta";"Não";1;0;0;0;0;1;0;1;-6,748282;-42,925209;"SPRF-PI";"DEL03-PI";"UOP01-DEL03-PI"
577430;2024-01-27;"sábado";"16:20:00";"MS";163;842,6;"SONORA";"Reação tardia ou ineficiente do condutor";"Colisão com objeto";"Com Vítimas Feridas";"Pleno dia";"Crescente";"Céu Claro";"Simples";"Não Informado";"Não";1;0;0;1;0;0;1;1;-17,55520696;-54,74130854;"SPRF-MS";"DEL06-MS";"UOP01-DEL06-MS"
577433;2024-01-27;"sábado";"17:40:00";"RJ";101;411,3;"ITAGUAI";"Demais falhas mecânicas ou elétricas";"Queda de ocupante de veículo";"Com Vítimas Feridas";"Anoitecer";"Crescente";"Nublado";"Simples";"Reta";"Sim";2;0;2;0;0;0;2;1;-22,89484687;-43,84753204;"SPRF-RJ";"DEL03-RJ";"UOP01-DEL03-RJ"
577434;2024-01-27;"sábado";"17:15:00";"RS";290;354;"SAO SEPE";"Condutor deixou de manter distância do veículo da frente";"Engavetamento";"Com Vítimas Feridas";"Pleno dia";"Crescente";"Céu Claro";"Simples";"Não Informado";"Não";11;0;3;0;6;2;3;6;-30,376383;-53,712734;"SPRF-RS";"DEL09-RS";"UOP02-DEL09-RS"
577436;2024-01-27;"sábado";"18:30:00";"PR";277;586,5;"CASCAVEL";"Desrespeitar a preferência no cruzamento";"Colisão transversal";"Com Vítimas Feridas";"Anoitecer";"Crescente";"Nublado";"Simples";"Interseção de vias";"Sim";5;0;2;0;3;0;2;3;-24,96678893;-53,42456287;"SPRF-PR";"DEL04-PR";"UOP01-DEL04-PR"
577438;2024-01-27;"sábado";"17:30:00";"MT";163;835;"SINOP";"Ingestão de álcool pelo condutor";"Saída de leito carroçável";"Sem Vítimas";"Anoitecer";"Crescente";"Céu Claro";"Simples";"Viaduto";"Sim";1;0;0;0;1;0;0;1;-11,986895;-55,517033;"SPRF-MT";"DEL06-MT";"UOP02-DEL06-MT"
577439;2024-01-27;"sábado";"19:00:00";"RJ";101;472;"ANGRA DOS REIS";"Ausência de reação do condutor";"Atropelamento de Pedestre";"Com Vítimas Feridas";"Plena Noite";"Decrescente";"Chuva";"Simples";"Reta";"Sim";2;0;0;1;0;1;1;2;-22,98960623;-44,24168693;"SPRF-RJ";"DEL03-RJ";"UOP03-DEL03-RJ"
577440;2024-01-27;"sábado";"11:20:00";"RO";364;343;"JI-PARANA";"Conversão proibida";"Colisão transversal";"Com Vítimas Feridas";"Pleno dia";"Decrescente";"Nublado";"Dupla";"Não Informado";"Sim";2;0;1;0;1;0;1;2;-10,87878519;-61,94499012;"SPRF-RO";"DEL02-RO";"UOP01-DEL02-RO"
577441;2024-01-27;"sábado";"18:30:00";"BA";324;530;"FEIRA DE SANTANA";"Chuva";"Capotamento";"Com Vítimas Feridas";"Plena Noite";"Decrescente";"Chuva";"Dupla";"Curva";"Não";2;0;2;0;0;0;2;1;-12,32818491;-38,86174193;"SPRF-BA";"DEL01-BA";"UOP03-DEL01-BA"
577443;2024-01-27;"sábado";"19:10:00";"SC";101;404,3;"ARARANGUA";"Frear bruscamente";"Tombamento";"Sem Vítimas";"Pleno dia";"Crescente";"Nublado";"Dupla";"Reta";"Sim";1;0;0;0;1;0;0;1;-28,89770087;-49,47336674;"SPRF-SC";"DEL02-SC";"UOP02-DEL02-SC"
577444;2024-01-27;"sábado";"19:30:00";"DF";40;5;"BRASILIA";"Ausência de reação do condutor";"Colisão lateral mesmo sentido";"Com Vítimas Feridas";"Plena Noite";"Crescente";"Nublado";"Dupla";"Reta";"Sim";2;0;1;0;1;0;1;2;-16,020903;-47,980541;"SPRF-DF";"DEL01-DF";"UOP01-DEL01-DF"
577446;2024-01-27;"sábado";"19:05:00";"SE";235;41,4;"ITABAIANA";"Pedestre - Ingestão de álcool/ substâncias psicoativas";"Atropelamento de Pedestre";"Com Vítimas Feridas";"Plena Noite";"Crescente";"Céu Claro";"Simples";"Não Informado";"Sim";4;0;0;1;3;0;1;2;-10,769856;-37,373135;"SPRF-SE";"DEL01-SE";"UOP02-DEL01-SE"
577448;2024-01-27;"sábado";"20:30:00";"CE";116;7;"FORTALEZA";"Ingestão de álcool pelo condutor";"Colisão frontal";"Com Vítimas Feridas";"Plena Noite";"Crescente";"Céu Claro";"Simples";"Viaduto";"Não";3;0;0;1;1;1;1;3;-3,81073099;-38,50074867;"SPRF-CE";"DEL01-CE";"UOP02-DEL01-CE"
577449;2024-01-27;"sábado";"03:20:00";"PA";222;28;"DOM ELISEU";"Ausência de reação do condutor";"Saída de leito carroçável";"Com Vítimas Fatais";"Anoitecer";"Crescente";"Nublado";"Simples";"Não Informado";"Não";3;1;0;1;0;1;1;2;-4,31721;-47,644073;"SPRF-PA";"DEL02-PA";"UOP02-DEL02-PA"
577450;2024-01-27;"sábado";"20:10:00";"SC";101;331;"TUBARAO";"Ausência de reação do condutor";"Tombamento";"Com Vítimas Feridas";"Plena Noite";"Crescente";"Céu Claro";"Simples";"Reta";"Sim";1;0;1;0;0;0;1;1;-28,45567521;-48,9812689;"SPRF-SC";"DEL02-SC";"UOP01-DEL02-SC"
577452;2024-01-27;"sábado";"20:40:00";"PR";376;180,9;"MARINGA";"Ingestão de álcool pelo condutor";"Colisão traseira";"Sem Vítimas";"Plena Noite";"Decrescente";"Céu Claro";"Dupla";"Reta";"Sim";2;0;0;0;2;0;0;2;-23,42725352;-51,89512271;"SPRF-PR";"DEL09-PR";"UOP01-DEL09-PR"
577453;2024-01-27;"sábado";"17:00:00";"SC";153;108,7;"CONCORDIA";"Velocidade Incompatível";"Queda de ocupante de veículo";"Com Vítimas Feridas";"Pleno dia";"Decrescente";"Nublado";"Simples";"Curva";"Não";1;0;1;0;0;0;1;1;-27,30955328;-51,98558807;"SPRF-SC";"DEL07-SC";"UOP04-DEL07-SC"
577454;2024-01-27;"sábado";"20:05:00";"MG";354;754;"ITAMONTE";"Acessar a via sem observar a presença dos outros veículos";"Colisão transversal";"Com Vítimas Feridas";"Plena Noite";"Crescente";"Céu Claro";"Simples";"Não Informado";"Não";3;0;1;0;2;0;1;2;-22,30480233;-44,85575196;"SPRF-MG";"DEL17-MG";"UOP01-DEL17-MG"
577456;2024-01-27;"sábado";"20:30:00";"PR";476;145,1;"CURITIBA";"Reação tardia ou ineficiente do condutor";"Saída de leito carroçável";"Sem Vítimas";"Plena Noite";"Decrescente";"Nublado";"Dupla";"Reta";"Não";1;0;0;0;1;0;0;1;-25,547749;-49,32095;"SPRF-PR";"DEL01-PR";"UOP06-DEL01-PR"
577457;2024-01-27;"sábado";"19:15:00";"PI";316;306;"PICOS";"Manobra de mudança de faixa";"Colisão lateral sentido oposto";"Com Vítimas Feridas";"Plena Noite";"Crescente";"Nublado";"Simples";"Curva";"Não";4;0;0;1;1;2;1;4;-7,07700699;-41,50959795;"SPRF-PI";"DEL04-PI";"UOP01-DEL04-PI"
577458;2024-01-27;"sábado";"17:50:00";"RO";364;375;"OURO PRETO DO OESTE";"Reação tardia ou ineficiente do condutor";"Tombamento";"Com Vítimas Feridas";"Plena Noite";"Decrescente";"Nublado";"Simples";"Não Informado";"Não";1;0;0;1;0;0;1;1;-10,73949672;-62,18555898;"SPRF-RO";"DEL02-RO";"UOP01-DEL02-RO"
577459;2024-01-27;"sábado";"18:00:00";"MA";402;3;"ROSARIO";"Ausência de reação do condutor";"Atropelamento de Pedestre";"Com Vítimas Fatais";"Anoitecer";"Crescente";"Garoa/Chuvisco";"Simples";"Reta";"Sim";2;1;0;0;0;1;0;2;-2,957435;-44,297928;"SPRF-MA";"DEL01-MA";"UOP01-DEL01-MA"
577460;2024-01-27;"sábado";"21:00:00";"SC";470;47,2;"BLUMENAU";"Conversão proibida";"Colisão lateral mesmo sentido";"Com Vítimas Feridas";"Plena Noite";"Decrescente";"Garoa/Chuvisco";"Simples";"Não Informado";"Não";6;0;2;0;4;0;2;2;-26,864044;-49,046516;"SPRF-SC";"DEL04-SC";"UOP01-DEL04-SC"
577461;2024-01-27;"sábado";"19:00:00";"MT";70;384;"SANTO ANTONIO DO LEVERGER";"Ausência de reação do condutor";"Colisão traseira";"Sem Vítimas";"Plena Noite";"Crescente";"Céu Claro";"Múltipla";"Reta";"Não";3;0;0;0;3;0;0;2;-15,701974;-55,829186;"SPRF-MT";"DEL05-MT";"UOP02-DEL05-MT"
577462;2024-01-27;"sábado";"10:45:00";"BA";324;469;"CANDEAL";"Velocidade Incompatível";"Colisão traseira";"Com Vítimas Feridas";"Pleno dia";"Decrescente";"Nublado";"Simples";"Não Informado";"Não";2;0;0;1;0;1;1;2;-11,95805165;-39,16557312;"SPRF-BA";"DEL02-BA";"UOP01-DEL02-BA"