"id";"data_inversa";"dia_semana";"horario";"uf";"br";"km";"municipio";"causa_acidente";"tipo_acidente";"classificacao_acidente";"fase_dia";"sentido_via";"condicao_metereologica";"tipo_pista";"tracado_via";"uso_solo";"pessoas";"mortos";"feridos_leves";"feridos_graves";"ilesos";"ignorados";"feridos";"veiculos";"latitude";"longitude";"regional";"delegacia";"uop"
577463;2024-01-27;"sábado";"19:20:00";"BA";367;33,7;"PORTO SEGURO";"Acessar a via sem observar a presença dos outros veículos";"Atropelamento de Pedestre";"Com Vítimas Feridas";"Plena Noite";"Crescente";"Chuva";"Simples";"Reta";"Sim";2;0;0;1;0;1;1;2;-16,41808735;-39,15338816;"SPRF-BA";"DEL09-BA";"UOP03-DEL09-BA"
577464;2024-01-27;"sábado";"21:15:00";"DF";20;20;"BRASILIA";"Pedestre andava na pista";"Atropelamento de Pedestre";"Com Vítimas Fatais";"Plena Noite";"Crescente";"Nublado";"Dupla";"Não Informado";"Sim";2;1;0;0;0;1;0;2;-15,607905;-47,692791;"SPRF-DF";"DEL02-DF";"UOP01-DEL02-DF"
577466;2024-01-27;"sábado";"18:43:00";"SC";101;298;"LAGUNA";"Ausência de reação do condutor";"Colisão com objeto";"Com Vítimas Feridas";"Pleno dia";"Crescente";"Céu Claro";"Dupla";"Reta";"Não";2;0;2;0;0;0;2;1;-28,32102597;-48,72829906;"SPRF-SC";"DEL02-SC";"UOP03-DEL02-SC"
577468;2024-01-27;"sábado";"19:00:00";"RJ";101;385;"RIO DE JANEIRO";"Ausência de reação do condutor";"Colisão traseira";"Com Vítimas Feridas";"Plena Noite";"Decrescente";"Nublado";"Dupla";"Curva";"Sim";2;0;1;0;1;0;1;2;-22,88064129;-43,63218994;"SPRF-RJ";"DEL03-RJ";"UOP01-DEL03-RJ"
577469;2024-01-27;"sábado";"20:00:00";"MG";116;804;"ALEM PARAIBA";"Ausência de reação do condutor";"Queda de ocupante de veículo";"Com Vítimas Feridas";"Plena Noite";"Crescente";"Céu Claro";"Simples";"Reta";"Não";1;0;1;0;0;0;1;1;-21,79286161;-42,71488284;"SPRF-MG";"DEL07-MG";"UOP01-DEL07-MG"
577470;2024-01-27;"sábado";"21:10:00";"MG";50;203;"UBERABA";"Reação tardia ou ineficiente do condutor";"Colisão transversal";"Com Vítimas Feridas";"Plena Noite";"Crescente";"Céu Claro";"Dupla";"Reta";"Não";2;0;1;0;1;0;1;2;-19,92627147;-47,82191068;"SPRF-MG";"DEL13-MG";"UOP01-DEL13-MG"
577471;2024-01-27;"sábado";"21:35:00";"RS";116;530;"CAPAO DO LEAO";"Desrespeitar a preferência no cruzamento";"Eventos atípicos";"Com Vítimas Feridas";"Plena Noite";"Decrescente";"Nublado";"Simples";"Reta";"Não";5;0;1;0;4;0;1;2;-31,7590834;-52,43687971;"SPRF-RS";"DEL07-RS";"UOP01-DEL07-RS"
577473;2024-01-27;"sábado";"17:15:00";"MA";135;48;"BACABEIRA";"Ingestão de álcool pelo condutor";"Colisão transversal";"Sem Vítimas";"Pleno dia";"Crescente";"Céu Claro";"Dupla";"Reta";"Sim";2;0;0;0;2;0;0;2;-2,94707912;-44,32733632;"SPRF-MA";"DEL01-MA";"UOP01-DEL01-MA"
577475;2024-01-27;"sábado";"20:35:00";"PR";369;452,2;"CORBELIA";"Demais falhas mecânicas ou elétricas";"Incêndio";"Sem Vítimas";"Plena Noite";"Decrescente";"Nublado";"Simples";"Não Informado";"Não";1;0;0;0;1;0;0;1;-24,58264;-53,15967;"SPRF-PR";"DEL04-PR";"UOP03-DEL04-PR"
577477;2024-01-27;"sábado";"21:40:00";"SC";470;61,3;"BLUMENAU";"Ausência de reação do condutor";"Saída de leito carroçável";"Sem Vítimas";"Plena Noite";"Decrescente";"Chuva";"Simples";"Reta";"Não";1;0;0;0;0;1;0;1;-26,878952;-49,17421;"SPRF-SC";"DEL04-SC";"UOP01-DEL04-SC"
577478;2024-01-27;"sábado";"22:40:00";"RN";427;118,1;"CAICO";"Condutor Dormindo";"Saída de leito carroçável";"Com Vítimas Feridas";"Plena Noite";"Crescente";"Nublado";"Simples";"Curva";"Não";1;0;1;0;0;0;1;1;-6,50494298;-37,22480157;"SPRF-RN";"DEL03-RN";"UOP01-DEL03-RN"
577479;2024-01-27;"sábado";"22:30:00";"CE";116;3;"FORTALEZA";"Pista Escorregadia";"Colisão com objeto";"Com Vítimas Feridas";"Plena Noite";"Crescente";"Nublado";"Múltipla";"Viaduto";"Sim";2;0;1;1;0;0;2;1;-3,77949262;-38,51590991;"SPRF-CE";"DEL01-CE";"UOP02-DEL01-CE"
577480;2024-01-27;"sábado";"22:30:00";"PI";316;7;"TERESINA";"Ausência de reação do condutor";"Queda de ocupante de veículo";"Com Vítimas Feridas";"Plena Noite";"Decrescente";"Chuva";"Dupla";"Não Informado";"Sim";1;0;0;1;0;0;1;1;-5,15584638;-42,77173332;"SPRF-PI";"DEL01-PI";"UOP02-DEL01-PI"
577483;2024-01-27;"sábado";"22:40:00";"RJ";356;40;"ITAPERUNA";"Animais na Pista";"Atropelamento de Animal";"Com Vítimas Feridas";"Plena Noite";"Decrescente";"Céu Claro";"Simples";"Não Informado";"Não";1;0;1;0;0;0;1;1;-21,20888258;-41,84111052;"SPRF-RJ";"DEL08-RJ";"UOP03-DEL08-RJ"
577488;2024-01-27;"sábado";"19:00:00";"BA";101;558;"JUSSARI";"Ausência de reação do condutor";"Saída de leito carroçável";"Com Vítimas Feridas";"Plena Noite";"Decrescente";"Chuva";"Simples";"Curva";"Não";1;0;1;0;0;0;1;1;-15,180923;-39,432607;"SPRF-BA";"DEL05-BA";"UOP02-DEL05-BA"
577489;2024-01-27;"sábado";"23:02:00";"RJ";465;4;"SEROPEDICA";"Reação tardia ou ineficiente do condutor";"Saída de leito carroçável";"Com Vítimas Feridas";"Plena Noite";"Crescente";"Garoa/Chuvisco";"Simples";"Curva";"Sim";8;0;8;0;0;0;8;1;-22,740971;-43,705597;"SPRF-RJ";"DEL06-RJ";"UOP02-DEL06-RJ"
577490;2024-01-27;"sábado";"21:00:00";"MG";267;57;"GUARARA";"Demais falhas mecânicas ou elétricas";"Incêndio";"Com Vítimas Feridas";"Plena Noite";"Decrescente";"Céu Claro";"Simples";"Reta";"Não";2;0;2;0;0;0;2;1;-21,71866407;-43,02859901;"SPRF-MG";"DEL07-MG";"UOP01-DEL07-MG"
577491;2024-01-27;"sábado";"23:55:00";"RS";116;247,9;"SAO LEOPOLDO";"Reação tardia ou ineficiente do condutor";"Colisão lateral mesmo sentido";"Com Vítimas Feridas";"Plena Noite";"Decrescente";"Nublado";"Dupla";"Reta";"Sim";7;0;1;0;5;1;1;2;-29,76733091;-51,1535296;"SPRF-RS";"DEL01-RS";"UOP02-DEL01-RS"
577492;2024-01-27;"sábado";"23:30:00";"PR";369;482;"CORBELIA";"Transitar na contramão";"Colisão frontal";"Com Vítimas Feridas";"Plena Noite";"Crescente";"Nublado";"Simples";"Não Informado";"Sim";3;0;0;3;0;0;3;2;-24,77276;-53,29307;"SPRF-PR";"DEL04-PR";"UOP03-DEL04-PR"
577494;2024-01-28;"domingo";"00:26:00";"RJ";40;118;"DUQUE DE CAXIAS";"Reação tardia ou ineficiente do condutor";"Colisão traseira";"Sem Vítimas";"Plena Noite";"Decrescente";"Chuva";"Múltipla";"Reta";"Sim";5;0;0;0;5;0;0;2;-22,75470802;-43,28737838;"SPRF-RJ";"DEL01-RJ";"UOP02-DEL01-RJ"
577496;2024-01-28;"domingo";"01:05:00";"MG";381;449;"SABARA";"Transitar na contramão";"Colisão frontal";"Com Vítimas Feridas";"Plena Noite";"Decrescente";"Céu Claro";"Simples";"Curva";"Não";3;0;1;2;0;0;3;2;-19,84164036;-43,86232683;"SPRF-MG";"DEL01-MG";"UOP01-DEL01-MG"
577497;2024-01-27;"sábado";"23:10:00";"MA";316;241;"BOM JARDIM";"Acessar a via sem observar a presença dos outros veículos";"Colisão frontal";"Com Vítimas Feridas";"Plena Noite";"Decrescente";"Céu Claro";"Simples";"Reta";"Sim";2;0;0;1;0;1;1;2;-3,601893;-45,538166;"SPRF-MA";"DEL02-MA";"UOP01-DEL02-MA"
577498;2024-01-27;"sábado";"22:35:00";"RJ";101;487;"ANGRA DOS REIS";"Ingestão de álcool pelo condutor";"Colisão com objeto";"Com Vítimas Feridas";"Plena Noite";"Crescente";"Nublado";"Dupla";"Reta";"Sim";3;0;1;0;2;0;1;2;-22,97219356;-44,29767966;"SPRF-RJ";"DEL03-RJ";"UOP03-DEL03-RJ"
577499;2024-01-28;"domingo";"01:30:00";"RS";386;345,9;"LAJEADO";"Retorno proibido";"Colisão transversal";"Sem Vítimas";"Plena Noite";"Crescente";"Céu Claro";"Dupla";"Não Informado";"Não";2;0;0;0;2;0;0;2;-29,4468385;-51,97499871;"SPRF-RS";"DEL04-RS";"UOP01-DEL04-RS"
577500;2024-01-28;"domingo";"01:03:00";"SC";282;3;"FLORIANOPOLIS";"Reação tardia ou ineficiente do condutor";"Saída de leito carroçável";"Com Vítimas Feridas";"Plena Noite";"Crescente";"Céu Claro";"Múltipla";"Curva";"Sim";2;0;1;0;1;0;1;1;-27,600384;-48,599705;"SPRF-SC";"DEL01-SC";"UOP01-DEL01-SC"
577501;2024-01-27;"sábado";"22:40:00";"RS";285;143,5;"MUITOS CAPOES";"Ausência de sinalização";"Colisão com objeto";"Sem Vítimas";"Plena Noite";"Crescente";"Céu Claro";"Simples";"Interseção de vias";"Não";1;0;0;0;1;0;0;1;-28,37179507;-51,08793855;"SPRF-RS";"DEL05-RS";"UOP03-DEL05-RS"
577502;2024-01-28;"domingo";"01:20:00";"RN";101;108,2;"PARNAMIRIM";"Reação tardia ou ineficiente do condutor";"Colisão lateral mesmo sentido";"Sem Vítimas";"Plena Noite";"Decrescente";"Céu Claro";"Dupla";"Reta";"Sim";2;0;0;0;1;1;0;2;-5,92825102;-35,26465683;"SPRF-RN";"DEL01-RN";"UOP01-DEL01-RN"
577503;2024-01-28;"domingo";"01:15:00";"SC";101;374;"ICARA";"Ingestão de álcool pelo condutor";"Colisão com objeto";"Sem Vítimas";"Plena Noite";"Decrescente";"Céu Claro";"Dupla";"Reta";"Não";4;0;0;0;4;0;0;1;-28,71534412;-49,22723198;"SPRF-SC";"DEL02-SC";"UOP01-DEL02-SC"
577504;2024-01-28;"domingo";"01:30:00";"GO";40;31,8;"LUZIANIA";"Condutor Dormindo";"Colisão lateral mesmo sentido";"Com Vítimas Feridas";"Plena Noite";"Crescente";"Céu Claro";"Dupla";"Reta";"Não";2;0;1;0;1;0;1;2;-16,28928861;-47,85399914;"SPRF-DF";"DEL01-DF";"UOP01-DEL01-DF"
577505;2024-01-28;"domingo";"00:40:00";"SP";116;69,2;"APARECIDA";"Ingestão de álcool pelo condutor";"Colisão frontal";"Com Vítimas Feridas";"Plena Noite";"Decrescente";"Céu Claro";"Dupla";"Não Informado";"Sim";10;0;1;0;9;0;1;3;-22,84017188;-45,22364349;"SPRF-SP";"DEL08-SP";"UOP01-DEL08-SP"
577506;2024-01-28;"domingo";"02:00:00";"PI";343;256;"CAMPO MAIOR";"Ingestão de álcool pelo condutor";"Queda de ocupante de veículo";"Com Vítimas Feridas";"Plena Noite";"Crescente";"Céu Claro";"Simples";"Reta";"Não";1;0;1;0;0;0;1;1;-4,777813;-42,115211;"SPRF-PI";"DEL01-PI";"UOP03-DEL01-PI"
577507;2024-01-28;"domingo";"00:15:00";"SC";101;371,3;"ICARA";"Transitar na contramão";"Colisão lateral sentido oposto";"Com Vítimas Feridas";"Plena Noite";"Crescente";"Nublado";"Dupla";"Reta";"Não";8;0;3;0;4;1;3;3;-28,712925;-49,21687;"SPRF-SC";"DEL02-SC";"UOP01-DEL02-SC"
577508;2024-01-27;"sábado";"23:00:00";"RJ";101;486;"ANGRA DOS REIS";"Reação tardia ou ineficiente do condutor";"Colisão com objeto";"Com Vítimas Feridas";"Plena Noite";"Decrescente";"Chuva";"Simples";"Reta";"Sim";2;0;0;2;0;0;2;1;-22,96828891;-44,29864663;"SPRF-RJ";"DEL03-RJ";"UOP03-DEL03-RJ"
577509;2024-01-28;"domingo";"03:00:00";"PR";376;184,8;"SARANDI";"Transitar na contramão";"Colisão frontal";"Com Vítimas Feridas";"Plena Noite";"Decrescente";"Nublado";"Dupla";"Não Informado";"Não";2;0;1;0;1;0;1;2;-23,4465611;-51,86216706;"SPRF-PR";"DEL09-PR";"UOP01-DEL09-PR"
577510;2024-01-28;"domingo";"03:20:00";"SC";101;10;"GARUVA";"Ingestão de álcool pelo condutor";"Saída de leito carroçável";"Sem Vítimas";"Plena Noite";"Decrescente";"Céu Claro";"Dupla";"Reta";"Não";1;0;0;0;1;0;0;1;-26,063011;-48,86020605;"SPRF-SC";"DEL03-SC";"UOP01-DEL03-SC"
577511;2024-01-27;"sábado";"21:00:00";"MS";376;67,1;"GLORIA DE DOURADOS";"Reação tardia ou ineficiente do condutor";"Tombamento";"Com Vítimas Feridas";"Plena Noite";"Crescente";"Céu Claro";"Simples";"Reta";"Não";1;0;1;0;0;0;1;1;-22,40101119;-54,22338257;"SPRF-MS";"DEL04-MS";"UOP04-DEL04-MS"
577512;2024-01-28;"domingo";"04:30:00";"MG";40;479,8;"SETE LAGOAS";"Falta de elemento de contenção que evite a saída do leito carroçável";"Saída de leito carroçável";"Com Vítimas Feridas";"Plena Noite";"Crescente";"Nublado";"Dupla";"Reta";"Não";2;0;2;0;0;0;2;1;-19,53622599;-44,25468498;"SPRF-MG";"DEL02-MG";"UOP01-DEL02-MG"
577514;2024-01-28;"domingo";"03:20:00";"MG";365;837;"SANTA VITORIA";"Ausência de reação do condutor";"Capotamento";"Com Vítimas Feridas";"Plena Noite";"Crescente";"Garoa/Chuvisco";"Simples";"Reta";"Não";2;0;2;0;0;0;2;1;-18,92093987;-50,24802205;"SPRF-MG";"DEL15-MG";"UOP03-DEL15-MG"
577515;2024-01-28;"domingo";"02:20:00";"PR";376;153,2;"MANDAGUACU";"Reação tardia ou ineficiente do condutor";"Saída de leito carroçável";"Com Vítimas Feridas";"Plena Noite";"Decrescente";"Céu Claro";"Dupla";"Reta";"Não";1;0;1;0;0;0;1;1;-23,32035204;-52,11016485;"SPRF-PR";"DEL09-PR";"UOP01-DEL09-PR"
577516;2024-01-27;"sábado";"22:35:00";"GO";364;48;"CACHOEIRA ALTA";"Transitar na contramão";"Colisão frontal";"Com Vítimas Fatais";"Plena Noite";"Crescente";"Nublado";"Simples";"Reta";"Não";4;1;0;2;1;0;2;2;-18,821194;-50,880119;"SPRF-GO";"DEL05-GO";"UOP02-DEL05-GO"
577517;2024-01-28;"domingo";"04:39:00";"DF";70;10;"BRASILIA";"Acumulo de água sobre o pavimento";"Saída de leito carroçável";"Com Vítimas Feridas";"Plena Noite";"Crescente";"Chuva";"Dupla";"Reta";"Sim";2;0;1;0;1;0;1;1;-15,787066;-48,140709;"SPRF-DF";"DEL03-DF";"UOP02-DEL03-DF"
577520;2024-01-28;"domingo";"05:10:00";"RS";116;247;"SAO LEOPOLDO";"Condutor Dormindo";"Colisão frontal";"Sem Vítimas";"Amanhecer";"Crescente";"Nublado";"Dupla";"Reta";"Sim";1;0;0;0;1;0;0;1;-29,76733091;-51,1535296;"SPRF-RS";"DEL01-RS";"UOP02-DEL01-RS"
577521;2024-01-28;"domingo";"04:50:00";"RS";392;17;"RIO GRANDE";"Ingestão de álcool pelo condutor";"Capotamento";"Sem Vítimas";"Amanhecer";"Crescente";"Céu Claro";"Dupla";"Curva";"Não";2;0;0;0;2;0;0;1;-32,09414738;-52,16752661;"SPRF-RS";"DEL07-RS";"UOP02-DEL07-RS"
577522;2024-01-28;"domingo";"04:50:00";"RS";287;249;"SANTA MARIA";"Animais na Pista";"Atropelamento de Animal";"Com Vítimas Feridas";"Plena Noite";"Crescente";"Céu Claro";"Dupla";"Reta";"Sim";2;0;2;0;0;0;2;1;-29,69400654;-53,86100019;"SPRF-RS";"DEL09-RS";"UOP01-DEL09-RS"
577523;2024-01-28;"domingo";"04:15:00";"GO";40;44;"LUZIANIA";"Manobra de mudança de faixa";"Colisão frontal";"Com Vítimas Feridas";"Plena Noite";"Decrescente";"Nublado";"Simples";"Não Informado";"Não";3;0;1;0;2;0;1;3;-16,393143;-47,824869;"SPRF-DF";"DEL01-DF";"UOP02-DEL01-DF"
577524;2024-01-28;"domingo";"04:00:00";"SC";282;37,5;"AGUAS MORNAS";"Ausência de reação do condutor";"Saída de leito carroçável";"Sem Vítimas";"Plena Noite";"Decrescente";"Nublado";"Simples";"Curva";"Não";1;0;0;0;1;0;0;1;-27,707325;-48,842983;"SPRF-SC";"DEL01-SC";"UOP03-DEL01-SC"
577525;2024-01-28;"domingo";"04:00:00";"SP";116;216;"GUARULHOS";"Ingestão de álcool pelo condutor";"Tombamento";"Com Vítimas Feridas";"Plena Noite";"Decrescente";"Nublado";"Múltipla";"Reta";"Não";1;0;0;1;0;0;1;1;-23,45056589;-46,46258105;"SPRF-SP";"DEL01-SP";"UOP01-DEL01-SP"
577526;2024-01-28;"domingo";"04:30:00";"MG";262;853;"CONCEICAO DAS ALAGOAS";"Ausência de reação do condutor";"Saída de leito carroçável";"Com Vítimas Feridas";"Amanhecer";"Decrescente";"Nevoeiro/Neblina";"Dupla";"Desvio Temporário";"Não";1;0;1;0;0;0;1;1;-19,76766746;-48,35284588;"SPRF-MG";"DEL13-MG";"UOP01-DEL13-MG"
577527;2024-01-28;"domingo";"06:30:00";"SP";116;157;"SAO JOSE DOS CAMPOS";"Ausência de reação do condutor";"Saída de leito carroçável";"Sem Vítimas";"Amanhecer";"Decrescente";"Céu Claro";"Múltipla";"Reta";"Sim";1;0;0;0;0;1;0;1;-23,25558031;-45,9437828;"SPRF-SP";"DEL02-SP";"UOP01-DEL02-SP"
577528;2024-01-28;"domingo";"02:30:00";"RJ";101;467;"ANGRA DOS REIS";"Condutor Dormindo";"Saída de leito carroçável";"Sem Vítimas";"Plena Noite";"Crescente";"Chuva";"Simples";"Reta";"Não";1;0;0;0;0;1;0;1;-23,00696998;-44,2149953;"SPRF-RJ";"DEL03-RJ";"UOP03-DEL03-RJ"
577529;2024-01-28;"domingo";"04:00:00";"PB";361;5;"PATOS";"Ingestão de álcool pelo condutor";"Queda de ocupante de veículo";"Com Vítimas Feridas";"Amanhecer";"Crescente";"Céu Claro";"Simples";"Reta";"Sim";1;0;0;1;0;0;1;1;-7,0342983;-37,30232718;"SPRF-PB";"DEL03-PB";"UOP01-DEL03-PB"
577530;2024-01-28;"domingo";"05:45:00";"RO";364;237,6;"CACOAL";"Velocidade Incompatível";"Colisão com objeto";"Com Vítimas Feridas";"Amanhecer";"Crescente";"Céu Claro";"Simples";"Não Informado";"Sim";1;0;0;1;0;0;1;1;-11,4398;-61,452969;"SPRF-RO";"DEL02-RO";"UOP02-DEL02-RO"
577531;2024-01-28;"domingo";"00:00:00";"RS";285;134;"VACARIA";"Ausência de reação do condutor";"Saída de leito carroçável";"Com Vítimas Feridas";"Plena Noite";"Decrescente";"Céu Claro";"Simples";"Reta";"Não";3;0;3;0;0;0;3;1;-28,429249;-51,022125;"SPRF-RS";"DEL05-RS";"UOP03-DEL05-RS"
577532;2024-01-28;"domingo";"06:45:00";"PR";376;163,9;"MARINGA";"Ausência de reação do condutor";"Saída de leito carroçável";"Com Vítimas Feridas";"Pleno dia";"Decrescente";"Céu Claro";"Dupla";"Não Informado";"Não";2;0;0;2;0;0;2;1;-23,38150629;-52,03480212;"SPRF-PR";"DEL09-PR";"UOP01-DEL09-PR"
577533;2024-01-28;"domingo";"00:05:00";"RJ";116;143;"DUQUE DE CAXIAS";"Ausência de reação do condutor";"Colisão com objeto";"Com Vítimas Feridas";"Plena Noite";"Crescente";"Nublado";"Dupla";"Reta";"Sim";1;0;1;0;0;0;1;1;-22,65237271;-43,23918118;"SPRF-RJ";"DEL01-RJ";"UOP02-DEL01-RJ"
577534;2024-01-28;"domingo";"06:00:00";"RS";470;268,7;"SAO JOSE DO SUL";"Reação tardia ou ineficiente do condutor";"Colisão com objeto";"Com Vítimas Feridas";"Plena Noite";"Crescente";"Céu Claro";"Simples";"Não Informado";"Não";1;0;1;0;0;0;1;1;-29,52188771;-51,47607565;"SPRF-RS";"DEL06-RS";"UOP01-DEL06-RS"
577535;2024-01-28;"domingo";"01:50:00";"PR";369;391,3;"MAMBORE";"Acessar a via sem observar a presença dos outros veículos";"Colisão transversal";"Com Vítimas Feridas";"Plena Noite";"Decrescente";"Nublado";"Simples";"Reta";"Não";4;0;1;0;3;0;1;2;-24,33511;-52,69174;"SPRF-PR";"DEL04-PR";"UOP03-DEL04-PR"
577536;2024-01-28;"domingo";"06:10:00";"RJ";101;278;"ITABORAI";"Ausência de reação do condutor";"Saída de leito carroçável";"Sem Vítimas";"Pleno dia";"Decrescente";"Nublado";"Dupla";"Reta";"Não";1;0;0;0;1;0;0;1;-22,74024136;-42,75799897;"SPRF-RJ";"DEL02-RJ";"UOP03-DEL02-RJ"
577540;2024-01-28;"domingo";"01:00:00";"RJ";116;117;"MAGE";"Velocidade Incompatível";"Saída de leito carroçável";"Com Vítimas Feridas";"Plena Noite";"Crescente";"Céu Claro";"Dupla";"Reta";"Não";1;0;0;1;0;0;1;1;-22,60276206;-43,02514183;"SPRF-RJ";"DEL04-RJ";"UOP02-DEL04-RJ"
577541;2024-01-28;"domingo";"06:30:00";"RO";364;343;"JI-PARANA";"Reação tardia ou ineficiente do condutor";"Colisão traseira";"Sem Vítimas";"Pleno dia";"Decrescente";"Céu Claro";"Dupla";"Reta";"Sim";3;0;0;0;3;0;0;2;-10,87878519;-61,94499012;"SPRF-RO";"DEL02-RO";"UOP01-DEL02-RO"
577542;2024-01-28;"domingo";"06:27:00";"RS";287;281;"SAO PEDRO DO SUL";"Ingestão de álcool pelo condutor";"Saída de leito carroçável";"Sem Vítimas";"Pleno dia";"Decrescente";"Nublado";"Simples";"Reta";"Sim";1;0;0;0;1;0;0;1;-29,637774;-54,179592;"SPRF-RS";"DEL09-RS";"UOP01-DEL09-RS"
577545;2024-01-28;"domingo";"07:30:00";"MG";381;486;"BETIM";"Demais falhas mecânicas ou elétricas";"Queda de ocupante de veículo";"Com Vítimas Feridas";"Pleno dia";"Decrescente";"Nublado";"Dupla";"Reta";"Sim";1;0;1;0;0;0;1;1;-19,95644414;-44,13611598;"SPRF-MG";"DEL01-MG";"UOP03-DEL01-MG"
577546;2024-01-28;"domingo";"07:15:00";"MG";262;362,8;"JUATUBA";"Ausência de reação do condutor";"Colisão traseira";"Com Vítimas Feridas";"Pleno dia";"Crescente";"Nublado";"Múltipla";"Não Informado";"Sim";2;0;0;1;1;0;1;2;-19,97102956;-44,28571701;"SPRF-MG";"DEL01-MG";"UOP03-DEL01-MG"
577547;2024-01-28;"domingo";"07:35:00";"RS";392;36,9;"RIO GRANDE";"Condutor Dormindo";"Colisão lateral mesmo sentido";"Com Vítimas Feridas";"Pleno dia";"Crescente";"Céu Claro";"Dupla";"Reta";"Não";10;0;5;0;5;0;5;2;-31,99762093;-52,28884683;"SPRF-RS";"DEL07-RS";"UOP02-DEL07-RS"
577548;2024-01-28;"domingo";"05:30:00";"PA";230;642,6;"ALTAMIRA";"Ausência de reação do condutor";"Colisão traseira";"Com Vítimas Feridas";"Amanhecer";"Crescente";"Garoa/Chuvisco";"Simples";"Reta";"Não";3;0;0;2;1;0;2;3;-3,21710924;-52,24466801;"SPRF-PA";"DEL04-PA";"UOP01-DEL04-PA"
577549;2024-01-28;"domingo";"07:25:00";"GO";40;12,6;"LUZIANIA";"Ingestão de álcool pelo condutor";"Colisão traseira";"Sem Vítimas";"Pleno dia";"Crescente";"Céu Claro";"Dupla";"Reta";"Sim";2;0;0;0;2;0;0;2;-16,145123;-47,945382;"SPRF-DF";"DEL01-DF";"UOP01-DEL01-DF"
577550;2024-01-28;"domingo";"08:40:00";"RS";116;252;"SAO LEOPOLDO";"Condutor deixou de manter distância do veículo da frente";"Colisão traseira";"Com Vítimas Feridas";"Pleno dia";"Decrescente";"Sol";"Dupla";"Reta";"Sim";2;0;0;1;1;0;1;2;-29,80913395;-51,1675292;"SPRF-RS";"DEL01-RS";"UOP02-DEL01-RS"
577551;2024-01-28;"domingo";"07:20:00";"MS";163;149;"NAVIRAI";"Ausência de reação do condutor";"Saída de leito carroçável";"Com Vítimas Feridas";"Pleno dia";"Decrescente";"Céu Claro";"Simples";"Reta";"Não";1;0;1;0;0;0;1;1;-22,96919073;-54,42187272;"SPRF-MS";"DEL09-MS";"UOP01-DEL09-MS"
577554;2024-01-28;"domingo";"08:45:00";"PR";277;589,3;"CASCAVEL";"Condutor deixou de manter distância do veículo da frente";"Colisão traseira";"Com Vítimas Feridas";"Pleno dia";"Crescente";"Céu Claro";"Simples";"Não Informado";"Sim";3;0;1;0;2;0;1;2;-24,97777319;-53,44688591;"SPRF-PR";"DEL04-PR";"UOP01-DEL04-PR"
577555;2024-01-28;"domingo";"08:50:00";"PR";277;650;"MATELANDIA";"Condutor deixou de manter distância do veículo da frente";"Colisão traseira";"Com Vítimas Feridas";"Pleno dia";"Crescente";"Céu Claro";"Simples";"Não Informado";"Não";4;0;2;0;2;0;2;2;-25,19035881;-53,93738222;"SPRF-PR";"DEL05-PR";"UOP02-DEL05-PR"
577556;2024-01-28;"domingo";"09:00:00";"TO";242;446;"FORMOSO DO ARAGUAIA";"Reação tardia ou ineficiente do condutor";"Saída de leito carroçável";"Com Vítimas Feridas";"Pleno dia";"Decrescente";"Chuva";"Dupla";"Reta";"Sim";2;0;0;2;0;0;2;1;-11,819073;-49,466002;"SPRF-TO";"DEL01-TO";"UOP02-DEL01-TO"
577557;2024-01-28;"domingo";"08:30:00";"PR";277;5;"PARANAGUA";"Ausência de reação do condutor";"Saída de leito carroçável";"Sem Vítimas";"Pleno dia";"Crescente";"Nublado";"Dupla";"Reta";"Sim";1;0;0;0;0;1;0;1;-25,568198;-48,615292;"SPRF-PR";"DEL01-PR";"UOP05-DEL01-PR"
577558;2024-01-28;"domingo";"09:30:00";"SC";101;91;"BARRA VELHA";"Mal súbito do condutor";"Queda de ocupante de veículo";"Com Vítimas Feridas";"Pleno dia";"Crescente";"Nublado";"Simples";"Reta";"Sim";2;0;1;1;0;0;2;1;-26,67120698;-48,69011814;"SPRF-SC";"DEL03-SC";"UOP02-DEL03-SC"
577559;2024-01-28;"domingo";"09:30:00";"PI";343;347,7;"TERESINA";"Entrada inopinada do pedestre";"Atropelamento de Pedestre";"Com Vítimas Feridas";"Pleno dia";"Decrescente";"Nublado";"Simples";"Reta";"Sim";2;0;1;0;1;0;1;2;-5,11775;-42,784526;"SPRF-PI";"DEL01-PI";"UOP01-DEL01-PI"
577560;2024-01-21;"domingo";"05:00:00";"PR";116;62;"CAMPINA GRANDE DO SUL";"Objeto estático sobre o leito carroçável";"Colisão com objeto";"Com Vítimas Feridas";"Amanhecer";"Decrescente";"Nublado";"Dupla";"Reta";"Não";3;0;3;0;0;0;3;2;-25,30561332;-48,9732999;"SPRF-PR";"DEL01-PR";"UOP02-DEL01-PR"
577561;2024-01-28;"domingo";"09:20:00";"CE";222;2;"FORTALEZA";"Ingestão de álcool pelo condutor";"Colisão lateral mesmo sentido";"Com Vítimas Feridas";"Pleno dia";"Decrescente";"Céu Claro";"Múltipla";"Reta";"Sim";2;0;1;0;1;0;1;2;-3,7403769;-38,59569202;"SPRF-CE";"DEL01-CE";"UOP01-DEL01-CE"
577562;2024-01-28;"domingo";"09:20:00";"PB";230;372,5;"CONDADO";"Retorno proibido";"Colisão lateral mesmo sentido";"Com Vítimas Feridas";"Pleno dia";"Crescente";"Céu Claro";"Simples";"Reta";"Não";4;0;3;1;0;0;4;2;-6,9082;-37,5675;"SPRF-PB";"DEL03-PB";"UOP02-DEL03-PB"