"id";"data_inversa";"dia_semana";"horario";"uf";"br";"km";"municipio";"causa_acidente";"tipo_acidente";"classificacao_acidente";"fase_dia";"sentido_via";"condicao_metereologica";"tipo_pista";"tracado_via";"uso_solo";"pessoas";"mortos";"feridos_leves";"feridos_graves";"ilesos";"ignorados";"feridos";"veiculos";"latitude";"longitude";"regional";"delegacia";"uop"
577564;2024-01-28;"domingo";"09:10:00";"RO";364;186,1;"PIMENTA BUENO";"Mal súbito do condutor";"Saída de leito carroçável";"Com Vítimas Feridas";"Pleno dia";"Crescente";"Nublado";"Simples";"Reta";"Não";2;0;1;0;0;1;1;2;-11,742714;-61,113427;"SPRF-RO";"DEL02-RO";"UOP02-DEL02-RO"
577565;2024-01-28;"domingo";"09:30:00";"RJ";40;124;"RIO DE JANEIRO";"Acessar a via sem observar a presença dos outros veículos";"Colisão lateral mesmo sentido";"Com Vítimas Feridas";"Pleno dia";"Crescente";"Nublado";"Dupla";"Reta";"Não";2;0;1;0;1;0;1;2;-22,807953;-43,289124;"SPRF-RJ";"DEL01-RJ";"UOP02-DEL01-RJ"
577566;2024-01-28;"domingo";"08:10:00";"PE";423;81,5;"JUCATI";"Ingestão de álcool pelo condutor";"Colisão frontal";"Com Vítimas Fatais";"Pleno dia";"Decrescente";"Nublado";"Simples";"Não Informado";"Não";3;1;0;1;0;1;1;3;-8,77445381;-36,42734142;"SPRF-PE";"DEL03-PE";"UOP01-DEL03-PE"
577568;2024-01-28;"domingo";"08:20:00";"RJ";40;7;"COMENDADOR LEVY GASPARIAN";"Curva acentuada";"Saída de leito carroçável";"Com Vítimas Feridas";"Pleno dia";"Decrescente";"Céu Claro";"Simples";"Curva";"Não";1;0;1;0;0;0;1;1;-22,03530483;-43,22169152;"SPRF-RJ";"DEL05-RJ";"UOP02-DEL05-RJ"
577570;2024-01-28;"domingo";"08:30:00";"PE";423;23,5;"SAO CAITANO";"Velocidade Incompatível";"Saída de leito carroçável";"Com Vítimas Feridas";"Pleno dia";"Decrescente";"Céu Claro";"Simples";"Reta";"Não";1;0;0;1;0;0;1;1;-8,36143802;-36,17217263;"SPRF-PE";"DEL03-PE";"UOP02-DEL03-PE"
577571;2024-01-28;"domingo";"11:30:00";"PR";116;127;"FAZENDA RIO GRANDE";"Demais falhas mecânicas ou elétricas";"Tombamento";"Com Vítimas Feridas";"Pleno dia";"Crescente";"Céu Claro";"Dupla";"Reta";"Sim";3;0;1;0;2;0;1;2;-25,653243;-49,312438;"SPRF-PR";"DEL01-PR";"UOP03-DEL01-PR"
577572;2024-01-28;"domingo";"11:20:00";"PR";476;115,5;"COLOMBO";"Ausência de reação do condutor";"Colisão lateral mesmo sentido";"Com Vítimas Feridas";"Pleno dia";"Decrescente";"Nublado";"Simples";"Reta";"Não";2;0;1;0;1;0;1;2;-25,344196;-49,159679;"SPRF-PR";"DEL01-PR";"UOP01-DEL01-PR"
577573;2024-01-28;"domingo";"09:40:00";"SC";470;266,7;"CURITIBANOS";"Reação tardia ou ineficiente do condutor";"Tombamento";"Com Vítimas Feridas";"Pleno dia";"Crescente";"Céu Claro";"Simples";"Não Informado";"Não";1;0;0;1;0;0;1;1;-27,311543;-50,729591;"SPRF-SC";"DEL05-SC";"UOP03-DEL05-SC"
577576;2024-01-28;"domingo";"12:26:00";"PE";101;36,4;"ITAPISSUMA";"Ausência de reação do condutor";"Colisão lateral mesmo sentido";"Com Vítimas Feridas";"Pleno dia";"Crescente";"Sol";"Dupla";"Reta";"Não";2;0;0;1;1;0;1;2;-7,792433;-34,928847;"SPRF-PE";"DEL01-PE";"UOP02-DEL01-PE"
577577;2024-01-28;"domingo";"10:21:00";"MS";158;89;"PARANAIBA";"Reação tardia ou ineficiente do condutor";"Tombamento";"Com Vítimas Feridas";"Pleno dia";"Crescente";"Sol";"Simples";"Reta";"Não";2;0;1;0;1;0;1;1;-19,63861994;-51,20871078;"SPRF-MS";"DEL08-MS";"UOP01-DEL08-MS"
577579;2024-01-28;"domingo";"11:30:00";"PR";376;193,2;"MARIALVA";"Velocidade Incompatível";"Colisão traseira";"Com Vítimas Feridas";"Pleno dia";"Decrescente";"Sol";"Dupla";"Reta";"Não";2;0;0;2;0;0;2;2;-23,49780596;-51,80641651;"SPRF-PR";"DEL09-PR";"UOP01-DEL09-PR"
577580;2024-01-28;"domingo";"12:55:00";"PR";469;2;"FOZ DO IGUACU";"Ausência de reação do condutor";"Tombamento";"Com Vítimas Feridas";"Pleno dia";"Decrescente";"Sol";"Simples";"Não Informado";"Não";2;0;2;0;0;0;2;1;-25,58830057;-54,56182194;"SPRF-PR";"DEL05-PR";"UOP04-DEL05-PR"
577581;2024-01-28;"domingo";"10:37:00";"MT";163;680;"LUCAS DO RIO VERDE";"Reação tardia ou ineficiente do condutor";"Saída de leito carroçável";"Sem Vítimas";"Pleno dia";"Crescente";"Céu Claro";"Simples";"Reta";"Não";1;0;0;0;1;0;0;1;-13,24099795;-56,01173212;"SPRF-MT";"DEL06-MT";"UOP01-DEL06-MT"
577582;2024-01-28;"domingo";"13:00:00";"GO";50;281;"CATALAO";"Ingestão de álcool pelo condutor";"Saída de leito carroçável";"Com Vítimas Feridas";"Pleno dia";"Crescente";"Céu Claro";"Simples";"Não Informado";"Sim";1;0;0;1;0;0;1;1;-18,1838;-47,9441;"SPRF-GO";"DEL06-GO";"UOP01-DEL06-GO"
577583;2024-01-28;"domingo";"13:12:00";"SC";101;195,6;"BIGUACU";"Acessar a via sem observar a presença dos outros veículos";"Colisão transversal";"Com Vítimas Feridas";"Pleno dia";"Decrescente";"Céu Claro";"Dupla";"Reta";"Sim";3;0;3;0;0;0;3;2;-27,5047092;-48,65010819;"SPRF-SC";"DEL01-SC";"UOP01-DEL01-SC"
577584;2024-01-28;"domingo";"12:15:00";"RS";290;92;"PORTO ALEGRE";"Ausência de reação do condutor";"Colisão com objeto";"Com Vítimas Fatais";"Pleno dia";"Crescente";"Sol";"Simples";"Não Informado";"Não";1;1;0;0;0;0;0;1;-29,971916;-51,176838;"SPRF-RS";"DEL01-RS";"UOP01-DEL01-RS"
577585;2024-01-28;"domingo";"11:55:00";"MG";381;448;"SABARA";"Condutor deixou de manter distância do veículo da frente";"Colisão frontal";"Com Vítimas Feridas";"Pleno dia";"Crescente";"Nublado";"Simples";"Reta";"Sim";3;0;0;2;1;0;2;2;-19,83435173;-43,85962899;"SPRF-MG";"DEL01-MG";"UOP01-DEL01-MG"
577587;2024-01-28;"domingo";"13:20:00";"SP";101;15,2;"UBATUBA";"Manobra de mudança de faixa";"Colisão frontal";"Com Vítimas Feridas";"Pleno dia";"Crescente";"Chuva";"Simples";"Não Informado";"Não";4;0;2;0;2;0;2;2;-23,33509719;-44,88011527;"SPRF-SP";"DEL06-SP";"UOP01-DEL06-SP"
577588;2024-01-28;"domingo";"12:00:00";"GO";60;364;"RIO VERDE";"Ingestão de álcool pelo condutor";"Capotamento";"Sem Vítimas";"Pleno dia";"Crescente";"Sol";"Dupla";"Não Informado";"Não";1;0;0;0;0;1;0;1;-17,6495;-50,7985;"SPRF-GO";"DEL04-GO";"UOP02-DEL04-GO"
577589;2024-01-28;"domingo";"12:30:00";"BA";116;817,8;"VITORIA DA CONQUISTA";"Acessar a via sem observar a presença dos outros veículos";"Colisão transversal";"Com Vítimas Feridas";"Pleno dia";"Decrescente";"Nublado";"Simples";"Interseção de vias";"Não";3;0;1;0;1;1;1;2;-14,82351632;-40,81825161;"SPRF-BA";"DEL08-BA";"UOP01-DEL08-BA"
577590;2024-01-28;"domingo";"11:50:00";"AC";364;126;"RIO BRANCO";"Desrespeitar a preferência no cruzamento";"Colisão transversal";"Com Vítimas Feridas";"Pleno dia";"Crescente";"Céu Claro";"Dupla";"Retorno Regulamentado";"Sim";3;0;3;0;0;0;3;2;-10,01980906;-67,81433091;"SPRF-AC";"DEL01-AC";"UOP01-DEL01-AC"
577591;2024-01-28;"domingo";"12:37:00";"RJ";393;286;"VOLTA REDONDA";"Ausência de reação do condutor";"Colisão traseira";"Com Vítimas Feridas";"Pleno dia";"Decrescente";"Céu Claro";"Simples";"Reta";"Não";5;0;0;1;4;0;1;2;-22,49133996;-44,06505619;"SPRF-RJ";"DEL05-RJ";"UOP04-DEL05-RJ"
577592;2024-01-28;"domingo";"14:10:00";"MG";116;409,9;"GOVERNADOR VALADARES";"Ausência de reação do condutor";"Colisão com objeto";"Com Vítimas Feridas";"Pleno dia";"Crescente";"Nublado";"Dupla";"Reta";"Sim";1;0;1;0;0;0;1;1;-18,84936788;-41,97891368;"SPRF-MG";"DEL06-MG";"UOP01-DEL06-MG"
577593;2024-01-28;"domingo";"14:20:00";"MG";116;634,7;"DIVINO";"Acessar a via sem observar a presença dos outros veículos";"Colisão transversal";"Com Vítimas Feridas";"Pleno dia";"Decrescente";"Nublado";"Simples";"Reta";"Não";5;0;3;0;2;0;3;2;-20,61516;-42,217882;"SPRF-MG";"DEL07-MG";"UOP02-DEL07-MG"
577594;2024-01-28;"domingo";"14:25:00";"SC";470;54;"BLUMENAU";"Condutor deixou de manter distância do veículo da frente";"Colisão traseira";"Sem Vítimas";"Pleno dia";"Crescente";"Céu Claro";"Simples";"Interseção de vias";"Não";2;0;0;0;2;0;0;2;-26,871065;-49,110374;"SPRF-SC";"DEL04-SC";"UOP01-DEL04-SC"
577595;2024-01-28;"domingo";"13:40:00";"RS";290;255;"CACHOEIRA DO SUL";"Demais falhas mecânicas ou elétricas";"Tombamento";"Com Vítimas Feridas";"Pleno dia";"Decrescente";"Céu Claro";"Simples";"Reta";"Não";2;0;2;0;0;0;2;1;-30,248507;-52,774807;"SPRF-RS";"DEL02-RS";"UOP03-DEL02-RS"
577596;2024-01-28;"domingo";"14:45:00";"MG";381;929;"ITAPEVA";"Ausência de reação do condutor";"Saída de leito carroçável";"Com Vítimas Feridas";"Pleno dia";"Crescente";"Nublado";"Dupla";"Curva";"Não";3;0;2;0;1;0;2;1;-22,79911462;-46,26123692;"SPRF-MG";"DEL16-MG";"UOP03-DEL16-MG"
577598;2024-01-28;"domingo";"12:10:00";"MG";354;730,5;"POUSO ALTO";"Conversão proibida";"Colisão transversal";"Com Vítimas Fatais";"Pleno dia";"Crescente";"Céu Claro";"Simples";"Não Informado";"Não";8;1;1;1;3;2;2;3;-22,1646781;-44,96415906;"SPRF-MG";"DEL17-MG";"UOP01-DEL17-MG"
577601;2024-01-28;"domingo";"15:00:00";"GO";364;108;"CACHOEIRA ALTA";"Avarias e/ou desgaste excessivo no pneu";"Tombamento";"Com Vítimas Feridas";"Pleno dia";"Crescente";"Céu Claro";"Simples";"Reta";"Não";1;0;1;0;0;0;1;1;-18,348637;-51,123611;"SPRF-GO";"DEL05-GO";"UOP02-DEL05-GO"
577602;2024-01-28;"domingo";"10:50:00";"RJ";493;83;"JAPERI";"Conversão proibida";"Saída de leito carroçável";"Com Vítimas Feridas";"Pleno dia";"Crescente";"Nublado";"Dupla";"Reta";"Não";2;0;0;1;1;0;1;1;-22,6602744;-43,60267639;"SPRF-RJ";"DEL01-RJ";"UOP03-DEL01-RJ"
577603;2024-01-28;"domingo";"15:25:00";"RS";386;446;"CANOAS";"Ausência de reação do condutor";"Tombamento";"Com Vítimas Feridas";"Pleno dia";"Crescente";"Chuva";"Dupla";"Retorno Regulamentado";"Sim";2;0;1;0;1;0;1;1;-29,893251;-51,182266;"SPRF-RS";"DEL01-RS";"UOP01-DEL01-RS"
577604;2024-01-28;"domingo";"15:50:00";"SC";101;137,8;"BALNEARIO CAMBORIU";"Reação tardia ou ineficiente do condutor";"Colisão traseira";"Com Vítimas Feridas";"Pleno dia";"Decrescente";"Nublado";"Dupla";"Reta";"Sim";5;0;2;0;2;1;2;3;-27,0157238;-48,61192763;"SPRF-SC";"DEL04-SC";"UOP03-DEL04-SC"
577606;2024-01-28;"domingo";"15:40:00";"RJ";356;172;"SAO JOAO DA BARRA";"Ultrapassagem Indevida";"Colisão lateral sentido oposto";"Com Vítimas Feridas";"Pleno dia";"Decrescente";"Nublado";"Simples";"Reta";"Não";6;0;1;0;5;0;1;2;-21,718531;-41,078654;"SPRF-RJ";"DEL08-RJ";"UOP02-DEL08-RJ"
577607;2024-01-28;"domingo";"14:10:00";"PE";232;79;"GRAVATA";"Demais falhas mecânicas ou elétricas";"Colisão traseira";"Com Vítimas Feridas";"Pleno dia";"Decrescente";"Céu Claro";"Dupla";"Não Informado";"Sim";8;0;5;1;2;0;6;2;-8,19460572;-35,56074803;"SPRF-PE";"DEL02-PE";"UOP02-DEL02PE"
577608;2024-01-28;"domingo";"16:00:00";"RJ";101;531;"ANGRA DOS REIS";"Velocidade Incompatível";"Colisão frontal";"Com Vítimas Feridas";"Pleno dia";"Crescente";"Nublado";"Simples";"Curva";"Não";3;0;1;2;0;0;3;2;-23,02147898;-44,52344494;"SPRF-RJ";"DEL03-RJ";"UOP03-DEL03-RJ"
577609;2024-01-28;"domingo";"14:30:00";"BA";101;523;"BUERAREMA";"Chuva";"Saída de leito carroçável";"Com Vítimas Feridas";"Pleno dia";"Crescente";"Chuva";"Simples";"Curva";"Não";2;0;1;0;1;0;1;1;-14,943116;-39,303957;"SPRF-BA";"DEL05-BA";"UOP01-DEL05-BA"
577610;2024-01-28;"domingo";"16:03:00";"MG";381;490,3;"BETIM";"Manobra de mudança de faixa";"Colisão traseira";"Com Vítimas Feridas";"Pleno dia";"Decrescente";"Nublado";"Múltipla";"Reta";"Sim";2;0;1;0;1;0;1;2;-19,95665;-44,14741;"SPRF-MG";"DEL01-MG";"UOP03-DEL01-MG"
577611;2024-01-28;"domingo";"14:40:00";"PE";316;64,2;"TRINDADE";"Ausência de reação do condutor";"Colisão transversal";"Com Vítimas Fatais";"Pleno dia";"Crescente";"Céu Claro";"Simples";"Não Informado";"Não";3;1;0;0;2;0;0;2;-7,78543662;-40,22695512;"SPRF-PE";"DEL05-PE";"UOP02-DEL05-PE"
577612;2024-01-28;"domingo";"14:30:00";"BA";242;730;"CRISTOPOLIS";"Condutor Dormindo";"Queda de ocupante de veículo";"Com Vítimas Feridas";"Pleno dia";"Decrescente";"Céu Claro";"Simples";"Reta";"Não";1;0;1;0;0;0;1;1;-12,22728634;-44,42768097;"SPRF-BA";"DEL10-BA";"UOP01-DEL10-BA"
577613;2024-01-28;"domingo";"16:10:00";"SC";282;59;"RANCHO QUEIMADO";"Desrespeitar a preferência no cruzamento";"Colisão transversal";"Com Vítimas Feridas";"Pleno dia";"Decrescente";"Chuva";"Múltipla";"Interseção de vias";"Sim";2;0;1;0;1;0;1;2;-27,677965;-49,011559;"SPRF-SC";"DEL01-SC";"UOP03-DEL01-SC"
577614;2024-01-28;"domingo";"15:30:00";"AL";316;230;"ATALAIA";"Demais falhas mecânicas ou elétricas";"Queda de ocupante de veículo";"Com Vítimas Feridas";"Pleno dia";"Crescente";"Céu Claro";"Simples";"Reta";"Não";2;0;2;0;0;0;2;1;-9,49432498;-36,118797;"SPRF-AL";"DEL01-AL";"UOP01-DEL01-AL"
577615;2024-01-28;"domingo";"15:50:00";"RJ";101;531;"ANGRA DOS REIS";"Pista Escorregadia";"Colisão transversal";"Com Vítimas Feridas";"Pleno dia";"Crescente";"Nublado";"Simples";"Curva";"Não";5;0;2;3;0;0;5;2;-23,02147898;-44,52344494;"SPRF-RJ";"DEL03-RJ";"UOP03-DEL03-RJ"
577616;2024-01-28;"domingo";"15:40:00";"MT";70;16,6;"BARRA DO GARCAS";"Frear bruscamente";"Capotamento";"Com Vítimas Feridas";"Pleno dia";"Decrescente";"Céu Claro";"Simples";"Não Informado";"Não";4;0;3;0;1;0;3;1;-15,86795112;-52,39570706;"SPRF-MT";"DEL07-MT";"UOP01-DEL07-MT"
577617;2024-01-28;"domingo";"14:42:00";"PR";272;553;"TERRA ROXA";"Condutor usando celular";"Saída de leito carroçável";"Com Vítimas Feridas";"Pleno dia";"Crescente";"Céu Claro";"Simples";"Reta";"Não";1;0;1;0;0;0;1;1;-24,08395803;-54,08657001;"SPRF-PR";"DEL06-PR";"UOP01-DEL06-PR"
577618;2024-01-28;"domingo";"16:35:00";"MG";50;77;"UBERLANDIA";"Ingestão de álcool pelo condutor";"Saída de leito carroçável";"Com Vítimas Feridas";"Pleno dia";"Crescente";"Céu Claro";"Simples";"Viaduto";"Sim";1;0;1;0;0;0;1;1;-18,986906;-48,211853;"SPRF-MG";"DEL15-MG";"UOP01-DEL15-MG"
577619;2024-01-28;"domingo";"16:45:00";"PR";277;333,9;"GUARAPUAVA";"Reação tardia ou ineficiente do condutor";"Colisão com objeto";"Sem Vítimas";"Pleno dia";"Crescente";"Garoa/Chuvisco";"Simples";"Curva";"Não";5;0;0;0;5;0;0;1;-25,347022;-51,391657;"SPRF-PR";"DEL08-PR";"UOP01-DEL08-PR"
577620;2024-01-28;"domingo";"14:00:00";"GO";70;300;"ITAPIRAPUA";"Reação tardia ou ineficiente do condutor";"Saída de leito carroçável";"Com Vítimas Feridas";"Pleno dia";"Decrescente";"Céu Claro";"Simples";"Reta";"Não";1;0;1;0;0;0;1;1;-15,82925095;-50,66516876;"SPRF-GO";"DEL04-GO";"UOP02-DEL04-GO"
577621;2024-01-28;"domingo";"14:10:00";"GO";70;296;"ITAPIRAPUA";"Demais falhas mecânicas ou elétricas";"Incêndio";"Sem Vítimas";"Pleno dia";"Decrescente";"Céu Claro";"Simples";"Não Informado";"Não";1;0;0;0;0;1;0;1;-15,8254483;-50,65534973;"SPRF-GO";"DEL04-GO";"UOP02-DEL04-GO"
577622;2024-01-28;"domingo";"16:20:00";"GO";153;436;"ANAPOLIS";"Condutor deixou de manter distância do veículo da frente";"Colisão traseira";"Com Vítimas Feridas";"Pleno dia";"Crescente";"Chuva";"Dupla";"Reta";"Sim";4;0;1;0;3;0;1;1;-16,283987;-48,951763;"SPRF-GO";"DEL02-GO";"UOP01-DEL02-GO"
577623;2024-01-28;"domingo";"16:50:00";"MG";381;568,5;"ITAGUARA";"Velocidade Incompatível";"Saída de leito carroçável";"Com Vítimas Feridas";"Pleno dia";"Crescente";"Chuva";"Dupla";"Curva";"Não";3;0;2;0;1;0;2;1;-20,42649228;-44,54458383;"SPRF-MG";"DEL04-MG";"UOP03-DEL04-MG"
577625;2024-01-28;"domingo";"17:10:00";"GO";70;29;"COCALZINHO DE GOIAS";"Velocidade Incompatível";"Saída de leito carroçável";"Com Vítimas Feridas";"Anoitecer";"Crescente";"Nublado";"Simples";"Curva";"Não";2;0;1;0;1;0;1;1;-15,76396108;-48,44290582;"SPRF-DF";"DEL03-DF";"UOP02-DEL03-DF"
577626;2024-01-16;"terça-feira";"11:25:00";"MT";158;730;"BARRA DO GARCAS";"Reação tardia ou ineficiente do condutor";"Saída de leito carroçável";"Com Vítimas Feridas";"Pleno dia";"Crescente";"Sol";"Simples";"Reta";"Não";1;0;1;0;0;0;1;1;-15,31333997;-52,16995088;"SPRF-MT";"DEL07-MT";"UOP01-DEL07-MT"
577627;2024-01-28;"domingo";"17:20:00";"PR";277;99,4;"CURITIBA";"Acumulo de água sobre o pavimento";"Saída de leito carroçável";"Com Vítimas Feridas";"Pleno dia";"Crescente";"Chuva";"Dupla";"Reta";"Sim";2;0;2;0;0;0;2;1;-25,53375211;-49,31824405;"SPRF-PR";"DEL01-PR";"UOP06-DEL01-PR"
577628;2024-01-28;"domingo";"17:10:00";"RS";386;386,9;"TABAI";"Reação tardia ou ineficiente do condutor";"Saída de leito carroçável";"Sem Vítimas";"Pleno dia";"Decrescente";"Céu Claro";"Dupla";"Reta";"Sim";1;0;0;0;1;0;0;1;-29,688717;-51,717327;"SPRF-RS";"DEL04-RS";"UOP01-DEL04-RS"
577629;2024-01-28;"domingo";"17:20:00";"AL";316;221;"ATALAIA";"Ingestão de álcool pelo condutor";"Saída de leito carroçável";"Com Vítimas Feridas";"Anoitecer";"Crescente";"Céu Claro";"Simples";"Interseção de vias";"Não";1;0;0;1;0;0;1;1;-9,46836516;-36,18278503;"SPRF-AL";"DEL01-AL";"UOP01-DEL01-AL"
577630;2024-01-28;"domingo";"18:01:00";"SP";153;67;"SAO JOSE DO RIO PRETO";"Condutor deixou de manter distância do veículo da frente";"Colisão traseira";"Com Vítimas Feridas";"Anoitecer";"Crescente";"Céu Claro";"Dupla";"Reta";"Sim";2;0;1;0;0;1;1;2;-20,84853593;-49,37585608;"SPRF-SP";"DEL09-SP";"UOP01-DEL09-SP"
577631;2024-01-28;"domingo";"14:15:00";"PR";277;127;"CAMPO LARGO";"Reação tardia ou ineficiente do condutor";"Saída de leito carroçável";"Sem Vítimas";"Pleno dia";"Decrescente";"Garoa/Chuvisco";"Simples";"Curva";"Não";1;0;0;0;1;0;0;1;-25,473;-49,6357;"SPRF-PR";"DEL03-PR";"UOP03-DEL03-PR"
577633;2024-01-28;"domingo";"17:50:00";"SC";101;119;"ITAJAI";"Reação tardia ou ineficiente do condutor";"Colisão traseira";"Com Vítimas Feridas";"Anoitecer";"Decrescente";"Céu Claro";"Dupla";"Reta";"Sim";3;0;1;0;2;0;1;2;-26,9043179;-48,71555481;"SPRF-SC";"DEL04-SC";"UOP04-DEL04-SC"
577635;2024-01-28;"domingo";"17:45:00";"RN";406;103;"JOAO CAMARA";"Acessar a via sem observar a presença dos outros veículos";"Colisão transversal";"Sem Vítimas";"Anoitecer";"Decrescente";"Céu Claro";"Simples";"Interseção de vias";"Não";2;0;0;0;2;0;0;2;-5,53714888;-35,81373986;"SPRF-RN";"DEL02-RN";"UOP01-DEL02-RN"
577638;2024-01-28;"domingo";"16:30:00";"PR";369;470,5;"CORBELIA";"Reação tardia ou ineficiente do condutor";"Saída de leito carroçável";"Com Vítimas Feridas";"Pleno dia";"Crescente";"Céu Claro";"Simples";"Curva";"Não";3;0;0;1;2;0;1;1;-24,690762;-53,236652;"SPRF-PR";"DEL04-PR";"UOP03-DEL04-PR"
577639;2024-01-28;"domingo";"16:00:00";"MS";60;404;"SIDROLANDIA";"Transitar na contramão";"Colisão lateral sentido oposto";"Com Vítimas Feridas";"Pleno dia";"Crescente";"Céu Claro";"Simples";"Não Informado";"Não";7;0;3;4;0;0;7;2;-20,83451593;-54,80625825;"SPRF-MS";"DEL01-MS";"UOP04-DEL01-MS"
577640;2024-01-28;"domingo";"15:50:00";"PE";407;124;"PETROLINA";"Condutor deixou de manter distância do veículo da frente";"Colisão traseira";"Com Vítimas Feridas";"Pleno dia";"Crescente";"Céu Claro";"Simples";"Interseção de vias";"Sim";2;0;1;0;1;0;1;2;-9,36929881;-40,54137139;"SPRF-PE";"DEL06-PE";"UOP01-DEL06-PE"
577641;2024-01-28;"domingo";"18:25:00";"RS";116;0,1;"PORTO ALEGRE";"Acumulo de água sobre o pavimento";"Capotamento";"Com Vítimas Feridas";"Pleno dia";"Decrescente";"Chuva";"Múltipla";"Curva";"Sim";4;0;4;0;0;0;4;1;-30,033535;-51,230453;"SPRF-RS";"DEL01-RS";"UOP01-DEL01-RS"
577642;2024-01-28;"domingo";"16:50:00";"PR";277;685;"SAO MIGUEL DO IGUACU";"Acumulo de óleo sobre o pavimento";"Queda de ocupante de veículo";"Com Vítimas Feridas";"Pleno dia";"Decrescente";"Céu Claro";"Dupla";"Não Informado";"Sim";2;0;1;1;0;0;2;1;-25,3350861;-54,207268;"SPRF-PR";"DEL05-PR";"UOP01-DEL05-PR"
577643;2024-01-28;"domingo";"18:30:00";"PR";467;110,2;"CASCAVEL";"Ingestão de álcool pelo condutor";"Saída de leito carroçável";"Com Vítimas Feridas";"Pleno dia";"Crescente";"Céu Claro";"Dupla";"Reta";"Sim";2;0;2;0;0;0;2;1;-24,92755959;-53,45672607;"SPRF-PR";"DEL04-PR";"UOP01-DEL04-PR"
577644;2024-01-28;"domingo";"18:10:00";"GO";60;18,5;"ALEXANIA";"Reação tardia ou ineficiente do condutor";"Capotamento";"Sem Vítimas";"Anoitecer";"Crescente";"Céu Claro";"Dupla";"Reta";"Sim";2;0;0;0;2;0;0;1;-16,0963;-48,5202;"SPRF-DF";"DEL03-DF";"UOP01-DEL03-DF"
577645;2024-01-28;"domingo";"18:10:00";"RS";470;212,8;"BENTO GONCALVES";"Ingestão de álcool pelo condutor";"Colisão frontal";"Com Vítimas Feridas";"Pleno dia";"Decrescente";"Nublado";"Simples";"Não Informado";"Não";7;0;1;0;6;0;1;3;-29,14468113;-51,53392017;"SPRF-RS";"DEL06-RS";"UOP01-DEL06-RS"
577646;2024-01-28;"domingo";"17:50:00";"PI";343;336;"TERESINA";"Ingestão de álcool pelo condutor";"Saída de leito carroçável";"Sem Vítimas";"Pleno dia";"Crescente";"Céu Claro";"Dupla";"Reta";"Não";1;0;0;0;1;0;0;1;-5,06176934;-42,70832062;"SPRF-PI";"DEL01-PI";"UOP01-DEL01-PI"
577647;2024-01-28;"domingo";"17:40:00";"SC";101;1;"GARUVA";"Reação tardia ou ineficiente do condutor";"Tombamento";"Com Vítimas Feridas";"Pleno dia";"Decrescente";"Céu Claro";"Múltipla";"Reta";"Não";1;0;1;0;0;0;1;1;-25,98895627;-48,88356133;"SPRF-SC";"DEL03-SC";"UOP01-DEL03-SC"
577648;2024-01-28;"domingo";"18:50:00";"PR";277;97;"CURITIBA";"Condutor deixou de manter distância do veículo da frente";"Colisão traseira";"Sem Vítimas";"Anoitecer";"Crescente";"Nublado";"Dupla";"Não Informado";"Sim";2;0;0;0;2;0;0;2;-25,4304438;-49,34110701;"SPRF-PR";"DEL01-PR";"UOP06-DEL01-PR"
577649;2024-01-28;"domingo";"18:00:00";"PI";343;593;"FLORIANO";"Ultrapassagem Indevida";"Colisão lateral mesmo sentido";"Com Vítimas Feridas";"Plena Noite";"Crescente";"Céu Claro";"Simples";"Reta";"Sim";4;0;3;0;0;1;3;2;-6,781913;-43,038273;"SPRF-PI";"DEL03-PI";"UOP01-DEL03-PI"
577650;2024-01-28;"domingo";"17:15:00";"PE";424;10,4;"ARCOVERDE";"Ausência de reação do condutor";"Colisão transversal";"Com Vítimas Fatais";"Pleno dia";"Decrescente";"Céu Claro";"Simples";"Reta";"Não";2;1;0;0;1;0;0;2;-8,49698318;-37,010177;"SPRF-PE";"DEL04-PE";"UOP02-DEL04-PE"
577651;2024-01-28;"domingo";"19:40:00";"RJ";101;200;"CASIMIRO DE ABREU";"Transitar na contramão";"Colisão frontal";"Com Vítimas Fatais";"Plena Noite";"Decrescente";"Céu Claro";"Dupla";"Reta";"Não";4;1;2;0;1;0;2;2;-22,485435;-42,14117;"SPRF-RJ";"DEL08-RJ";"UOP04-DEL08-RJ"
577652;2024-01-28;"domingo";"13:10:00";"MG";153;17;"CENTRALINA";"Ingestão de álcool pelo condutor";"Queda de ocupante de veículo";"Com Vítimas Feridas";"Pleno dia";"Decrescente";"Céu Claro";"Dupla";"Reta";"Não";1;0;1;0;0;0;1;1;-18,569555;-49,193806;"SPRF-MG";"DEL15-MG";"UOP03-DEL15-MG"
577653;2024-01-28;"domingo";"19:30:00";"MG";116;627,5;"ORIZANIA";"Pedestre andava na pista";"Atropelamento de Pedestre";"Com Vítimas Fatais";"Plena Noite";"Decrescente";"Céu Claro";"Simples";"Reta";"Não";8;1;0;0;4;3;0;3;-20,556676;-42,20906;"SPRF-MG";"DEL07-MG";"UOP02-DEL07-MG"
577655;2024-01-28;"domingo";"18:40:00";"PE";232;181,4;"BELO JARDIM";"Transitar na contramão";"Colisão frontal";"Com Vítimas Feridas";"Plena Noite";"Decrescente";"Céu Claro";"Simples";"Reta";"Sim";2;0;1;0;1;0;1;2;-8,34627974;-36,43776285;"SPRF-PE";"DEL03-PE";"UOP02-DEL03-PE"