"id";"data_inversa";"dia_semana";"horario";"uf";"br";"km";"municipio";"causa_acidente";"tipo_acidente";"classificacao_acidente";"fase_dia";"sentido_via";"condicao_metereologica";"tipo_pista";"tracado_via";"uso_solo";"pessoas";"mortos";"feridos_leves";"feridos_graves";"ilesos";"ignorados";"feridos";"veiculos";"latitude";"longitude";"regional";"delegacia";"uop"
577657;2024-01-28;"domingo";"14:30:00";"BA";407;42,7;"JUAZEIRO";"Demais falhas mecânicas ou elétricas";"Saída de leito carroçável";"Com Vítimas Feridas";"Pleno dia";"Decrescente";"Sol";"Simples";"Reta";"Não";5;0;5;0;0;0;5;1;-9,74760195;-40,34800581;"SPRF-BA";"DEL04-BA";"UOP01-DEL04-BA"
577658;2024-01-28;"domingo";"20:00:00";"GO";60;388;"RIO VERDE";"Retorno proibido";"Colisão traseira";"Sem Vítimas";"Plena Noite";"Crescente";"Nublado";"Simples";"Não Informado";"Sim";4;0;0;0;3;1;0;3;-17,8151;-50,9343;"SPRF-GO";"DEL04-GO";"UOP02-DEL04-GO"
577659;2024-01-28;"domingo";"19:20:00";"PB";230;156;"CAMPINA GRANDE";"Transitar na contramão";"Colisão lateral sentido oposto";"Sem Vítimas";"Plena Noite";"Crescente";"Céu Claro";"Simples";"Não Informado";"Sim";2;0;0;0;2;0;0;2;-7,2693;-35,9138;"SPRF-PB";"DEL02-PB";"UOP01-DEL02-PB"
577660;2024-01-28;"domingo";"20:10:00";"PE";104;70,5;"CARUARU";"Ingestão de álcool pelo condutor";"Queda de ocupante de veículo";"Com Vítimas Feridas";"Plena Noite";"Decrescente";"Céu Claro";"Dupla";"Reta";"Não";1;0;1;0;0;0;1;1;-8,323266;-35,988803;"SPRF-PE";"DEL02-PE";"UOP01-DEL02-PE"
577662;2024-01-28;"domingo";"19:47:00";"SC";101;331,7;"TUBARAO";"Desrespeitar a preferência no cruzamento";"Colisão transversal";"Com Vítimas Feridas";"Plena Noite";"Crescente";"Garoa/Chuvisco";"Múltipla";"Interseção de vias";"Sim";4;0;1;0;3;0;1;2;-28,46567318;-48,99627686;"SPRF-SC";"DEL02-SC";"UOP01-DEL02-SC"
577663;2024-01-28;"domingo";"19:50:00";"GO";60;8,5;"SANTO ANTONIO DO DESCOBERTO";"Avarias e/ou desgaste excessivo no pneu";"Saída de leito carroçável";"Com Vítimas Feridas";"Plena Noite";"Crescente";"Céu Claro";"Dupla";"Não Informado";"Não";1;0;1;0;0;0;1;1;-16,112082;-48,305485;"SPRF-DF";"DEL03-DF";"UOP01-DEL03-DF"
577664;2024-01-28;"domingo";"19:50:00";"PR";469;18,8;"FOZ DO IGUACU";"Ingestão de álcool pelo condutor";"Colisão com objeto";"Sem Vítimas";"Plena Noite";"Decrescente";"Céu Claro";"Simples";"Não Informado";"Não";1;0;0;0;1;0;0;1;-25,5958;-54,5111;"SPRF-PR";"DEL05-PR";"UOP04-DEL05-PR"
577665;2024-01-28;"domingo";"20:15:00";"RS";290;4;"OSORIO";"Manobra de mudança de faixa";"Colisão lateral mesmo sentido";"Com Vítimas Feridas";"Plena Noite";"Crescente";"Nublado";"Dupla";"Reta";"Não";4;0;0;1;3;0;1;2;-29,898134;-50,31419;"SPRF-RS";"DEL03-RS";"UOP01-DEL03-RS"
577666;2024-01-28;"domingo";"17:15:00";"SP";116;108,5;"TAUBATE";"Entrada inopinada do pedestre";"Atropelamento de Pedestre";"Com Vítimas Feridas";"Pleno dia";"Crescente";"Nublado";"Dupla";"Não Informado";"Sim";2;0;1;0;1;0;1;2;-23,0233097;-45,53763622;"SPRF-SP";"DEL02-SP";"UOP02-DEL02-SP"
577668;2024-01-28;"domingo";"19:00:00";"SC";163;73;"SAO MIGUEL DO OESTE";"Conversão proibida";"Colisão traseira";"Com Vítimas Feridas";"Anoitecer";"Decrescente";"Céu Claro";"Simples";"Reta";"Sim";2;0;1;0;1;0;1;2;-26,71084646;-53,51502434;"SPRF-SC";"DEL07-SC";"UOP03-DEL07-SC"
577670;2024-01-28;"domingo";"19:10:00";"MG";40;772;"JUIZ DE FORA";"Transitar na contramão";"Colisão lateral sentido oposto";"Com Vítimas Feridas";"Plena Noite";"Decrescente";"Chuva";"Simples";"Curva";"Não";8;0;1;0;7;0;1;3;-21,61781996;-43,45469344;"SPRF-MG";"DEL05-MG";"UOP01-DEL05-MG"
577671;2024-01-28;"domingo";"20:15:00";"MG";50;180;"UBERABA";"Velocidade Incompatível";"Saída de leito carroçável";"Sem Vítimas";"Plena Noite";"Decrescente";"Céu Claro";"Dupla";"Não Informado";"Sim";1;0;0;0;0;1;0;1;-19,77751671;-47,92331815;"SPRF-MG";"DEL13-MG";"UOP01-DEL13-MG"
577675;2024-01-28;"domingo";"20:40:00";"SP";116;447;"REGISTRO";"Ausência de reação do condutor";"Colisão traseira";"Com Vítimas Feridas";"Plena Noite";"Decrescente";"Céu Claro";"Dupla";"Reta";"Não";2;0;0;1;1;0;1;2;-24,51285376;-47,85054871;"SPRF-SP";"DEL05-SP";"UOP01-DEL05-SP"
577676;2024-01-28;"domingo";"19:10:00";"MS";163;29;"MUNDO NOVO";"Reação tardia ou ineficiente do condutor";"Colisão com objeto";"Sem Vítimas";"Plena Noite";"Crescente";"Céu Claro";"Simples";"Reta";"Não";5;0;0;0;5;0;0;1;-23,85899892;-54,33396588;"SPRF-MS";"DEL09-MS";"UOP02-DEL09-MS"
577677;2024-01-28;"domingo";"19:30:00";"RS";290;174;"BUTIA";"Manobra de mudança de faixa";"Colisão frontal";"Com Vítimas Fatais";"Anoitecer";"Decrescente";"Céu Claro";"Simples";"Não Informado";"Não";3;1;2;0;0;0;2;2;-30,128044;-51,951588;"SPRF-RS";"DEL02-RS";"UOP03-DEL02-RS"
577678;2024-01-28;"domingo";"21:00:00";"MG";381;516;"IGARAPE";"Reação tardia ou ineficiente do condutor";"Colisão com objeto";"Com Vítimas Feridas";"Plena Noite";"Decrescente";"Chuva";"Dupla";"Não Informado";"Não";1;0;1;0;0;0;1;1;-20,10866993;-44,31488799;"SPRF-MG";"DEL01-MG";"UOP03-DEL01-MG"
577679;2024-01-28;"domingo";"19:30:00";"RO";364;197;"PIMENTA BUENO";"Transitar na contramão";"Colisão frontal";"Com Vítimas Feridas";"Plena Noite";"Crescente";"Céu Claro";"Simples";"Não Informado";"Sim";3;0;1;0;2;0;1;2;-11,679113;-61,187595;"SPRF-RO";"DEL02-RO";"UOP02-DEL02-RO"
577680;2024-01-28;"domingo";"17:15:00";"SC";470;108;"APIUNA";"Pista esburacada";"Atropelamento de Pedestre";"Com Vítimas Feridas";"Pleno dia";"Decrescente";"Garoa/Chuvisco";"Simples";"Reta";"Não";3;0;2;1;0;0;3;2;-27,080708;-49,440491;"SPRF-SC";"DEL04-SC";"UOP02-DEL04-SC"
577681;2024-01-28;"domingo";"19:00:00";"SC";470;115,7;"IBIRAMA";"Conversão proibida";"Colisão transversal";"Com Vítimas Feridas";"Pleno dia";"Crescente";"Céu Claro";"Simples";"Não Informado";"Não";5;0;2;0;2;1;2;2;-27,080416;-49,485348;"SPRF-SC";"DEL04-SC";"UOP02-DEL04-SC"
577682;2024-01-28;"domingo";"19:20:00";"RJ";101;386;"RIO DE JANEIRO";"Reação tardia ou ineficiente do condutor";"Saída de leito carroçável";"Com Vítimas Feridas";"Plena Noite";"Decrescente";"Chuva";"Dupla";"Reta";"Sim";1;0;1;0;0;0;1;1;-22,88295192;-43,64094302;"SPRF-RJ";"DEL03-RJ";"UOP01-DEL03-RJ"
577683;2024-01-28;"domingo";"21:35:00";"PA";163;984;"SANTAREM";"Pedestre andava na pista";"Atropelamento de Pedestre";"Com Vítimas Fatais";"Plena Noite";"Decrescente";"Céu Claro";"Simples";"Não Informado";"Não";3;1;0;0;2;0;0;2;-2,60947104;-54,72295996;"SPRF-PA";"DEL05-PA";"UOP01-DEL05-PA"
577684;2024-01-28;"domingo";"20:15:00";"PB";104;93;"ESPERANCA";"Ingestão de álcool pelo condutor";"Colisão frontal";"Com Vítimas Feridas";"Plena Noite";"Decrescente";"Céu Claro";"Simples";"Reta";"Sim";2;0;1;0;1;0;1;2;-6,99505412;-35,83569282;"SPRF-PB";"DEL02-PB";"UOP04-DEL02-PB"
577685;2024-01-28;"domingo";"21:10:00";"PE";408;88,5;"SAO LOURENCO DA MATA";"Velocidade Incompatível";"Saída de leito carroçável";"Com Vítimas Feridas";"Plena Noite";"Crescente";"Chuva";"Dupla";"Não Informado";"Não";1;0;0;1;0;0;1;1;-7,97432974;-35,08598372;"SPRF-PE";"DEL01-PE";"UOP01-DEL01-PE"
577686;2024-01-28;"domingo";"20:00:00";"MT";163;397,9;"CUIABA";"Reação tardia ou ineficiente do condutor";"Queda de ocupante de veículo";"Com Vítimas Feridas";"Plena Noite";"Decrescente";"Céu Claro";"Dupla";"Reta";"Sim";1;0;1;0;0;0;1;1;-15,66671471;-55,95987266;"SPRF-MT";"DEL01-MT";"UOP02-DEL01-MT"
577688;2024-01-28;"domingo";"21:20:00";"RS";158;567;"SANTANA DO LIVRAMENTO";"Acessar a via sem observar a presença dos outros veículos";"Colisão traseira";"Com Vítimas Feridas";"Plena Noite";"Decrescente";"Céu Claro";"Simples";"Não Informado";"Sim";3;0;0;1;2;0;1;2;-30,88998018;-55,50725341;"SPRF-RS";"DEL11-RS";"UOP01-DEL11-RS"
577689;2024-01-28;"domingo";"19:45:00";"PR";369;201;"APUCARANA";"Desrespeitar a preferência no cruzamento";"Colisão transversal";"Com Vítimas Feridas";"Plena Noite";"Decrescente";"Céu Claro";"Simples";"Interseção de vias";"Sim";3;0;0;2;0;1;2;2;-23,53755013;-51,4567852;"SPRF-PR";"DEL07-PR";"UOP03-DEL07-PR"
577690;2024-01-28;"domingo";"17:48:00";"ES";262;75,2;"DOMINGOS MARTINS";"Transitar na contramão";"Colisão frontal";"Com Vítimas Feridas";"Pleno dia";"Crescente";"Nublado";"Simples";"Reta";"Não";4;0;1;2;1;0;3;2;-20,41438425;-40,90034008;"SPRF-ES";"DEL01-ES";"UOP02-DEL01-ES"
577691;2024-01-28;"domingo";"21:50:00";"ES";101;70;"SAO MATEUS";"Acessar a via sem observar a presença dos outros veículos";"Colisão transversal";"Com Vítimas Feridas";"Plena Noite";"Crescente";"Garoa/Chuvisco";"Simples";"Reta";"Sim";3;0;0;1;2;0;1;3;-18,74453703;-39,86164665;"SPRF-ES";"DEL04-ES";"UOP02-DEL04-ES"
577692;2024-01-28;"domingo";"21:35:00";"ES";101;261,2;"SERRA";"Retorno proibido";"Colisão transversal";"Com Vítimas Feridas";"Plena Noite";"Decrescente";"Nublado";"Dupla";"Não Informado";"Sim";5;0;4;0;1;0;4;2;-20,14854215;-40,27970926;"SPRF-ES";"DEL02-ES";"UOP01-DEL02-ES"
577693;2024-01-28;"domingo";"21:20:00";"MA";226;2;"TIMON";"Reação tardia ou ineficiente do condutor";"Colisão traseira";"Com Vítimas Feridas";"Plena Noite";"Crescente";"Céu Claro";"Dupla";"Reta";"Sim";3;0;0;1;2;0;1;2;-5,1311846;-42,815704;"SPRF-MA";"DEL03-MA";"UOP02-DEL03-MA"
577694;2024-01-28;"domingo";"20:10:00";"RJ";116;316;"ITATIAIA";"Ausência de reação do condutor";"Queda de ocupante de veículo";"Com Vítimas Feridas";"Plena Noite";"Decrescente";"Chuva";"Dupla";"Reta";"Não";1;0;0;1;0;0;1;1;-22,46560057;-44,49102813;"SPRF-RJ";"DEL07-RJ";"UOP02-DEL07-RJ"
577695;2024-01-28;"domingo";"19:30:00";"RJ";116;288;"BARRA MANSA";"Velocidade Incompatível";"Saída de leito carroçável";"Com Vítimas Feridas";"Anoitecer";"Decrescente";"Chuva";"Dupla";"Curva";"Não";1;0;1;0;0;0;1;1;-22,48686584;-44,25027602;"SPRF-RJ";"DEL07-RJ";"UOP02-DEL07-RJ"
577696;2024-01-28;"domingo";"21:36:00";"PE";101;83;"JABOATAO DOS GUARARAPES";"Ausência de reação do condutor";"Incêndio";"Sem Vítimas";"Plena Noite";"Crescente";"Chuva";"Dupla";"Reta";"Não";1;0;0;0;1;0;0;1;-8,175172;-34,942642;"SPRF-PE";"DEL01-PE";"UOP01-DEL01-PE"
577697;2024-01-28;"domingo";"20:40:00";"RJ";393;259;"BARRA DO PIRAI";"Acessar a via sem observar a presença dos outros veículos";"Colisão traseira";"Com Vítimas Feridas";"Plena Noite";"Crescente";"Chuva";"Simples";"Reta";"Não";4;0;1;3;0;0;4;2;-22,472653;-43,874467;"SPRF-RJ";"DEL05-RJ";"UOP04-DEL05-RJ"
577698;2024-01-28;"domingo";"21:15:00";"GO";153;222;"URUACU";"Reação tardia ou ineficiente do condutor";"Saída de leito carroçável";"Sem Vítimas";"Plena Noite";"Crescente";"Chuva";"Simples";"Reta";"Não";1;0;0;0;1;0;0;1;-14,703126;-49,220371;"SPRF-GO";"DEL07-GO";"UOP02-DEL07-GO"
577699;2024-01-28;"domingo";"22:50:00";"SC";101;173,5;"TIJUCAS";"Demais falhas mecânicas ou elétricas";"Queda de ocupante de veículo";"Com Vítimas Feridas";"Plena Noite";"Decrescente";"Nublado";"Dupla";"Reta";"Não";1;0;1;0;0;0;1;1;-27,32203197;-48,62757785;"SPRF-SC";"DEL01-SC";"UOP01-DEL01-SC"
577700;2024-01-28;"domingo";"20:30:00";"RJ";493;0;"ITABORAI";"Reação tardia ou ineficiente do condutor";"Colisão lateral sentido oposto";"Com Vítimas Feridas";"Plena Noite";"Decrescente";"Chuva";"Simples";"Reta";"Sim";2;0;1;0;1;0;1;2;-22,77062;-42,92223;"SPRF-RJ";"DEL02-RJ";"UOP02-DEL02-RJ"
577702;2024-01-28;"domingo";"21:00:00";"MG";40;699;"BARBACENA";"Ausência de reação do condutor";"Colisão com objeto";"Sem Vítimas";"Plena Noite";"Crescente";"Chuva";"Simples";"Desvio Temporário";"Não";1;0;0;0;0;1;0;1;-21,16945;-43,756498;"SPRF-MG";"DEL05-MG";"UOP02-DEL05-MG"
577703;2024-01-28;"domingo";"18:50:00";"RS";470;143;"NOVA PRATA";"Ausência de reação do condutor";"Saída de leito carroçável";"Com Vítimas Feridas";"Anoitecer";"Decrescente";"Céu Claro";"Simples";"Curva";"Não";2;0;1;0;0;1;1;2;-28,68367296;-51,60988004;"SPRF-RS";"DEL06-RS";"UOP02-DEL06-RS"
577704;2024-01-28;"domingo";"22:50:00";"PR";277;586,4;"CASCAVEL";"Acessar a via sem observar a presença dos outros veículos";"Colisão transversal";"Sem Vítimas";"Plena Noite";"Decrescente";"Céu Claro";"Simples";"Não Informado";"Sim";4;0;0;0;4;0;0;2;-24,96629578;-53,42340231;"SPRF-PR";"DEL04-PR";"UOP01-DEL04-PR"
577707;2024-01-28;"domingo";"21:03:00";"SC";101;341;"TUBARAO";"Ingestão de álcool pelo condutor";"Saída de leito carroçável";"Sem Vítimas";"Plena Noite";"Decrescente";"Garoa/Chuvisco";"Dupla";"Reta";"Sim";2;0;0;0;1;1;0;1;-28,50999405;-49,05070686;"SPRF-SC";"DEL02-SC";"UOP01-DEL02-SC"
577708;2024-01-28;"domingo";"18:30:00";"RJ";465;21;"NOVA IGUACU";"Condutor deixou de manter distância do veículo da frente";"Engavetamento";"Com Vítimas Feridas";"Plena Noite";"Decrescente";"Chuva";"Simples";"Reta";"Sim";7;0;1;0;6;0;1;3;-22,854782;-43,601933;"SPRF-RJ";"DEL06-RJ";"UOP02-DEL06-RJ"
577710;2024-01-28;"domingo";"21:20:00";"RR";174;443;"MUCAJAI";"Condutor deixou de manter distância do veículo da frente";"Colisão traseira";"Sem Vítimas";"Plena Noite";"Crescente";"Céu Claro";"Simples";"Reta";"Não";3;0;0;0;3;0;0;2;2,395737;-60,917606;"SPRF-RR";"DEL01-RR";"UOP01-DEL01-RR"
577713;2024-01-28;"domingo";"19:20:00";"GO";414;428,3;"ABADIANIA";"Reação tardia ou ineficiente do condutor";"Saída de leito carroçável";"Com Vítimas Feridas";"Anoitecer";"Decrescente";"Céu Claro";"Simples";"Reta";"Não";2;0;1;0;1;0;1;1;-16,186059;-48,903932;"SPRF-GO";"DEL02-GO";"UOP01-DEL02-GO"
577715;2024-01-28;"domingo";"23:50:00";"PR";373;181,5;"PONTA GROSSA";"Reação tardia ou ineficiente do condutor";"Colisão frontal";"Com Vítimas Feridas";"Plena Noite";"Crescente";"Nublado";"Simples";"Reta";"Sim";3;0;1;0;2;0;1;2;-25,043196;-50,263235;"SPRF-PR";"DEL03-PR";"UOP01-DEL03-PR"
577716;2024-01-29;"segunda-feira";"00:05:00";"ES";101;203,4;"JOAO NEIVA";"Acessar a via sem observar a presença dos outros veículos";"Colisão lateral mesmo sentido";"Com Vítimas Feridas";"Plena Noite";"Decrescente";"Céu Claro";"Simples";"Reta";"Não";2;0;0;1;1;0;1;2;-19,74448248;-40,37263506;"SPRF-ES";"DEL04-ES";"UOP01-DEL04-ES"
577717;2024-01-28;"domingo";"00:25:00";"RJ";40;118;"DUQUE DE CAXIAS";"Frear bruscamente";"Colisão com objeto";"Sem Vítimas";"Plena Noite";"Decrescente";"Céu Claro";"Dupla";"Reta";"Sim";1;0;0;0;1;0;0;1;-22,75470802;-43,28737838;"SPRF-RJ";"DEL01-RJ";"UOP02-DEL01-RJ"
577718;2024-01-28;"domingo";"23:50:00";"PI";316;311,9;"PICOS";"Ausência de reação do condutor";"Colisão com objeto";"Sem Vítimas";"Plena Noite";"Decrescente";"Céu Claro";"Múltipla";"Não Informado";"Sim";1;0;0;0;0;1;0;1;-7,08047214;-41,45908713;"SPRF-PI";"DEL04-PI";"UOP01-DEL04-PI"
577719;2024-01-29;"segunda-feira";"00:30:00";"MG";381;839;"SAO SEBASTIAO DA BELA VISTA";"Reação tardia ou ineficiente do condutor";"Capotamento";"Com Vítimas Feridas";"Plena Noite";"Crescente";"Nublado";"Dupla";"Reta";"Não";7;0;7;0;0;0;7;1;-22,11819732;-45,75654119;"SPRF-MG";"DEL16-MG";"UOP01-DEL16-MG"
577723;2024-01-28;"domingo";"20:00:00";"MG";365;761,4;"ITUIUTABA";"Ausência de reação do condutor";"Colisão traseira";"Com Vítimas Feridas";"Plena Noite";"Decrescente";"Céu Claro";"Simples";"Reta";"Não";6;0;6;0;0;0;6;2;-18,965055;-49,5192;"SPRF-MG";"DEL15-MG";"UOP03-DEL15-MG"
577727;2024-01-29;"segunda-feira";"01:45:00";"RS";392;83,7;"PELOTAS";"Acessar a via sem observar a presença dos outros veículos";"Colisão transversal";"Com Vítimas Feridas";"Plena Noite";"Crescente";"Nevoeiro/Neblina";"Simples";"Reta";"Não";3;0;1;2;0;0;3;2;-31,65313133;-52,47118546;"SPRF-RS";"DEL07-RS";"UOP01-DEL07-RS"
577729;2024-01-29;"segunda-feira";"03:30:00";"BA";324;578;"CANDEIAS";"Manobra de mudança de faixa";"Colisão traseira";"Com Vítimas Feridas";"Amanhecer";"Crescente";"Nublado";"Dupla";"Reta";"Não";3;0;2;0;1;0;2;2;-12,599223;-38,508853;"SPRF-BA";"DEL01-BA";"UOP01-DEL01-BA"
577730;2024-01-29;"segunda-feira";"03:50:00";"SC";101;154,9;"PORTO BELO";"Ingestão de álcool pelo condutor";"Saída de leito carroçável";"Sem Vítimas";"Plena Noite";"Decrescente";"Nublado";"Simples";"Curva";"Não";1;0;0;0;1;0;0;1;-27,16244571;-48,61006021;"SPRF-SC";"DEL04-SC";"UOP03-DEL04-SC"
577731;2024-01-29;"segunda-feira";"02:41:00";"MT";364;285;"JACIARA";"Reação tardia ou ineficiente do condutor";"Saída de leito carroçável";"Com Vítimas Feridas";"Plena Noite";"Decrescente";"Céu Claro";"Dupla";"Reta";"Não";17;0;8;1;8;0;9;1;-15,90624979;-55,04864784;"SPRF-MT";"DEL05-MT";"UOP02-DEL05-MT"
577732;2024-01-29;"segunda-feira";"03:55:00";"PB";230;203;"OLIVEDOS";"Velocidade Incompatível";"Colisão transversal";"Com Vítimas Feridas";"Plena Noite";"Crescente";"Céu Claro";"Simples";"Reta";"Não";2;0;1;1;0;0;2;1;-7,0962;-36,2621;"SPRF-PB";"DEL02-PB";"UOP02-DEL02-PB"
577733;2024-01-29;"segunda-feira";"04:15:00";"MG";262;374;"JUATUBA";"Ingestão de substâncias psicoativas pelo condutor";"Saída de leito carroçável";"Com Vítimas Feridas";"Plena Noite";"Decrescente";"Céu Claro";"Dupla";"Curva";"Não";1;0;1;0;0;0;1;1;-19,96727284;-44,33288566;"SPRF-MG";"DEL01-MG";"UOP03-DEL01-MG"
577734;2024-01-29;"segunda-feira";"05:15:00";"MG";381;888;"CAMBUI";"Reação tardia ou ineficiente do condutor";"Saída de leito carroçável";"Com Vítimas Feridas";"Amanhecer";"Decrescente";"Nevoeiro/Neblina";"Dupla";"Reta";"Não";16;0;14;2;0;0;16;1;-22,57036508;-46,04169076;"SPRF-MG";"DEL16-MG";"UOP03-DEL16-MG"
577736;2024-01-29;"segunda-feira";"06:00:00";"MG";40;458;"CAETANOPOLIS";"Condutor deixou de manter distância do veículo da frente";"Colisão traseira";"Com Vítimas Feridas";"Amanhecer";"Decrescente";"Céu Claro";"Dupla";"Reta";"Não";3;0;0;1;2;0;1;3;-19,380294;-44,33825395;"SPRF-MG";"DEL02-MG";"UOP01-DEL02-MG"
577737;2024-01-29;"segunda-feira";"06:00:00";"SP";116;210;"GUARULHOS";"Ausência de reação do condutor";"Colisão lateral mesmo sentido";"Com Vítimas Feridas";"Pleno dia";"Crescente";"Nublado";"Múltipla";"Reta";"Sim";2;0;2;0;0;0;2;2;-23,42870023;-46,41085991;"SPRF-SP";"DEL01-SP";"UOP01-DEL01-SP"
577740;2024-01-29;"segunda-feira";"06:12:00";"PE";232;112,5;"BEZERROS";"Reação tardia ou ineficiente do condutor";"Saída de leito carroçável";"Com Vítimas Feridas";"Amanhecer";"Crescente";"Céu Claro";"Dupla";"Não Informado";"Sim";1;0;0;1;0;0;1;1;-8,29729696;-35,83146101;"SPRF-PE";"DEL02-PE";"UOP02-DEL02PE"
577741;2024-01-29;"segunda-feira";"05:50:00";"RS";392;12,8;"RIO GRANDE";"Manobra de mudança de faixa";"Colisão lateral mesmo sentido";"Com Vítimas Feridas";"Amanhecer";"Decrescente";"Nublado";"Dupla";"Não Informado";"Não";2;0;1;0;1;0;1;2;-32,12601434;-52,13875392;"SPRF-RS";"DEL07-RS";"UOP02-DEL07-RS"
577742;2024-01-29;"segunda-feira";"06:40:00";"GO";153;502;"GOIANIA";"Condutor deixou de manter distância do veículo da frente";"Engavetamento";"Com Vítimas Feridas";"Pleno dia";"Decrescente";"Céu Claro";"Múltipla";"Reta";"Sim";3;0;1;0;2;0;1;2;-16,7287;-49,2424;"SPRF-GO";"DEL01-GO";"UOP01-DEL01-GO"
577745;2024-01-29;"segunda-feira";"03:00:00";"SP";116;144;"SAO JOSE DOS CAMPOS";"Frear bruscamente";"Capotamento";"Com Vítimas Feridas";"Plena Noite";"Decrescente";"Nublado";"Múltipla";"Reta";"Sim";1;0;1;0;0;0;1;1;-23,18274416;-45,84633592;"SPRF-SP";"DEL02-SP";"UOP01-DEL02-SP"
577746;2024-01-29;"segunda-feira";"07:20:00";"SC";470;46,7;"BLUMENAU";"Reação tardia ou ineficiente do condutor";"Colisão traseira";"Com Vítimas Feridas";"Pleno dia";"Crescente";"Céu Claro";"Simples";"Não Informado";"Não";2;0;1;0;1;0;1;2;-26,86230153;-49,04257363;"SPRF-SC";"DEL04-SC";"UOP01-DEL04-SC"
577747;2024-01-29;"segunda-feira";"07:20:00";"PR";277;78;"CURITIBA";"Reação tardia ou ineficiente do condutor";"Tombamento";"Com Vítimas Feridas";"Pleno dia";"Crescente";"Céu Claro";"Dupla";"Reta";"Sim";2;0;2;0;0;0;2;1;-25,480851;-49,196623;"SPRF-PR";"DEL01-PR";"UOP07-DEL01-PR"
577748;2024-01-29;"segunda-feira";"08:15:00";"RS";290;718;"URUGUAIANA";"Desrespeitar a preferência no cruzamento";"Colisão transversal";"Com Vítimas Feridas";"Pleno dia";"Decrescente";"Céu Claro";"Simples";"Não Informado";"Sim";2;0;2;0;0;0;2;2;-29,774612;-57,04377;"SPRF-RS";"DEL13-RS";"UOP01-DEL13-RS"
577749;2024-01-29;"segunda-feira";"08:10:00";"MG";116;505;"INHAPIM";"Avarias e/ou desgaste excessivo no pneu";"Tombamento";"Com Vítimas Feridas";"Pleno dia";"Decrescente";"Céu Claro";"Simples";"Reta";"Não";2;0;2;0;0;0;2;1;-19,6030931;-42,11376783;"SPRF-MG";"DEL06-MG";"UOP02-DEL06-MG"
577751;2024-01-29;"segunda-feira";"07:40:00";"BA";324;623;"SALVADOR";"Avarias e/ou desgaste excessivo no pneu";"Queda de ocupante de veículo";"Com Vítimas Feridas";"Pleno dia";"Crescente";"Céu Claro";"Dupla";"Não Informado";"Sim";2;0;2;0;0;0;2;1;-12,92628699;-38,46838679;"SPRF-BA";"DEL01-BA";"UOP01-DEL01-BA"
577752;2024-01-29;"segunda-feira";"07:07:00";"BA";324;621;"SALVADOR";"Condutor deixou de manter distância do veículo da frente";"Colisão traseira";"Com Vítimas Feridas";"Pleno dia";"Crescente";"Céu Claro";"Dupla";"Reta";"Não";2;0;1;0;1;0;1;2;-12,91233708;-38,45956983;"SPRF-BA";"DEL01-BA";"UOP01-DEL01-BA"
577753;2024-01-29;"segunda-feira";"08:00:00";"MG";40;519,8;"CONTAGEM";"Reação tardia ou ineficiente do condutor";"Colisão lateral mesmo sentido";"Com Vítimas Feridas";"Pleno dia";"Crescente";"Nublado";"Dupla";"Não Informado";"Não";3;0;2;0;1;0;2;2;-19,84700227;-44,07312512;"SPRF-MG";"DEL01-MG";"UOP02-DEL01-MG"
577755;2024-01-29;"segunda-feira";"00:15:00";"DF";70;15;"BRASILIA";"Reação tardia ou ineficiente do condutor";"Saída de leito carroçável";"Com Vítimas Feridas";"Plena Noite";"Crescente";"Céu Claro";"Dupla";"Reta";"Não";1;0;1;0;0;0;1;1;-15,798888;-48,185043;"SPRF-DF";"DEL03-DF";"UOP02-DEL03-DF"
577756;2024-01-29;"segunda-feira";"06:45:00";"SC";101;435;"SOMBRIO";"Desrespeitar a preferência no cruzamento";"Colisão transversal";"Com Vítimas Feridas";"Pleno dia";"Decrescente";"Céu Claro";"Simples";"Interseção de vias";"Sim";2;0;1;0;1;0;1;2;-29,09949414;-49,63480552;"SPRF-SC";"DEL02-SC";"UOP02-DEL02-SC"
577757;2024-01-29;"segunda-feira";"08:30:00";"MG";116;278;"TEOFILO OTONI";"Animais na Pista";"Atropelamento de Animal";"Com Vítimas Feridas";"Pleno dia";"Decrescente";"Céu Claro";"Simples";"Reta";"Não";1;0;1;0;0;0;1;1;-17,86846089;-41,5171394;"SPRF-MG";"DEL11-MG";"UOP01-DEL11-MG"
577758;2024-01-29;"segunda-feira";"08:10:00";"CE";116;10,3;"FORTALEZA";"Manobra de mudança de faixa";"Tombamento";"Com Vítimas Feridas";"Pleno dia";"Decrescente";"Céu Claro";"Dupla";"Reta";"Sim";2;0;1;1;0;0;2;1;-3,83603805;-38,5027281;"SPRF-CE";"DEL01-CE";"UOP02-DEL01-CE"
577761;2024-01-25;"quinta-feira";"18:40:00";"PR";376;602;"CURITIBA";"Acessar a via sem observar a presença dos outros veículos";"Colisão lateral mesmo sentido";"Com Vítimas Feridas";"Anoitecer";"Crescente";"Nublado";"Dupla";"Interseção de vias";"Sim";2;0;1;0;1;0;1;2;-25,54324886;-49,30823922;"SPRF-PR";"DEL01-PR";"UOP06-DEL01-PR"