"id";"data_inversa";"dia_semana";"horario";"uf";"br";"km";"municipio";"causa_acidente";"tipo_acidente";"classificacao_acidente";"fase_dia";"sentido_via";"condicao_metereologica";"tipo_pista";"tracado_via";"uso_solo";"pessoas";"mortos";"feridos_leves";"feridos_graves";"ilesos";"ignorados";"feridos";"veiculos";"latitude";"longitude";"regional";"delegacia";"uop"
578040;2024-01-30;"terça-feira";"16:40:00";"RS";290;71;"GRAVATAI";"Reação tardia ou ineficiente do condutor";"Capotamento";"Com Vítimas Feridas";"Pleno dia";"Decrescente";"Céu Claro";"Múltipla";"Reta";"Sim";1;0;1;0;0;0;1;1;-29,951347;-50,965858;"SPRF-RS";"DEL03-RS";"UOP01-DEL03-RS"
578041;2024-01-30;"terça-feira";"13:11:00";"MT";163;687;"LUCAS DO RIO VERDE";"Acessar a via sem observar a presença dos outros veículos";"Colisão transversal";"Com Vítimas Feridas";"Pleno dia";"Crescente";"Nublado";"Simples";"Reta";"Sim";4;0;1;0;3;0;1;2;-13,07959013;-55,93724554;"SPRF-MT";"DEL06-MT";"UOP01-DEL06-MT"
578043;2024-01-30;"terça-feira";"16:20:00";"RJ";101;412;"ITAGUAI";"Demais falhas mecânicas ou elétricas";"Incêndio";"Sem Vítimas";"Pleno dia";"Crescente";"Céu Claro";"Dupla";"Reta";"Sim";2;0;0;0;2;0;0;1;-22,89720365;-43,85639217;"SPRF-RJ";"DEL03-RJ";"UOP01-DEL03-RJ"
578048;2024-01-30;"terça-feira";"16:40:00";"ES";259;99,1;"BAIXO GUANDU";"Desrespeitar a preferência no cruzamento";"Colisão transversal";"Com Vítimas Feridas";"Pleno dia";"Crescente";"Céu Claro";"Simples";"Curva";"Sim";2;0;0;1;1;0;1;2;-19,51537377;-40,98652397;"SPRF-ES";"DEL02-ES";"UOP01-DEL02-ES"
578049;2024-01-30;"terça-feira";"16:47:00";"PE";232;145;"SAO CAITANO";"Pedestre cruzava a pista fora da faixa";"Atropelamento de Pedestre";"Com Vítimas Fatais";"Pleno dia";"Crescente";"Céu Claro";"Simples";"Reta";"Sim";3;1;1;1;0;0;2;2;-8,32868;-36,120811;"SPRF-PE";"DEL03-PE";"UOP02-DEL03-PE"
578050;2024-01-30;"terça-feira";"17:30:00";"SC";282;16,2;"PALHOCA";"Estacionar ou parar em local proibido";"Colisão traseira";"Com Vítimas Feridas";"Pleno dia";"Crescente";"Céu Claro";"Simples";"Reta";"Sim";2;0;1;0;0;1;1;2;-27,66101584;-48,68390143;"SPRF-SC";"DEL01-SC";"UOP02-DEL01-SC"
578052;2024-01-30;"terça-feira";"17:30:00";"MG";116;704,3;"MURIAE";"Manobra de mudança de faixa";"Colisão lateral mesmo sentido";"Com Vítimas Feridas";"Pleno dia";"Decrescente";"Nublado";"Simples";"Reta";"Sim";2;0;1;0;0;1;1;2;-21,13416858;-42,38722798;"SPRF-MG";"DEL07-MG";"UOP02-DEL07-MG"
578053;2024-01-30;"terça-feira";"17:35:00";"PR";277;721,9;"FOZ DO IGUACU";"Manobra de mudança de faixa";"Colisão lateral mesmo sentido";"Com Vítimas Feridas";"Pleno dia";"Decrescente";"Sol";"Dupla";"Reta";"Sim";2;0;1;0;1;0;1;2;-25,4911505;-54,51185421;"SPRF-PR";"DEL05-PR";"UOP03-DEL05-PR"
578055;2024-01-30;"terça-feira";"17:05:00";"SC";101;157,8;"PORTO BELO";"Manobra de mudança de faixa";"Colisão lateral mesmo sentido";"Sem Vítimas";"Pleno dia";"Decrescente";"Céu Claro";"Dupla";"Reta";"Sim";2;0;0;0;2;0;0;2;-27,181625;-48,6121179;"SPRF-SC";"DEL04-SC";"UOP03-DEL04-SC"
578056;2024-01-30;"terça-feira";"18:00:00";"SC";101;16;"PALHOCA";"Trafegar com motocicleta (ou similar) entre as faixas";"Colisão lateral mesmo sentido";"Com Vítimas Feridas";"Anoitecer";"Crescente";"Nublado";"Simples";"Reta";"Sim";2;0;1;0;1;0;1;2;-27,660612;-48,677251;"SPRF-SC";"DEL03-SC";"UOP01-DEL03-SC"
578057;2024-01-30;"terça-feira";"17:50:00";"ES";101;213;"IBIRACU";"Conversão proibida";"Colisão transversal";"Com Vítimas Feridas";"Anoitecer";"Crescente";"Nublado";"Simples";"Reta";"Sim";2;0;1;0;1;0;1;2;-19,82352998;-40,36981894;"SPRF-ES";"DEL02-ES";"UOP01-DEL02-ES"
578058;2024-01-30;"terça-feira";"11:00:00";"AC";317;280;"EPITACIOLANDIA";"Avarias e/ou desgaste excessivo no pneu";"Saída de leito carroçável";"Sem Vítimas";"Pleno dia";"Crescente";"Céu Claro";"Simples";"Não Informado";"Não";1;0;0;0;1;0;0;1;-10,9954281;-68,64267787;"SPRF-AC";"DEL01-AC";"UOP02-DEL01-AC"
578059;2024-01-30;"terça-feira";"12:40:00";"RJ";101;95;"CAMPOS DOS GOYTACAZES";"Avarias e/ou desgaste excessivo no pneu";"Capotamento";"Com Vítimas Feridas";"Pleno dia";"Crescente";"Céu Claro";"Dupla";"Curva";"Não";5;0;5;0;0;0;5;1;-21,86957661;-41,5470863;"SPRF-RJ";"DEL08-RJ";"UOP02-DEL08-RJ"
578061;2024-01-30;"terça-feira";"18:26:00";"PE";407;127;"PETROLINA";"Condutor deixou de manter distância do veículo da frente";"Colisão traseira";"Sem Vítimas";"Plena Noite";"Decrescente";"Céu Claro";"Simples";"Não Informado";"Sim";2;0;0;0;2;0;0;2;-9,3908678;-40,52038627;"SPRF-PE";"DEL06-PE";"UOP01-DEL06-PE"
578062;2024-01-30;"terça-feira";"18:00:00";"ES";101;282,8;"CARIACICA";"Transitar na contramão";"Colisão frontal";"Com Vítimas Feridas";"Anoitecer";"Decrescente";"Nublado";"Simples";"Reta";"Sim";3;0;2;0;1;0;2;2;-20,22694;-40,36458;"SPRF-ES";"DEL01-ES";"UOP01-DEL01-ES"
578063;2024-01-30;"terça-feira";"18:40:00";"BA";101;739;"ITABELA";"Transitar na contramão";"Colisão lateral sentido oposto";"Com Vítimas Feridas";"Plena Noite";"Decrescente";"Céu Claro";"Dupla";"Não Informado";"Não";6;0;5;1;0;0;6;2;-16,689233;-39,480426;"SPRF-BA";"DEL09-BA";"UOP01-DEL09-BA"
578064;2024-01-30;"terça-feira";"17:59:00";"DF";70;16;"BRASILIA";"Velocidade Incompatível";"Colisão transversal";"Sem Vítimas";"Anoitecer";"Crescente";"Nublado";"Dupla";"Não Informado";"Sim";4;0;0;0;4;0;0;2;-15,796144;-48,194225;"SPRF-DF";"DEL03-DF";"UOP02-DEL03-DF"
578066;2024-01-30;"terça-feira";"17:40:00";"SC";280;166,3;"MAFRA";"Acessar a via sem observar a presença dos outros veículos";"Colisão transversal";"Com Vítimas Feridas";"Pleno dia";"Decrescente";"Céu Claro";"Simples";"Não Informado";"Sim";2;0;1;0;1;0;1;2;-26,17713619;-49,81611416;"SPRF-SC";"DEL06-SC";"UOP01-DEL06-SC"
578067;2024-01-30;"terça-feira";"14:00:00";"MT";70;684;"CACERES";"Acumulo de água sobre o pavimento";"Saída de leito carroçável";"Sem Vítimas";"Pleno dia";"Decrescente";"Chuva";"Simples";"Curva";"Não";3;0;0;0;3;0;0;1;-16,14356887;-57,33928105;"SPRF-MT";"DEL03-MT";"UOP02-DEL03-MT"
578069;2024-01-30;"terça-feira";"17:00:00";"MG";381;487;"BETIM";"Manobra de mudança de faixa";"Colisão lateral mesmo sentido";"Com Vítimas Feridas";"Pleno dia";"Decrescente";"Céu Claro";"Dupla";"Não Informado";"Não";2;0;1;0;1;0;1;2;-19,95644414;-44,13611598;"SPRF-MG";"DEL01-MG";"UOP03-DEL01-MG"
578070;2024-01-30;"terça-feira";"18:50:00";"SC";101;118,6;"ITAJAI";"Manobra de mudança de faixa";"Tombamento";"Com Vítimas Feridas";"Anoitecer";"Decrescente";"Nublado";"Dupla";"Reta";"Não";2;0;1;0;1;0;1;2;-26,895859;-48,71903;"SPRF-SC";"DEL04-SC";"UOP04-DEL04-SC"
578071;2024-01-30;"terça-feira";"19:10:00";"SC";101;112,9;"ITAJAI";"Acessar a via sem observar a presença dos outros veículos";"Colisão lateral mesmo sentido";"Com Vítimas Feridas";"Plena Noite";"Decrescente";"Nublado";"Múltipla";"Não Informado";"Sim";2;0;1;0;1;0;1;2;-26,84589005;-48,72131295;"SPRF-SC";"DEL04-SC";"UOP04-DEL04-SC"
578072;2024-01-30;"terça-feira";"15:45:00";"MG";381;273;"CORONEL FABRICIANO";"Ausência de reação do condutor";"Colisão frontal";"Com Vítimas Fatais";"Pleno dia";"Decrescente";"Chuva";"Simples";"Curva";"Não";4;2;0;1;0;1;1;3;-19,53913;-42,67738;"SPRF-MG";"DEL03-MG";"UOP02-DEL03-MG"
578074;2024-01-30;"terça-feira";"19:00:00";"BA";116;815;"VITORIA DA CONQUISTA";"Reação tardia ou ineficiente do condutor";"Colisão transversal";"Com Vítimas Feridas";"Plena Noite";"Crescente";"Céu Claro";"Simples";"Reta";"Não";2;0;1;0;1;0;1;2;-14,77134491;-40,71858287;"SPRF-BA";"DEL08-BA";"UOP01-DEL08-BA"
578075;2024-01-30;"terça-feira";"19:10:00";"RJ";101;419;"MANGARATIBA";"Manobra de mudança de faixa";"Colisão transversal";"Com Vítimas Feridas";"Plena Noite";"Crescente";"Nublado";"Simples";"Curva";"Não";2;0;1;0;1;0;1;2;-22,91710057;-43,91218185;"SPRF-RJ";"DEL03-RJ";"UOP02-DEL03-RJ"
578077;2024-01-30;"terça-feira";"19:00:00";"PR";163;223,1;"CASCAVEL";"Reação tardia ou ineficiente do condutor";"Saída de leito carroçável";"Com Vítimas Feridas";"Anoitecer";"Crescente";"Céu Claro";"Dupla";"Curva";"Não";3;0;2;0;1;0;2;1;-24,897235;-53,533793;"SPRF-PR";"DEL04-PR";"UOP01-DEL04-PR"
578078;2024-01-30;"terça-feira";"15:30:00";"RO";364;422;"JARU";"Retorno proibido";"Colisão lateral mesmo sentido";"Com Vítimas Feridas";"Pleno dia";"Decrescente";"Céu Claro";"Simples";"Não Informado";"Sim";2;0;1;0;1;0;1;2;-10,4597532;-62,4558043;"SPRF-RO";"DEL03-RO";"UOP02-DEL03-RO"
578079;2024-01-30;"terça-feira";"15:45:00";"RO";364;423;"JARU";"Ausência de reação do condutor";"Tombamento";"Com Vítimas Feridas";"Pleno dia";"Decrescente";"Céu Claro";"Simples";"Ponte";"Não";2;0;1;0;1;0;1;1;-10,45220802;-62,46072003;"SPRF-RO";"DEL03-RO";"UOP02-DEL03-RO"
578080;2024-01-30;"terça-feira";"18:15:00";"BA";116;900;"CANDIDO SALES";"Acessar a via sem observar a presença dos outros veículos";"Colisão transversal";"Com Vítimas Feridas";"Anoitecer";"Crescente";"Céu Claro";"Simples";"Reta";"Não";9;0;2;0;7;0;2;2;-15,436036;-41,221999;"SPRF-BA";"DEL08-BA";"UOP03-DEL08-BA"
578082;2024-01-30;"terça-feira";"20:30:00";"MG";262;366;"JUATUBA";"Demais falhas mecânicas ou elétricas";"Incêndio";"Sem Vítimas";"Plena Noite";"Decrescente";"Céu Claro";"Dupla";"Reta";"Sim";1;0;0;0;1;0;0;1;-19,92980512;-44,32201999;"SPRF-MG";"DEL01-MG";"UOP03-DEL01-MG"
578086;2024-01-30;"terça-feira";"20:50:00";"GO";20;10;"FORMOSA";"Avarias e/ou desgaste excessivo no pneu";"Capotamento";"Sem Vítimas";"Plena Noite";"Crescente";"Garoa/Chuvisco";"Simples";"Reta";"Não";1;0;0;0;0;1;0;1;-15,558447;-47,26619;"SPRF-DF";"DEL02-DF";"UOP02-DEL02-DF"
578087;2024-01-30;"terça-feira";"21:51:00";"SC";101;201,4;"SAO JOSE";"Estacionar ou parar em local proibido";"Colisão traseira";"Com Vítimas Feridas";"Plena Noite";"Decrescente";"Nublado";"Múltipla";"Reta";"Sim";2;0;1;0;1;0;1;2;-27,54836599;-48,61977975;"SPRF-SC";"DEL01-SC";"UOP01-DEL01-SC"
578088;2024-01-30;"terça-feira";"19:30:00";"SC";101;357,2;"SANGAO";"Reação tardia ou ineficiente do condutor";"Colisão com objeto";"Com Vítimas Feridas";"Anoitecer";"Decrescente";"Céu Claro";"Dupla";"Curva";"Sim";1;0;0;1;0;0;1;1;-28,64422;-49,1008;"SPRF-SC";"DEL02-SC";"UOP01-DEL02-SC"
578090;2024-01-30;"terça-feira";"21:38:00";"SP";116;284,1;"ITAPECERICA DA SERRA";"Reação tardia ou ineficiente do condutor";"Colisão traseira";"Sem Vítimas";"Pleno dia";"Crescente";"Céu Claro";"Dupla";"Não Informado";"Não";4;0;0;0;4;0;0;2;-23,69998;-46,867767;"SPRF-SP";"DEL04-SP";"UOP01-DEL04-SP"
578091;2024-01-30;"terça-feira";"17:00:00";"RJ";101;327;"NITEROI";"Ausência de reação do condutor";"Colisão traseira";"Com Vítimas Feridas";"Anoitecer";"Decrescente";"Nublado";"Dupla";"Não Informado";"Sim";2;0;1;0;1;0;1;2;-22,87117393;-43,15595099;"SPRF-RJ";"DEL02-RJ";"UOP01-DEL02-RJ"
578092;2024-01-30;"terça-feira";"22:25:00";"SP";101;46;"UBATUBA";"Transitar no Acostamento";"Colisão frontal";"Com Vítimas Feridas";"Plena Noite";"Crescente";"Céu Claro";"Simples";"Reta";"Não";2;0;0;2;0;0;2;2;-23,42403383;-45,07492113;"SPRF-SP";"DEL06-SP";"UOP01-DEL06-SP"
578093;2024-01-30;"terça-feira";"17:30:00";"GO";452;17;"RIO VERDE";"Ultrapassagem Indevida";"Colisão frontal";"Com Vítimas Feridas";"Pleno dia";"Decrescente";"Chuva";"Simples";"Não Informado";"Não";2;0;1;0;1;0;1;2;-17,85575304;-50,75816802;"SPRF-GO";"DEL04-GO";"UOP01-DEL04-GO"
578095;2024-01-30;"terça-feira";"17:30:00";"PE";428;4;"CABROBO";"Acostamento em desnível";"Queda de ocupante de veículo";"Com Vítimas Feridas";"Anoitecer";"Decrescente";"Céu Claro";"Simples";"Reta";"Não";1;0;1;0;0;0;1;1;-8,53181343;-39,25892123;"SPRF-PE";"DEL05-PE";"UOP03-DEL05-PE"
578096;2024-01-30;"terça-feira";"17:50:00";"MT";174;220;"FIGUEIROPOLIS DOESTE";"Velocidade Incompatível";"Saída de leito carroçável";"Com Vítimas Fatais";"Pleno dia";"Decrescente";"Chuva";"Simples";"Não Informado";"Não";2;1;0;1;0;0;1;1;-15,60800848;-58,83454416;"SPRF-MT";"DEL04-MT";"UOP01-DEL04-MT"
578097;2024-01-30;"terça-feira";"18:18:00";"PA";230;121;"MARABA";"Ultrapassagem Indevida";"Colisão lateral mesmo sentido";"Com Vítimas Fatais";"Plena Noite";"Crescente";"Céu Claro";"Dupla";"Reta";"Sim";2;1;0;0;1;0;0;2;-5,35297407;-49,12143673;"SPRF-PA";"DEL03-PA";"UOP01-DEL03-PA"
578098;2024-01-30;"terça-feira";"22:50:00";"PR";369;153;"LONDRINA";"Reação tardia ou ineficiente do condutor";"Colisão traseira";"Com Vítimas Feridas";"Plena Noite";"Crescente";"Céu Claro";"Dupla";"Não Informado";"Sim";3;0;1;0;2;0;1;2;-23,29810446;-51,19444907;"SPRF-PR";"DEL07-PR";"UOP01-DEL07-PR"
578102;2024-01-30;"terça-feira";"22:00:00";"MG";116;411,1;"GOVERNADOR VALADARES";"Acumulo de água sobre o pavimento";"Colisão com objeto";"Sem Vítimas";"Plena Noite";"Crescente";"Chuva";"Dupla";"Reta";"Sim";1;0;0;0;1;0;0;1;-18,86244705;-41,97405237;"SPRF-MG";"DEL06-MG";"UOP01-DEL06-MG"
578103;2024-01-30;"terça-feira";"21:50:00";"MG";116;665,2;"SAO FRANCISCO DO GLORIA";"Condutor Dormindo";"Saída de leito carroçável";"Com Vítimas Feridas";"Plena Noite";"Decrescente";"Céu Claro";"Simples";"Curva";"Não";1;0;1;0;0;0;1;1;-20,83383427;-42,32199225;"SPRF-MG";"DEL07-MG";"UOP02-DEL07-MG"
578108;2024-01-30;"terça-feira";"23:35:00";"PR";376;183,2;"SARANDI";"Ausência de reação do condutor";"Tombamento";"Com Vítimas Feridas";"Plena Noite";"Crescente";"Céu Claro";"Dupla";"Não Informado";"Sim";1;0;0;1;0;0;1;1;-23,44159097;-51,87067398;"SPRF-PR";"DEL09-PR";"UOP01-DEL09-PR"
578111;2024-01-31;"quarta-feira";"00:30:00";"BA";116;12;"VITORIA DA CONQUISTA";"Ausência de reação do condutor";"Colisão traseira";"Com Vítimas Feridas";"Pleno dia";"Decrescente";"Céu Claro";"Simples";"Reta";"Sim";2;0;1;0;1;0;1;2;-14,87723;-40,8711;"SPRF-BA";"DEL08-BA";"UOP01-DEL08-BA"
578112;2024-01-30;"terça-feira";"23:05:00";"MT";163;84,6;"RONDONOPOLIS";"Velocidade Incompatível";"Capotamento";"Com Vítimas Feridas";"Plena Noite";"Crescente";"Chuva";"Dupla";"Não Informado";"Não";2;0;2;0;0;0;2;1;-16,78834709;-54,67072783;"SPRF-MT";"DEL02-MT";"UOP03-DEL02-MT"
578113;2024-01-30;"terça-feira";"23:30:00";"SC";282;425;"VARGEM BONITA";"Ausência de reação do condutor";"Colisão com objeto";"Com Vítimas Fatais";"Plena Noite";"Decrescente";"Céu Claro";"Simples";"Não Informado";"Não";1;1;0;0;0;0;0;1;-26,97885;-51,75913;"SPRF-SC";"DEL07-SC";"UOP05-DEL07-SC"
578114;2024-01-31;"quarta-feira";"02:20:00";"GO";40;1,5;"VALPARAISO DE GOIAS";"Condutor Dormindo";"Colisão com objeto";"Com Vítimas Feridas";"Plena Noite";"Crescente";"Céu Claro";"Dupla";"Reta";"Sim";1;0;1;0;0;0;1;1;-16,058245;-47,982825;"SPRF-DF";"DEL01-DF";"UOP01-DEL01-DF"
578116;2024-01-31;"quarta-feira";"01:00:00";"PR";376;405;"TIBAGI";"Ingestão de álcool pelo condutor";"Saída de leito carroçável";"Sem Vítimas";"Plena Noite";"Crescente";"Céu Claro";"Dupla";"Não Informado";"Não";5;0;0;0;5;0;0;1;-24,634064;-50,636837;"SPRF-PR";"DEL03-PR";"UOP02-DEL03-PR"
578119;2024-01-31;"quarta-feira";"04:54:00";"DF";70;13;"BRASILIA";"Velocidade Incompatível";"Colisão traseira";"Sem Vítimas";"Plena Noite";"Crescente";"Chuva";"Dupla";"Reta";"Não";2;0;0;0;0;2;0;2;-15,794558;-48,166584;"SPRF-DF";"DEL03-DF";"UOP02-DEL03-DF"
578121;2024-01-31;"quarta-feira";"00:00:00";"SC";282;443;"PONTE SERRADA";"Ingestão de álcool pelo condutor";"Saída de leito carroçável";"Com Vítimas Feridas";"Plena Noite";"Crescente";"Céu Claro";"Simples";"Reta";"Não";1;0;1;0;0;0;1;1;-26,917578;-51,890999;"SPRF-SC";"DEL07-SC";"UOP04-DEL07-SC"
578122;2024-01-31;"quarta-feira";"05:43:00";"RS";290;83;"CACHOEIRINHA";"Reação tardia ou ineficiente do condutor";"Saída de leito carroçável";"Com Vítimas Feridas";"Amanhecer";"Crescente";"Céu Claro";"Múltipla";"Curva";"Sim";1;0;0;1;0;0;1;1;-29,959141;-51,088791;"SPRF-RS";"DEL01-RS";"UOP01-DEL01-RS"
578123;2024-01-31;"quarta-feira";"05:15:00";"BA";324;625,5;"SALVADOR";"Reação tardia ou ineficiente do condutor";"Colisão traseira";"Com Vítimas Feridas";"Amanhecer";"Crescente";"Céu Claro";"Múltipla";"Curva";"Sim";3;0;2;0;1;0;2;2;-12,956974;-38,4719;"SPRF-BA";"DEL01-BA";"UOP01-DEL01-BA"
578124;2024-01-31;"quarta-feira";"05:25:00";"SC";280;58,6;"GUARAMIRIM";"Velocidade Incompatível";"Colisão com objeto";"Com Vítimas Feridas";"Amanhecer";"Decrescente";"Nublado";"Simples";"Curva";"Sim";1;0;1;0;0;0;1;1;-26,47415593;-49,021211;"SPRF-SC";"DEL03-SC";"UOP03-DEL03-SC"
578125;2024-01-31;"quarta-feira";"05:00:00";"SC";282;20,4;"PALHOCA";"Velocidade Incompatível";"Colisão com objeto";"Com Vítimas Feridas";"Amanhecer";"Crescente";"Nublado";"Dupla";"Reta";"Não";2;0;1;0;1;0;1;2;-27,68594123;-48,7129283;"SPRF-SC";"DEL01-SC";"UOP02-DEL01-SC"
578126;2024-01-31;"quarta-feira";"06:00:00";"PE";101;52,3;"PAULISTA";"Estacionar ou parar em local proibido";"Colisão traseira";"Com Vítimas Feridas";"Pleno dia";"Crescente";"Céu Claro";"Múltipla";"Reta";"Sim";2;0;0;1;1;0;1;2;-7,92358799;-34,89607201;"SPRF-PE";"DEL01-PE";"UOP02-DEL01-PE"
578128;2024-01-31;"quarta-feira";"04:00:00";"MS";60;325;"CAMPO GRANDE";"Animais na Pista";"Atropelamento de Animal";"Sem Vítimas";"Amanhecer";"Decrescente";"Céu Claro";"Simples";"Desvio Temporário";"Não";3;0;0;0;3;0;0;1;-20,35683649;-54,52352436;"SPRF-MS";"DEL01-MS";"UOP02-DEL01-MS"
578129;2024-01-31;"quarta-feira";"04:00:00";"BA";110;228;"OLINDINA";"Animais na Pista";"Saída de leito carroçável";"Com Vítimas Fatais";"Plena Noite";"Decrescente";"Céu Claro";"Simples";"Reta";"Não";3;1;0;2;0;0;2;1;-11,31272;-38,38791;"SPRF-BA";"DEL07-BA";"UOP02-DEL07-BA"
578131;2024-01-31;"quarta-feira";"06:15:00";"RS";290;638;"URUGUAIANA";"Reação tardia ou ineficiente do condutor";"Saída de leito carroçável";"Com Vítimas Feridas";"Pleno dia";"Decrescente";"Céu Claro";"Simples";"Reta";"Não";2;0;1;0;1;0;1;1;-30,017042;-56,299175;"SPRF-RS";"DEL13-RS";"UOP02-DEL13-RS"
578133;2024-01-31;"quarta-feira";"06:40:00";"SP";381;52;"ATIBAIA";"Reação tardia ou ineficiente do condutor";"Engavetamento";"Com Vítimas Feridas";"Pleno dia";"Decrescente";"Sol";"Dupla";"Não Informado";"Não";4;0;2;0;2;0;2;3;-23,2300622;-46,59963076;"SPRF-SP";"DEL03-SP";"UOP01-DEL03-SP"
578134;2024-01-30;"terça-feira";"23:50:00";"MT";364;204;"RONDONOPOLIS";"Ingestão de álcool pelo condutor";"Colisão com objeto";"Com Vítimas Feridas";"Plena Noite";"Crescente";"Céu Claro";"Dupla";"Reta";"Sim";1;0;0;1;0;0;1;1;-16,467325;-54,657196;"SPRF-MT";"DEL02-MT";"UOP01-DEL02-MT"
578135;2024-01-31;"quarta-feira";"05:30:00";"GO";153;437;"ANAPOLIS";"Ingestão de álcool pelo condutor";"Saída de leito carroçável";"Sem Vítimas";"Amanhecer";"Crescente";"Céu Claro";"Dupla";"Reta";"Sim";1;0;0;0;0;1;0;1;-16,286884;-48,942978;"SPRF-GO";"DEL02-GO";"UOP01-DEL02-GO"
578137;2024-01-31;"quarta-feira";"06:40:00";"ES";101;252,5;"SERRA";"Pista Escorregadia";"Tombamento";"Com Vítimas Feridas";"Pleno dia";"Decrescente";"Céu Claro";"Simples";"Reta";"Não";1;0;1;0;0;0;1;1;-20,09618209;-40,33951217;"SPRF-ES";"DEL02-ES";"UOP01-DEL02-ES"
578139;2024-01-31;"quarta-feira";"07:20:00";"SC";NA;NA;"LAGES";"Animais na Pista";"Atropelamento de Animal";"Com Vítimas Feridas";"Pleno dia";"Não Informado";"Céu Claro";"Simples";"Reta";"Sim";2;0;0;1;0;1;1;2;-27,79531273;-50,32413125;"SPRF-SC";"DEL05-SC";"UOP01-DEL05-SC"
578140;2024-01-31;"quarta-feira";"07:30:00";"RS";158;325;"SANTA MARIA";"Reação tardia ou ineficiente do condutor";"Colisão lateral mesmo sentido";"Com Vítimas Feridas";"Pleno dia";"Crescente";"Céu Claro";"Dupla";"Reta";"Sim";2;0;2;0;0;0;2;2;-29,7037466;-53,79524635;"SPRF-RS";"DEL09-RS";"UOP01-DEL09-RS"
578141;2024-01-31;"quarta-feira";"07:25:00";"MG";381;479;"CONTAGEM";"Trafegar com motocicleta (ou similar) entre as faixas";"Colisão traseira";"Com Vítimas Feridas";"Pleno dia";"Decrescente";"Céu Claro";"Dupla";"Reta";"Não";3;0;1;0;2;0;1;3;-19,95889605;-44,069202;"SPRF-MG";"DEL01-MG";"UOP03-DEL01-MG"
578143;2024-01-31;"quarta-feira";"07:25:00";"SC";101;148;"ITAPEMA";"Reação tardia ou ineficiente do condutor";"Colisão traseira";"Com Vítimas Feridas";"Pleno dia";"Crescente";"Céu Claro";"Múltipla";"Reta";"Sim";2;0;1;0;1;0;1;2;-27,10123686;-48,61807962;"SPRF-SC";"DEL04-SC";"UOP03-DEL04-SC"
578145;2024-01-31;"quarta-feira";"07:55:00";"PR";277;721,9;"FOZ DO IGUACU";"Reação tardia ou ineficiente do condutor";"Tombamento";"Com Vítimas Feridas";"Pleno dia";"Crescente";"Céu Claro";"Dupla";"Reta";"Sim";1;0;1;0;0;0;1;1;-25,4911505;-54,51185421;"SPRF-PR";"DEL05-PR";"UOP03-DEL05-PR"
578146;2024-01-31;"quarta-feira";"07:40:00";"ES";101;297,1;"VIANA";"Manobra de mudança de faixa";"Colisão lateral mesmo sentido";"Com Vítimas Feridas";"Amanhecer";"Decrescente";"Nublado";"Dupla";"Reta";"Sim";2;0;2;0;0;0;2;2;-20,34529844;-40,41026774;"SPRF-ES";"DEL01-ES";"UOP01-DEL01-ES"
578147;2024-01-31;"quarta-feira";"07:30:00";"SC";101;133;"BALNEARIO CAMBORIU";"Manobra de mudança de faixa";"Colisão lateral mesmo sentido";"Com Vítimas Feridas";"Pleno dia";"Crescente";"Céu Claro";"Dupla";"Reta";"Sim";2;0;2;0;0;0;2;2;-26,99936;-48,64609;"SPRF-SC";"DEL04-SC";"UOP03-DEL04-SC"
578148;2024-01-31;"quarta-feira";"07:15:00";"SC";101;129;"BALNEARIO CAMBORIU";"Ausência de reação do condutor";"Colisão traseira";"Com Vítimas Feridas";"Pleno dia";"Decrescente";"Nublado";"Dupla";"Reta";"Sim";4;0;1;1;2;0;2;2;-26,98064277;-48,6790679;"SPRF-SC";"DEL04-SC";"UOP03-DEL04-SC"
578149;2024-01-31;"quarta-feira";"08:00:00";"SP";116;214;"GUARULHOS";"Reação tardia ou ineficiente do condutor";"Tombamento";"Com Vítimas Feridas";"Pleno dia";"Crescente";"Céu Claro";"Dupla";"Desvio Temporário";"Sim";2;0;2;0;0;0;2;1;-23,44333014;-46,44531294;"SPRF-SP";"DEL01-SP";"UOP01-DEL01-SP"
578150;2024-01-31;"quarta-feira";"07:40:00";"MG";381;929,7;"ITAPEVA";"Velocidade Incompatível";"Saída de leito carroçável";"Com Vítimas Feridas";"Pleno dia";"Decrescente";"Nublado";"Dupla";"Reta";"Não";1;0;0;1;0;0;1;1;-22,77359686;-46,23855539;"SPRF-MG";"DEL16-MG";"UOP03-DEL16-MG"
578151;2024-01-31;"quarta-feira";"08:06:00";"RN";101;94;"NATAL";"Trafegar com motocicleta (ou similar) entre as faixas";"Colisão traseira";"Com Vítimas Feridas";"Pleno dia";"Decrescente";"Céu Claro";"Dupla";"Reta";"Sim";2;0;1;0;1;0;1;2;-5,83176615;-35,21191342;"SPRF-RN";"DEL01-RN";"UOP01-DEL01-RN"
578152;2024-01-31;"quarta-feira";"05:20:00";"SC";282;379;"HERVAL DOESTE";"Ausência de reação do condutor";"Colisão com objeto";"Sem Vítimas";"Amanhecer";"Crescente";"Céu Claro";"Simples";"Rotatória";"Não";1;0;0;0;0;1;0;1;-27,21446527;-51,48563731;"SPRF-SC";"DEL07-SC";"UOP05-DEL07-SC"
578153;2024-01-31;"quarta-feira";"07:00:00";"RJ";116;191;"QUEIMADOS";"Avarias e/ou desgaste excessivo no pneu";"Queda de ocupante de veículo";"Sem Vítimas";"Pleno dia";"Decrescente";"Céu Claro";"Dupla";"Reta";"Sim";3;0;0;0;3;0;0;3;-22,74421443;-43,509822;"SPRF-RJ";"DEL06-RJ";"UOP01-DEL06-RJ"