"id";"data_inversa";"dia_semana";"horario";"uf";"br";"km";"municipio";"causa_acidente";"tipo_acidente";"classificacao_acidente";"fase_dia";"sentido_via";"condicao_metereologica";"tipo_pista";"tracado_via";"uso_solo";"pessoas";"mortos";"feridos_leves";"feridos_graves";"ilesos";"ignorados";"feridos";"veiculos";"latitude";"longitude";"regional";"delegacia";"uop"
578155;2024-01-31;"quarta-feira";"07:58:00";"CE";116;3,3;"FORTALEZA";"Manobra de mudança de faixa";"Colisão lateral mesmo sentido";"Com Vítimas Feridas";"Pleno dia";"Crescente";"Céu Claro";"Dupla";"Reta";"Sim";3;0;1;1;1;0;2;2;-3,77866493;-38,51490171;"SPRF-CE";"DEL01-CE";"UOP02-DEL01-CE"
578156;2024-01-31;"quarta-feira";"06:48:00";"MT";70;1,2;"BARRA DO GARCAS";"Conversão proibida";"Tombamento";"Com Vítimas Feridas";"Pleno dia";"Crescente";"Céu Claro";"Simples";"Não Informado";"Sim";2;0;1;0;1;0;1;2;-15,89164596;-52,26202884;"SPRF-MT";"DEL07-MT";"UOP01-DEL07-MT"
578157;2024-01-31;"quarta-feira";"07:00:00";"RR";401;20;"CANTA";"Ausência de reação do condutor";"Saída de leito carroçável";"Com Vítimas Fatais";"Pleno dia";"Crescente";"Sol";"Dupla";"Curva";"Sim";1;1;0;0;0;0;0;1;2,79800401;-60,63387047;"SPRF-RR";"DEL01-RR";"UOP01-DEL01-RR"
578158;2024-01-31;"quarta-feira";"08:45:00";"TO";10;457;"PALMAS";"Reação tardia ou ineficiente do condutor";"Colisão traseira";"Com Vítimas Feridas";"Pleno dia";"Crescente";"Céu Claro";"Múltipla";"Não Informado";"Sim";2;0;1;0;1;0;1;2;-10,285348;-48,297434;"SPRF-TO";"DEL01-TO";"UOP03-DEL01-TO"
578160;2024-01-07;"domingo";"18:56:00";"PR";476;116;"COLOMBO";"Reação tardia ou ineficiente do condutor";"Colisão transversal";"Com Vítimas Feridas";"Plena Noite";"Decrescente";"Nublado";"Múltipla";"Não Informado";"Sim";2;0;1;0;1;0;1;2;-25,34996;-49,16642;"SPRF-PR";"DEL01-PR";"UOP01-DEL01-PR"
578161;2024-01-31;"quarta-feira";"08:30:00";"RN";101;148,1;"GOIANINHA";"Condutor deixou de manter distância do veículo da frente";"Colisão traseira";"Com Vítimas Feridas";"Pleno dia";"Crescente";"Céu Claro";"Múltipla";"Viaduto";"Sim";2;0;1;0;1;0;1;2;-6,27949119;-35,20490033;"SPRF-RN";"DEL01-RN";"UOP01-DEL01-RN"
578163;2024-01-31;"quarta-feira";"09:00:00";"SC";101;39,5;"JOINVILLE";"Acessar a via sem observar a presença dos outros veículos";"Colisão transversal";"Com Vítimas Feridas";"Pleno dia";"Decrescente";"Céu Claro";"Simples";"Não Informado";"Sim";2;0;2;0;0;0;2;2;-26,29643527;-48,88377428;"SPRF-SC";"DEL03-SC";"UOP01-DEL03-SC"
578164;2024-01-31;"quarta-feira";"09:20:00";"RS";101;21,8;"TRES CACHOEIRAS";"Ingestão de álcool pelo condutor";"Colisão lateral mesmo sentido";"Sem Vítimas";"Pleno dia";"Crescente";"Céu Claro";"Dupla";"Reta";"Não";2;0;0;0;2;0;0;2;-29,43444872;-49,89334896;"SPRF-RS";"DEL03-RS";"UOP02-DEL03-RS"
578165;2024-01-31;"quarta-feira";"07:40:00";"AC";364;140;"RIO BRANCO";"Manobra de mudança de faixa";"Colisão transversal";"Sem Vítimas";"Pleno dia";"Crescente";"Sol";"Dupla";"Rotatória";"Sim";2;0;0;0;2;0;0;2;-9,94779814;-67,86813111;"SPRF-AC";"DEL01-AC";"UOP01-DEL01-AC"
578168;2024-01-31;"quarta-feira";"10:00:00";"PR";369;144;"LONDRINA";"Demais falhas mecânicas ou elétricas";"Colisão com objeto";"Com Vítimas Feridas";"Pleno dia";"Decrescente";"Céu Claro";"Dupla";"Não Informado";"Sim";2;0;0;1;1;0;1;1;-23,29253694;-51,10316685;"SPRF-PR";"DEL07-PR";"UOP01-DEL07-PR"
578169;2024-01-31;"quarta-feira";"10:15:00";"PE";116;26;"SALGUEIRO";"Ausência de reação do condutor";"Colisão traseira";"Com Vítimas Feridas";"Pleno dia";"Crescente";"Céu Claro";"Simples";"Reta";"Sim";4;0;0;1;3;0;1;2;-8,069921;-39,13364;"SPRF-PE";"DEL05-PE";"UOP01-DEL05-PE"
578171;2024-01-31;"quarta-feira";"10:30:00";"PR";163;59,8;"PEROLA DOESTE";"Afundamento ou ondulação no pavimento";"Saída de leito carroçável";"Com Vítimas Feridas";"Pleno dia";"Decrescente";"Céu Claro";"Simples";"Reta";"Não";1;0;1;0;0;0;1;1;-25,91453404;-53,74782792;"SPRF-PR";"DEL02-PR";"UOP02-DEL02-PR"
578180;2024-01-26;"sexta-feira";"09:00:00";"RJ";101;314;"SAO GONCALO";"Reação tardia ou ineficiente do condutor";"Colisão lateral mesmo sentido";"Com Vítimas Feridas";"Pleno dia";"Crescente";"Céu Claro";"Dupla";"Reta";"Sim";2;0;1;0;1;0;1;2;-22,81648739;-43,07728467;"SPRF-RJ";"DEL02-RJ";"UOP02-DEL02-RJ"
578183;2024-01-31;"quarta-feira";"10:30:00";"RO";NA;NA;"VILHENA";"Acessar a via sem observar a presença dos outros veículos";"Colisão traseira";"Com Vítimas Feridas";"Pleno dia";"Não Informado";"Céu Claro";"Simples";"Reta";"Sim";2;0;1;0;1;0;1;2;-12,812288;-60,0702976;"SPRF-RO";"DEL04-RO";"UOP01-DEL04-RO"
578185;2024-01-31;"quarta-feira";"12:00:00";"PE";232;100;"BEZERROS";"Reação tardia ou ineficiente do condutor";"Colisão lateral mesmo sentido";"Com Vítimas Feridas";"Pleno dia";"Crescente";"Céu Claro";"Simples";"Reta";"Sim";2;0;1;0;1;0;1;2;-8,23791176;-35,74297705;"SPRF-PE";"DEL02-PE";"UOP02-DEL02PE"
578187;2024-01-31;"quarta-feira";"12:40:00";"RJ";101;322;"NITEROI";"Reação tardia ou ineficiente do condutor";"Tombamento";"Com Vítimas Feridas";"Pleno dia";"Decrescente";"Nublado";"Simples";"Não Informado";"Sim";1;0;1;0;0;0;1;1;-22,878923;-43,110676;"SPRF-RJ";"DEL02-RJ";"UOP01-DEL02-RJ"
578190;2024-01-27;"sábado";"18:00:00";"RS";290;86;"PORTO ALEGRE";"Manobra de mudança de faixa";"Colisão com objeto";"Com Vítimas Feridas";"Anoitecer";"Decrescente";"Céu Claro";"Dupla";"Reta";"Sim";2;0;1;0;1;0;1;1;-29,968412;-51,117138;"SPRF-RS";"DEL01-RS";"UOP01-DEL01-RS"
578193;2024-01-31;"quarta-feira";"13:50:00";"RO";319;63;"PORTO VELHO";"Velocidade Incompatível";"Colisão traseira";"Com Vítimas Feridas";"Pleno dia";"Decrescente";"Céu Claro";"Dupla";"Reta";"Sim";2;0;1;0;1;0;1;2;-8,766685;-63,884052;"SPRF-RO";"DEL01-RO";"UOP01-DEL01-RO"
578196;2024-01-31;"quarta-feira";"14:40:00";"PB";101;86;"JOAO PESSOA";"Demais falhas mecânicas ou elétricas";"Incêndio";"Sem Vítimas";"Pleno dia";"Decrescente";"Céu Claro";"Simples";"Curva";"Não";2;0;0;0;2;0;0;1;-7,15118983;-34,91012184;"SPRF-PB";"DEL01-PB";"UOP01-DEL01-PB"
578199;2024-01-31;"quarta-feira";"14:05:00";"ES";101;295,8;"CARIACICA";"Acessar a via sem observar a presença dos outros veículos";"Colisão transversal";"Com Vítimas Feridas";"Pleno dia";"Crescente";"Céu Claro";"Múltipla";"Interseção de vias";"Sim";2;0;1;0;1;0;1;2;-20,33223667;-40,40004683;"SPRF-ES";"DEL01-ES";"UOP01-DEL01-ES"
578200;2024-01-28;"domingo";"05:00:00";"RJ";116;135;"MAGE";"Ausência de reação do condutor";"Saída de leito carroçável";"Sem Vítimas";"Amanhecer";"Decrescente";"Céu Claro";"Dupla";"Reta";"Não";1;0;0;0;0;1;0;1;-22,65225773;-43,16309893;"SPRF-RJ";"DEL04-RJ";"UOP02-DEL04-RJ"
578202;2024-01-31;"quarta-feira";"14:30:00";"MG";381;566;"ITAGUARA";"Chuva";"Tombamento";"Com Vítimas Feridas";"Pleno dia";"Decrescente";"Chuva";"Dupla";"Reta";"Não";1;0;1;0;0;0;1;1;-20,41642409;-44,52998184;"SPRF-MG";"DEL04-MG";"UOP03-DEL04-MG"
578203;2024-01-31;"quarta-feira";"15:50:00";"MG";40;682,6;"RESSAQUINHA";"Afundamento ou ondulação no pavimento";"Colisão com objeto";"Sem Vítimas";"Pleno dia";"Crescente";"Céu Claro";"Simples";"Não Informado";"Não";2;0;0;0;1;1;0;2;-21,04805781;-43,76292836;"SPRF-MG";"DEL05-MG";"UOP02-DEL05-MG"
578204;2024-01-31;"quarta-feira";"15:30:00";"SC";101;36;"JOINVILLE";"Transitar na contramão";"Colisão frontal";"Com Vítimas Feridas";"Pleno dia";"Crescente";"Chuva";"Múltipla";"Não Informado";"Não";2;0;0;1;1;0;1;2;-26,27494543;-48,89396667;"SPRF-SC";"DEL03-SC";"UOP01-DEL03-SC"
578205;2024-01-31;"quarta-feira";"16:35:00";"RN";406;103;"JOAO CAMARA";"Ausência de reação do condutor";"Colisão com objeto";"Sem Vítimas";"Pleno dia";"Crescente";"Céu Claro";"Simples";"Reta";"Sim";3;0;0;0;1;2;0;2;-5,53714888;-35,81373986;"SPRF-RN";"DEL02-RN";"UOP01-DEL02-RN"
578206;2024-01-31;"quarta-feira";"13:30:00";"RS";285;569,4;"SAO LUIZ GONZAGA";"Acessar a via sem observar a presença dos outros veículos";"Colisão transversal";"Com Vítimas Feridas";"Pleno dia";"Crescente";"Céu Claro";"Simples";"Reta";"Sim";3;0;1;1;1;0;2;2;-28,41600999;-54,97127831;"SPRF-RS";"DEL12-RS";"UOP01-DEL12-RS"
578207;2024-01-15;"segunda-feira";"10:15:00";"SP";116;219;"GUARULHOS";"Trafegar com motocicleta (ou similar) entre as faixas";"Colisão lateral mesmo sentido";"Com Vítimas Feridas";"Pleno dia";"Crescente";"Céu Claro";"Múltipla";"Reta";"Sim";3;0;2;0;1;0;2;2;-23,46143954;-46,48885316;"SPRF-SP";"DEL01-SP";"UOP01-DEL01-SP"
578209;2024-01-31;"quarta-feira";"17:00:00";"SE";235;5;"NOSSA SENHORA DO SOCORRO";"Manobra de mudança de faixa";"Colisão lateral mesmo sentido";"Sem Vítimas";"Pleno dia";"Decrescente";"Céu Claro";"Dupla";"Não Informado";"Não";2;0;0;0;2;0;0;2;-10,9041;-37,1278;"SPRF-SE";"DEL01-SE";"UOP01-DEL01-SE"
578210;2024-01-31;"quarta-feira";"16:50:00";"RJ";101;319;"SAO GONCALO";"Ausência de reação do condutor";"Colisão traseira";"Com Vítimas Feridas";"Pleno dia";"Decrescente";"Céu Claro";"Dupla";"Reta";"Sim";2;0;1;0;1;0;1;2;-22,85411774;-43,1018014;"SPRF-RJ";"DEL02-RJ";"UOP02-DEL02-RJ"
578212;2024-01-31;"quarta-feira";"07:45:00";"MG";365;393,7;"PATOS DE MINAS";"Retorno proibido";"Colisão transversal";"Sem Vítimas";"Amanhecer";"Crescente";"Nublado";"Simples";"Não Informado";"Não";2;0;0;0;2;0;0;2;-18,63481872;-46,34836686;"SPRF-MG";"DEL10-MG";"UOP01-DEL10-MG"
578214;2024-01-31;"quarta-feira";"17:00:00";"PE";101;55,8;"RECIFE";"Manobra de mudança de faixa";"Colisão lateral mesmo sentido";"Sem Vítimas";"Pleno dia";"Crescente";"Céu Claro";"Dupla";"Reta";"Sim";2;0;0;0;1;1;0;2;-7,94806621;-34,9062148;"SPRF-PE";"DEL01-PE";"UOP02-DEL01-PE"
578215;2024-01-31;"quarta-feira";"17:30:00";"CE";116;19;"EUSEBIO";"Avarias e/ou desgaste excessivo no pneu";"Tombamento";"Com Vítimas Feridas";"Anoitecer";"Decrescente";"Céu Claro";"Dupla";"Reta";"Não";1;0;1;0;0;0;1;1;-3,92526559;-38,50771795;"SPRF-CE";"DEL01-CE";"UOP02-DEL01-CE"
578216;2024-01-31;"quarta-feira";"16:50:00";"TO";NA;NA;"PARAISO DO TOCANTINS";"Conversão proibida";"Colisão lateral sentido oposto";"Com Vítimas Feridas";"Pleno dia";"Não Informado";"Nublado";"Simples";"Interseção de vias";"Sim";2;0;0;1;1;0;1;2;-10,16602086;-48,88128519;"SPRF-TO";"DEL01-TO";"UOP01-DEL01-TO"
578217;2024-01-31;"quarta-feira";"17:30:00";"PB";230;150;"CAMPINA GRANDE";"Demais falhas mecânicas ou elétricas";"Tombamento";"Com Vítimas Feridas";"Pleno dia";"Crescente";"Céu Claro";"Simples";"Reta";"Sim";1;0;0;1;0;0;1;1;-7,2515;-35,8724;"SPRF-PB";"DEL02-PB";"UOP01-DEL02-PB"
578218;2024-01-31;"quarta-feira";"17:35:00";"SC";470;56,3;"BLUMENAU";"Acessar a via sem observar a presença dos outros veículos";"Colisão transversal";"Com Vítimas Feridas";"Pleno dia";"Crescente";"Nublado";"Simples";"Reta";"Sim";2;0;1;0;1;0;1;2;-26,87751308;-49,13049897;"SPRF-SC";"DEL04-SC";"UOP01-DEL04-SC"
578219;2024-01-31;"quarta-feira";"17:30:00";"CE";116;40;"HORIZONTE";"Pedestre cruzava a pista fora da faixa";"Atropelamento de Pedestre";"Com Vítimas Feridas";"Anoitecer";"Crescente";"Céu Claro";"Múltipla";"Reta";"Sim";2;0;0;2;0;0;2;2;-4,09496999;-38,50351984;"SPRF-CE";"DEL01-CE";"UOP02-DEL01-CE"
578220;2024-01-31;"quarta-feira";"17:50:00";"SP";116;219;"GUARULHOS";"Reação tardia ou ineficiente do condutor";"Colisão traseira";"Com Vítimas Feridas";"Pleno dia";"Crescente";"Chuva";"Múltipla";"Reta";"Sim";3;0;1;0;2;0;1;2;-23,46143954;-46,48885316;"SPRF-SP";"DEL01-SP";"UOP01-DEL01-SP"
578221;2024-01-31;"quarta-feira";"17:57:00";"ES";101;263,3;"SERRA";"Ausência de reação do condutor";"Queda de ocupante de veículo";"Com Vítimas Feridas";"Anoitecer";"Decrescente";"Nublado";"Dupla";"Reta";"Sim";2;0;1;0;1;0;1;1;-20,16554736;-40,27301648;"SPRF-ES";"DEL02-ES";"UOP01-DEL02-ES"
578222;2024-01-31;"quarta-feira";"17:05:00";"SP";116;209;"GUARULHOS";"Reação tardia ou ineficiente do condutor";"Colisão traseira";"Com Vítimas Feridas";"Pleno dia";"Decrescente";"Chuva";"Múltipla";"Não Informado";"Sim";3;0;2;0;0;1;2;2;-23,427622;-46,408072;"SPRF-SP";"DEL01-SP";"UOP01-DEL01-SP"
578224;2024-01-31;"quarta-feira";"18:39:00";"SP";116;225,9;"GUARULHOS";"Pista Escorregadia";"Tombamento";"Com Vítimas Feridas";"Plena Noite";"Decrescente";"Chuva";"Múltipla";"Não Informado";"Sim";1;0;1;0;0;0;1;1;-23,49102507;-46,54878195;"SPRF-SP";"DEL01-SP";"UOP01-DEL01-SP"
578226;2024-01-31;"quarta-feira";"18:20:00";"RJ";101;61;"CAMPOS DOS GOYTACAZES";"Acessar a via sem observar a presença dos outros veículos";"Colisão traseira";"Com Vítimas Feridas";"Plena Noite";"Decrescente";"Céu Claro";"Simples";"Interseção de vias";"Não";2;0;1;0;1;0;1;2;-21,72655788;-41,32133519;"SPRF-RJ";"DEL08-RJ";"UOP01-DEL08-RJ"
578227;2024-01-31;"quarta-feira";"18:20:00";"PB";230;12,8;"CABEDELO";"Manobra de mudança de faixa";"Colisão lateral mesmo sentido";"Com Vítimas Feridas";"Plena Noite";"Decrescente";"Céu Claro";"Dupla";"Reta";"Sim";2;0;1;0;1;0;1;2;-7,079903;-34,849098;"SPRF-PB";"DEL01-PB";"UOP01-DEL01-PB"
578229;2024-01-31;"quarta-feira";"18:40:00";"PE";101;68,8;"RECIFE";"Pedestre cruzava a pista fora da faixa";"Atropelamento de Pedestre";"Com Vítimas Feridas";"Plena Noite";"Decrescente";"Céu Claro";"Múltipla";"Reta";"Não";5;0;3;2;0;0;5;3;-8,05074296;-34,94580619;"SPRF-PE";"DEL01-PE";"UOP01-DEL01-PE"
578230;2024-01-31;"quarta-feira";"18:05:00";"RS";386;132;"SARANDI";"Desrespeitar a preferência no cruzamento";"Colisão transversal";"Com Vítimas Feridas";"Pleno dia";"Decrescente";"Céu Claro";"Simples";"Não Informado";"Sim";4;0;2;0;2;0;2;2;-27,94116338;-52,94078171;"SPRF-RS";"DEL08-RS";"UOP01-DEL08-RS"
578231;2024-01-31;"quarta-feira";"18:23:00";"SC";101;204;"SAO JOSE";"Trafegar com motocicleta (ou similar) entre as faixas";"Colisão lateral mesmo sentido";"Com Vítimas Feridas";"Anoitecer";"Crescente";"Céu Claro";"Múltipla";"Reta";"Não";4;0;2;0;2;0;2;3;-27,57413014;-48,61363083;"SPRF-SC";"DEL01-SC";"UOP01-DEL01-SC"
578232;2024-01-31;"quarta-feira";"18:40:00";"GO";40;5;"VALPARAISO DE GOIAS";"Ausência de reação do condutor";"Tombamento";"Com Vítimas Feridas";"Plena Noite";"Crescente";"Céu Claro";"Dupla";"Reta";"Sim";1;0;1;0;0;0;1;1;-16,093134;-47,982236;"SPRF-DF";"DEL01-DF";"UOP01-DEL01-DF"
578233;2024-01-31;"quarta-feira";"18:20:00";"RJ";101;423;"MANGARATIBA";"Velocidade Incompatível";"Colisão lateral sentido oposto";"Com Vítimas Feridas";"Anoitecer";"Crescente";"Chuva";"Simples";"Curva";"Sim";2;0;1;0;1;0;1;2;-22,91801286;-43,94820686;"SPRF-RJ";"DEL03-RJ";"UOP02-DEL03-RJ"
578236;2024-01-31;"quarta-feira";"17:00:00";"RJ";40;17;"TRES RIOS";"Avarias e/ou desgaste excessivo no pneu";"Queda de ocupante de veículo";"Com Vítimas Feridas";"Pleno dia";"Crescente";"Chuva";"Dupla";"Curva";"Não";1;0;1;0;0;0;1;1;-22,08639692;-43,17655185;"SPRF-RJ";"DEL05-RJ";"UOP02-DEL05-RJ"
578237;2024-01-31;"quarta-feira";"18:10:00";"PR";373;180,4;"PONTA GROSSA";"Acessar a via sem observar a presença dos outros veículos";"Colisão transversal";"Com Vítimas Feridas";"Pleno dia";"Crescente";"Nublado";"Simples";"Reta";"Sim";3;0;2;0;1;0;2;2;-25,04073485;-50,25242507;"SPRF-PR";"DEL03-PR";"UOP01-DEL03-PR"
578239;2024-01-31;"quarta-feira";"19:30:00";"SC";101;143;"ITAPEMA";"Ultrapassagem Indevida";"Colisão lateral mesmo sentido";"Com Vítimas Feridas";"Plena Noite";"Crescente";"Nublado";"Dupla";"Reta";"Sim";2;0;1;0;1;0;1;2;-27,06436;-48,59599405;"SPRF-SC";"DEL04-SC";"UOP03-DEL04-SC"
578240;2024-01-31;"quarta-feira";"18:20:00";"SP";116;217;"GUARULHOS";"Ausência de reação do condutor";"Tombamento";"Com Vítimas Feridas";"Pleno dia";"Decrescente";"Chuva";"Múltipla";"Reta";"Sim";1;0;0;1;0;0;1;1;-23,45423824;-46,47119028;"SPRF-SP";"DEL01-SP";"UOP01-DEL01-SP"
578241;2024-01-31;"quarta-feira";"19:50:00";"RJ";101;323;"NITEROI";"Chuva";"Tombamento";"Com Vítimas Feridas";"Plena Noite";"Decrescente";"Nublado";"Dupla";"Reta";"Sim";2;0;1;0;1;0;1;1;-22,87684786;-43,11728689;"SPRF-RJ";"DEL02-RJ";"UOP01-DEL02-RJ"
578242;2024-01-31;"quarta-feira";"20:00:00";"AL";316;66;"MARAVILHA";"Animais na Pista";"Atropelamento de Animal";"Com Vítimas Feridas";"Plena Noite";"Crescente";"Céu Claro";"Simples";"Reta";"Não";1;0;1;0;0;0;1;1;-9,27626582;-37,38455788;"SPRF-AL";"DEL03-AL";"UOP02-DEL03-AL"
578243;2024-01-31;"quarta-feira";"19:30:00";"PA";10;323,1;"SAO MIGUEL DO GUAMA";"Reação tardia ou ineficiente do condutor";"Colisão traseira";"Com Vítimas Feridas";"Plena Noite";"Decrescente";"Céu Claro";"Simples";"Reta";"Sim";3;0;1;1;1;0;2;2;-1,61088202;-47,48281005;"SPRF-PA";"DEL01-PA";"UOP02-DEL01-PA"
578246;2024-01-31;"quarta-feira";"18:30:00";"BA";101;588;"CAMACAN";"Pedestre andava na pista";"Atropelamento de Pedestre";"Com Vítimas Fatais";"Plena Noite";"Crescente";"Céu Claro";"Simples";"Reta";"Sim";2;1;0;0;1;0;0;2;-15,57185184;-39,40626224;"SPRF-BA";"DEL05-BA";"UOP02-DEL05-BA"
578247;2024-01-31;"quarta-feira";"19:19:00";"PE";408;51;"NAZARE DA MATA";"Ingestão de álcool pelo condutor";"Colisão lateral sentido oposto";"Com Vítimas Feridas";"Plena Noite";"Crescente";"Céu Claro";"Simples";"Reta";"Sim";3;0;1;1;1;0;2;2;-7,73723901;-35,23503603;"SPRF-PE";"DEL01-PE";"UOP02-DEL01-PE"
578248;2024-01-31;"quarta-feira";"20:00:00";"PR";476;118,9;"COLOMBO";"Condutor desrespeitou a iluminação vermelha do semáforo";"Colisão transversal";"Com Vítimas Feridas";"Plena Noite";"Decrescente";"Nublado";"Dupla";"Não Informado";"Sim";2;0;1;0;0;1;1;2;-25,364657;-49,186103;"SPRF-PR";"DEL01-PR";"UOP01-DEL01-PR"
578250;2024-01-31;"quarta-feira";"16:00:00";"MG";116;213;"CATUJI";"Avarias e/ou desgaste excessivo no pneu";"Colisão traseira";"Com Vítimas Feridas";"Pleno dia";"Decrescente";"Nublado";"Dupla";"Não Informado";"Não";4;0;3;0;0;1;3;2;-17,34977183;-41,53202462;"SPRF-MG";"DEL11-MG";"UOP01-DEL11-MG"
578251;2024-01-31;"quarta-feira";"20:10:00";"RN";226;4;"NATAL";"Acessar a via sem observar a presença dos outros veículos";"Colisão transversal";"Com Vítimas Feridas";"Plena Noite";"Crescente";"Céu Claro";"Simples";"Reta";"Sim";4;0;2;0;2;0;2;2;-5,81958019;-35,25969486;"SPRF-RN";"DEL01-RN";"UOP02-DEL01-RN"
578252;2024-01-31;"quarta-feira";"18:07:00";"RO";364;11,2;"VILHENA";"Acessar a via sem observar a presença dos outros veículos";"Colisão transversal";"Com Vítimas Feridas";"Anoitecer";"Crescente";"Céu Claro";"Simples";"Rotatória";"Não";3;0;1;0;2;0;1;2;-12,74605898;-60,11270299;"SPRF-RO";"DEL04-RO";"UOP01-DEL04-RO"
578253;2024-01-31;"quarta-feira";"15:50:00";"RO";435;87;"COLORADO DO OESTE";"Conversão proibida";"Colisão transversal";"Com Vítimas Feridas";"Pleno dia";"Crescente";"Céu Claro";"Simples";"Reta";"Sim";2;0;1;0;1;0;1;2;-13,12694915;-60,54413734;"SPRF-RO";"DEL04-RO";"UOP02-DEL04-RO"
578254;2024-01-31;"quarta-feira";"21:30:00";"SC";101;211,3;"PALHOCA";"Demais falhas mecânicas ou elétricas";"Tombamento";"Com Vítimas Feridas";"Plena Noite";"Decrescente";"Céu Claro";"Dupla";"Reta";"Não";2;0;2;0;0;0;2;1;-27,62329313;-48,65245588;"SPRF-SC";"DEL01-SC";"UOP02-DEL01-SC"
578255;2024-01-31;"quarta-feira";"20:50:00";"RJ";116;181;"NOVA IGUACU";"Chuva";"Queda de ocupante de veículo";"Com Vítimas Feridas";"Plena Noite";"Crescente";"Garoa/Chuvisco";"Múltipla";"Reta";"Não";1;0;1;0;0;0;1;1;-22,761312;-43,423492;"SPRF-RJ";"DEL06-RJ";"UOP01-DEL06-RJ"
578256;2024-01-31;"quarta-feira";"21:40:00";"SP";116;219;"GUARULHOS";"Trafegar com motocicleta (ou similar) entre as faixas";"Colisão lateral mesmo sentido";"Com Vítimas Feridas";"Plena Noite";"Decrescente";"Nublado";"Múltipla";"Não Informado";"Sim";3;0;1;0;2;0;1;3;-23,46143954;-46,48885316;"SPRF-SP";"DEL01-SP";"UOP01-DEL01-SP"
578257;2024-01-15;"segunda-feira";"12:10:00";"SP";381;58;"MAIRIPORA";"Reação tardia ou ineficiente do condutor";"Colisão lateral mesmo sentido";"Com Vítimas Feridas";"Pleno dia";"Decrescente";"Céu Claro";"Dupla";"Reta";"Não";2;0;1;0;1;0;1;2;-23,27438497;-46,58530615;"SPRF-SP";"DEL03-SP";"UOP01-DEL03-SP"
578262;2024-01-31;"quarta-feira";"21:15:00";"MG";50;78;"UBERLANDIA";"Ingestão de álcool pelo condutor";"Colisão com objeto";"Sem Vítimas";"Plena Noite";"Decrescente";"Céu Claro";"Dupla";"Reta";"Não";1;0;0;0;1;0;0;1;-18,944611;-48,219422;"SPRF-MG";"DEL15-MG";"UOP01-DEL15-MG"
578263;2024-01-31;"quarta-feira";"20:35:00";"RS";471;645;"SANTA VITORIA DO PALMAR";"Demais falhas mecânicas ou elétricas";"Saída de leito carroçável";"Sem Vítimas";"Plena Noite";"Decrescente";"Céu Claro";"Simples";"Reta";"Não";1;0;0;0;1;0;0;1;-33,44207;-53,260151;"SPRF-RS";"DEL07-RS";"UOP04-DEL07-RS"
578265;2024-01-31;"quarta-feira";"22:00:00";"MA";316;260;"SANTA INES";"Acessar a via sem observar a presença dos outros veículos";"Colisão transversal";"Com Vítimas Feridas";"Plena Noite";"Crescente";"Chuva";"Simples";"Não Informado";"Sim";3;0;2;0;1;0;2;2;-3,669811;-45,394978;"SPRF-MA";"DEL02-MA";"UOP01-DEL02-MA"
578266;2024-01-31;"quarta-feira";"22:25:00";"MS";267;32,1;"BATAGUASSU";"Mal súbito do condutor";"Tombamento";"Com Vítimas Feridas";"Plena Noite";"Decrescente";"Céu Claro";"Simples";"Não Informado";"Não";1;0;1;0;0;0;1;1;-21,73094727;-52,44889984;"SPRF-MS";"DEL02-MS";"UOP04-DEL02-MS"
578271;2024-01-31;"quarta-feira";"21:20:00";"RJ";101;423;"MANGARATIBA";"Demais falhas mecânicas ou elétricas";"Incêndio";"Sem Vítimas";"Plena Noite";"Decrescente";"Garoa/Chuvisco";"Simples";"Reta";"Não";1;0;0;0;1;0;0;1;-22,91801286;-43,94820686;"SPRF-RJ";"DEL03-RJ";"UOP02-DEL03-RJ"
578272;2024-01-31;"quarta-feira";"22:00:00";"SC";101;277,8;"IMBITUBA";"Ingestão de álcool pelo condutor";"Tombamento";"Com Vítimas Feridas";"Plena Noite";"Decrescente";"Nublado";"Múltipla";"Reta";"Sim";1;0;1;0;0;0;1;1;-28,15478103;-48,69265474;"SPRF-SC";"DEL02-SC";"UOP03-DEL02-SC"
578287;2024-01-31;"quarta-feira";"18:30:00";"MG";40;635,6;"CONSELHEIRO LAFAIETE";"Ausência de reação do condutor";"Saída de leito carroçável";"Com Vítimas Feridas";"Plena Noite";"Crescente";"Chuva";"Simples";"Curva";"Não";1;0;0;1;0;0;1;1;-20,70618091;-43,79271811;"SPRF-MG";"DEL05-MG";"UOP02-DEL05-MG"
578288;2024-01-31;"quarta-feira";"21:40:00";"BA";330;823,5;"JITAUNA";"Animais na Pista";"Atropelamento de Animal";"Com Vítimas Feridas";"Plena Noite";"Crescente";"Céu Claro";"Simples";"Reta";"Não";2;0;0;1;1;0;1;2;-14,0400091;-39,82475607;"SPRF-BA";"DEL03-BA";"UOP01-DEL03-BA"
578291;2024-01-31;"quarta-feira";"22:05:00";"SP";153;55,8;"SAO JOSE DO RIO PRETO";"Ausência de reação do condutor";"Saída de leito carroçável";"Sem Vítimas";"Plena Noite";"Decrescente";"Chuva";"Múltipla";"Reta";"Sim";1;0;0;0;0;1;0;1;-20,75321697;-49,34260108;"SPRF-SP";"DEL09-SP";"UOP01-DEL09-SP"
578294;2024-01-31;"quarta-feira";"04:30:00";"AL";423;94;"DELMIRO GOUVEIA";"Ultrapassagem Indevida";"Colisão frontal";"Com Vítimas Fatais";"Plena Noite";"Crescente";"Céu Claro";"Simples";"Desvio Temporário";"Não";4;1;0;0;3;0;0;2;-9,37261832;-38,10588787;"SPRF-BA";"DEL07-BA";"UOP01-DEL07-BA"