"id";"data_inversa";"dia_semana";"horario";"uf";"br";"km";"municipio";"causa_acidente";"tipo_acidente";"classificacao_acidente";"fase_dia";"sentido_via";"condicao_metereologica";"tipo_pista";"tracado_via";"uso_solo";"pessoas";"mortos";"feridos_leves";"feridos_graves";"ilesos";"ignorados";"feridos";"veiculos";"latitude";"longitude";"regional";"delegacia";"uop"
578295;2024-01-31;"quarta-feira";"21:00:00";"RJ";40;68;"PETROPOLIS";"Velocidade Incompatível";"Capotamento";"Com Vítimas Feridas";"Plena Noite";"Decrescente";"Chuva";"Dupla";"Curva";"Não";1;0;1;0;0;0;1;1;-22,4381808;-43,18488009;"SPRF-RJ";"DEL05-RJ";"UOP02-DEL05-RJ"
578330;2024-01-05;"sexta-feira";"02:20:00";"MG";365;265,3;"JOAO PINHEIRO";"Acessar a via sem observar a presença dos outros veículos";"Colisão frontal";"Com Vítimas Feridas";"Plena Noite";"Crescente";"Céu Claro";"Simples";"Reta";"Não";6;0;2;4;0;0;6;2;-17,87662343;-45,53295493;"SPRF-MG";"DEL10-MG";"UOP02-DEL010-MG"
578335;2024-01-28;"domingo";"03:30:00";"RJ";493;0,5;"ITABORAI";"Iluminação deficiente";"Atropelamento de Pedestre";"Com Vítimas Feridas";"Plena Noite";"Decrescente";"Céu Claro";"Simples";"Reta";"Sim";2;0;0;1;1;0;1;2;-22,77062;-42,92223;"SPRF-RJ";"DEL02-RJ";"UOP02-DEL02-RJ"
578347;2024-01-30;"terça-feira";"20:00:00";"RJ";116;182;"NOVA IGUACU";"Demais falhas mecânicas ou elétricas";"Colisão traseira";"Com Vítimas Feridas";"Plena Noite";"Decrescente";"Céu Claro";"Dupla";"Reta";"Sim";4;0;2;1;1;0;3;2;-22,7567755;-43,43107234;"SPRF-RJ";"DEL06-RJ";"UOP01-DEL06-RJ"
578362;2024-01-28;"domingo";"16:00:00";"CE";304;1;"BEBERIBE";"Ausência de reação do condutor";"Saída de leito carroçável";"Com Vítimas Feridas";"Pleno dia";"Decrescente";"Céu Claro";"Simples";"Reta";"Não";2;0;2;0;0;0;2;1;-4,59046994;-38,202498;"SPRF-CE";"DEL03-CE";"UOP03-DEL03-CE"
578398;2024-01-20;"sábado";"20:00:00";"BA";407;180;"PONTO NOVO";"Ultrapassagem Indevida";"Colisão frontal";"Com Vítimas Feridas";"Plena Noite";"Crescente";"Céu Claro";"Simples";"Desvio Temporário";"Não";3;0;1;1;0;1;2;2;-10,92905202;-40,10645821;"SPRF-BA";"DEL04-BA";"UOP02-DEL04-BA"
578416;2024-01-31;"quarta-feira";"11:30:00";"SP";101;47,9;"UBATUBA";"Pedestre cruzava a pista fora da faixa";"Atropelamento de Pedestre";"Com Vítimas Feridas";"Pleno dia";"Crescente";"Céu Claro";"Simples";"Curva";"Sim";2;0;1;0;1;0;1;2;-23,429897;-45,082436;"SPRF-SP";"DEL06-SP";"UOP01-DEL06-SP"
578430;2024-01-20;"sábado";"18:50:00";"PB";230;22;"JOAO PESSOA";"Condutor deixou de manter distância do veículo da frente";"Colisão traseira";"Com Vítimas Feridas";"Plena Noite";"Decrescente";"Céu Claro";"Dupla";"Reta";"Sim";2;0;1;0;1;0;1;2;-7,1495;-34,8517;"SPRF-PB";"DEL01-PB";"UOP01-DEL01-PB"
578519;2024-01-22;"segunda-feira";"15:20:00";"MS";163;254;"DOURADOS";"Reação tardia ou ineficiente do condutor";"Colisão traseira";"Com Vítimas Feridas";"Pleno dia";"Crescente";"Céu Claro";"Dupla";"Reta";"Sim";2;0;1;0;1;0;1;2;-22,27184267;-54,81657129;"SPRF-MS";"DEL04-MS";"UOP01-DEL04-MS"
578525;2024-01-21;"domingo";"15:45:00";"MG";381;360;"JOAO MONLEVADE";"Velocidade Incompatível";"Colisão lateral mesmo sentido";"Com Vítimas Feridas";"Pleno dia";"Crescente";"Céu Claro";"Simples";"Não Informado";"Não";3;0;2;0;1;0;2;2;-19,83928203;-43,1928134;"SPRF-MG";"DEL03-MG";"UOP01-DEL03-MG"
578526;2024-01-20;"sábado";"20:20:00";"MS";262;346,3;"CAMPO GRANDE";"Ausência de reação do condutor";"Colisão traseira";"Com Vítimas Feridas";"Plena Noite";"Crescente";"Céu Claro";"Simples";"Reta";"Não";3;0;0;2;0;1;2;2;-20,57153364;-54,59607361;"SPRF-MS";"DEL01-MS";"UOP03-DEL01-MS"
578527;2024-01-29;"segunda-feira";"09:40:00";"RJ";101;306;"SAO GONCALO";"Ausência de reação do condutor";"Colisão traseira";"Com Vítimas Feridas";"Pleno dia";"Decrescente";"Céu Claro";"Simples";"Reta";"Sim";2;0;1;0;1;0;1;2;-22,78913759;-43,00550909;"SPRF-RJ";"DEL02-RJ";"UOP02-DEL02-RJ"
578636;2024-01-10;"quarta-feira";"13:00:00";"PR";373;234;"IMBITUVA";"Demais falhas mecânicas ou elétricas";"Incêndio";"Sem Vítimas";"Pleno dia";"Decrescente";"Ignorado";"Simples";"Reta";"Não";1;0;0;0;1;0;0;1;-25,18019856;-50,72682738;"SPRF-PR";"DEL03-PR";"UOP01-DEL03-PR"
578761;2024-01-14;"domingo";"16:00:00";"SP";116;106;"TAUBATE";"Trafegar com motocicleta (ou similar) entre as faixas";"Colisão traseira";"Com Vítimas Feridas";"Pleno dia";"Crescente";"Céu Claro";"Dupla";"Reta";"Sim";3;0;1;0;0;2;1;3;-23,01250593;-45,52256005;"SPRF-SP";"DEL02-SP";"UOP02-DEL02-SP"
578816;2024-01-30;"terça-feira";"16:45:00";"SP";381;69;"MAIRIPORA";"Reação tardia ou ineficiente do condutor";"Colisão traseira";"Sem Vítimas";"Pleno dia";"Crescente";"Nublado";"Dupla";"Reta";"Sim";1;0;0;0;1;0;0;1;-23,34553108;-46,56787903;"SPRF-SP";"DEL03-SP";"UOP01-DEL03-SP"
578922;2024-01-30;"terça-feira";"09:30:00";"RJ";116;171;"RIO DE JANEIRO";"Ausência de reação do condutor";"Colisão lateral mesmo sentido";"Com Vítimas Feridas";"Pleno dia";"Decrescente";"Céu Claro";"Dupla";"Reta";"Não";3;0;1;0;2;0;1;2;-22,8060415;-43,34289573;"SPRF-RJ";"DEL06-RJ";"UOP01-DEL06-RJ"
579186;2024-01-29;"segunda-feira";"14:50:00";"PE";408;92;"SAO LOURENCO DA MATA";"Reação tardia ou ineficiente do condutor";"Colisão traseira";"Com Vítimas Feridas";"Pleno dia";"Decrescente";"Céu Claro";"Dupla";"Não Informado";"Não";6;0;3;2;1;0;5;2;-7,99979861;-35,06313386;"SPRF-PE";"DEL01-PE";"UOP01-DEL01-PE"
579215;2024-01-02;"terça-feira";"13:30:00";"RJ";493;2;"ITABORAI";"Transitar no Acostamento";"Colisão lateral mesmo sentido";"Com Vítimas Feridas";"Pleno dia";"Decrescente";"Céu Claro";"Dupla";"Reta";"Sim";3;0;2;0;1;0;2;2;-22,75950214;-42,93544822;"SPRF-RJ";"DEL02-RJ";"UOP02-DEL02-RJ"
579333;2024-01-08;"segunda-feira";"07:40:00";"SC";101;335,3;"TUBARAO";"Acessar a via sem observar a presença dos outros veículos";"Colisão traseira";"Com Vítimas Feridas";"Pleno dia";"Crescente";"Céu Claro";"Simples";"Viaduto";"Sim";3;0;0;1;2;0;1;2;-28,46630107;-48,99653096;"SPRF-SC";"DEL02-SC";"UOP01-DEL02-SC"
579363;2024-01-28;"domingo";"20:00:00";"MS";463;106;"PONTA PORA";"Transitar no Acostamento";"Colisão traseira";"Com Vítimas Feridas";"Plena Noite";"Crescente";"Céu Claro";"Simples";"Reta";"Não";3;0;0;1;0;2;1;3;-22,62086128;-55,61520288;"SPRF-MS";"DEL04-MS";"UOP03-DEL04-MS"
579367;2024-01-08;"segunda-feira";"13:35:00";"GO";364;243;"JATAI";"Avarias e/ou desgaste excessivo no pneu";"Tombamento";"Com Vítimas Feridas";"Pleno dia";"Decrescente";"Chuva";"Simples";"Desvio Temporário";"Não";1;0;1;0;0;0;1;1;-17,768335;-52,106426;"SPRF-GO";"DEL05-GO";"UOP01-DEL05-GO"
579403;2024-01-09;"terça-feira";"12:15:00";"SC";101;137;"BALNEARIO CAMBORIU";"Condutor deixou de manter distância do veículo da frente";"Colisão traseira";"Sem Vítimas";"Pleno dia";"Decrescente";"Sol";"Dupla";"Reta";"Sim";3;0;0;0;3;0;0;3;-27,0157238;-48,61192763;"SPRF-SC";"DEL04-SC";"UOP03-DEL04-SC"
579464;2024-01-14;"domingo";"09:00:00";"RS";392;110;"CANGUCU";"Acessar a via sem observar a presença dos outros veículos";"Colisão transversal";"Com Vítimas Feridas";"Pleno dia";"Crescente";"Céu Claro";"Simples";"Curva";"Sim";2;0;1;0;1;0;1;2;-31,46286685;-52,63497175;"SPRF-RS";"DEL07-RS";"UOP01-DEL07-RS"
579526;2024-01-19;"sexta-feira";"07:30:00";"PR";476;149;"ARAUCARIA";"Manobra de mudança de faixa";"Colisão lateral mesmo sentido";"Com Vítimas Feridas";"Amanhecer";"Crescente";"Nublado";"Dupla";"Reta";"Sim";2;0;1;0;0;1;1;2;-25,55874102;-49,36908782;"SPRF-PR";"DEL01-PR";"UOP06-DEL01-PR"
579562;2024-01-27;"sábado";"14:20:00";"AC";364;129;"RIO BRANCO";"Ausência de reação do condutor";"Colisão traseira";"Com Vítimas Feridas";"Pleno dia";"Crescente";"Nublado";"Simples";"Reta";"Não";2;0;0;1;1;0;1;2;-10,0240943;-67,8369574;"SPRF-AC";"DEL01-AC";"UOP01-DEL01-AC"
579570;2024-01-22;"segunda-feira";"14:05:00";"BA";324;514;"FEIRA DE SANTANA";"Reação tardia ou ineficiente do condutor";"Tombamento";"Com Vítimas Feridas";"Pleno dia";"Decrescente";"Céu Claro";"Simples";"Reta";"Sim";1;0;0;1;0;0;1;1;-12,23229233;-38,95215305;"SPRF-BA";"DEL02-BA";"UOP01-DEL02-BA"
579588;2024-01-11;"quinta-feira";"03:30:00";"ES";101;404,1;"ITAPEMIRIM";"Ultrapassagem Indevida";"Colisão frontal";"Com Vítimas Fatais";"Plena Noite";"Crescente";"Céu Claro";"Simples";"Curva";"Não";3;1;0;0;2;0;0;3;-20,89541789;-41,00720306;"SPRF-ES";"DEL03-ES";"UOP02-DEL03-ES"
579593;2024-01-30;"terça-feira";"21:30:00";"AM";319;308;"BERURI";"Afundamento ou ondulação no pavimento";"Saída de leito carroçável";"Com Vítimas Feridas";"Plena Noite";"Decrescente";"Nublado";"Simples";"Reta";"Não";38;0;24;0;4;10;24;1;-4,999947;-61,593998;"SPRF-AM";"DEL01-AM";"UOP04-DEL01-AM"
579722;2024-01-07;"domingo";"09:30:00";"MG";381;429;"SABARA";"Ausência de reação do condutor";"Saída de leito carroçável";"Com Vítimas Feridas";"Pleno dia";"Crescente";"Céu Claro";"Simples";"Curva";"Não";3;0;1;2;0;0;3;1;-19,78663743;-43,71433695;"SPRF-MG";"DEL01-MG";"UOP01-DEL01-MG"
579739;2024-01-23;"terça-feira";"18:00:00";"PR";116;10;"CAMPINA GRANDE DO SUL";"Chuva";"Saída de leito carroçável";"Com Vítimas Feridas";"Anoitecer";"Crescente";"Chuva";"Simples";"Curva";"Não";3;0;3;0;0;0;3;1;-25,08357197;-48,64281407;"SPRF-PR";"DEL01-PR";"UOP02-DEL01-PR"
579749;2024-01-30;"terça-feira";"16:00:00";"RO";364;696;"CANDEIAS DO JAMARI";"Reação tardia ou ineficiente do condutor";"Atropelamento de Pedestre";"Com Vítimas Fatais";"Pleno dia";"Decrescente";"Céu Claro";"Dupla";"Curva";"Não";2;1;0;0;1;0;0;2;-8,80046614;-63,734779;"SPRF-RO";"DEL01-RO";"UOP01-DEL01-RO"
579756;2024-01-23;"terça-feira";"08:15:00";"RS";116;519,2;"PELOTAS";"Acessar a via sem observar a presença dos outros veículos";"Colisão transversal";"Com Vítimas Feridas";"Pleno dia";"Crescente";"Céu Claro";"Dupla";"Reta";"Sim";2;0;1;0;1;0;1;2;-31,69369368;-52,35458934;"SPRF-RS";"DEL07-RS";"UOP01-DEL07-RS"
579768;2024-01-27;"sábado";"08:20:00";"RO";364;197;"PIMENTA BUENO";"Manobra de mudança de faixa";"Colisão transversal";"Com Vítimas Feridas";"Pleno dia";"Decrescente";"Ignorado";"Simples";"Não Informado";"Sim";2;0;1;0;0;1;1;2;-11,678991;-61,188049;"SPRF-RO";"DEL02-RO";"UOP02-DEL02-RO"
579799;2024-01-06;"sábado";"17:00:00";"BA";324;614;"SALVADOR";"Transitar na contramão";"Colisão frontal";"Com Vítimas Feridas";"Pleno dia";"Decrescente";"Céu Claro";"Simples";"Reta";"Sim";2;0;0;1;1;0;1;2;-12,8639793;-38,42370126;"SPRF-BA";"DEL01-BA";"UOP01-DEL01-BA"
579818;2024-01-27;"sábado";"22:20:00";"ES";101;67;"SAO MATEUS";"Ingestão de álcool pelo condutor";"Colisão traseira";"Com Vítimas Fatais";"Plena Noite";"Crescente";"Chuva";"Dupla";"Reta";"Sim";2;1;0;0;1;0;0;2;-18,72054021;-39,8658931;"SPRF-ES";"DEL04-ES";"UOP02-DEL04-ES"
579920;2024-01-30;"terça-feira";"06:20:00";"MS";267;228,3;"NOVA ALVORADA DO SUL";"Condutor Dormindo";"Saída de leito carroçável";"Sem Vítimas";"Plena Noite";"Crescente";"Céu Claro";"Simples";"Reta";"Não";1;0;0;0;1;0;0;1;-21,53642988;-54,19884999;"SPRF-MS";"DEL02-MS";"UOP01-DEL02-MS"
579996;2024-01-23;"terça-feira";"18:30:00";"SE";235;1;"ARACAJU";"Estacionar ou parar em local proibido";"Engavetamento";"Com Vítimas Feridas";"Plena Noite";"Crescente";"Céu Claro";"Dupla";"Não Informado";"Sim";6;0;3;0;3;0;3;3;-10,9073;-37,0947;"SPRF-SE";"DEL01-SE";"UOP01-DEL01-SE"
580186;2024-01-28;"domingo";"09:45:00";"GO";60;456;"JATAI";"Ausência de reação do condutor";"Saída de leito carroçável";"Com Vítimas Feridas";"Pleno dia";"Crescente";"Céu Claro";"Dupla";"Reta";"Não";1;0;1;0;0;0;1;1;-17,8666;-51,5789;"SPRF-GO";"DEL05-GO";"UOP01-DEL05-GO"
580240;2024-01-21;"domingo";"22:15:00";"PE";232;5;"RECIFE";"Ausência de reação do condutor";"Saída de leito carroçável";"Com Vítimas Feridas";"Plena Noite";"Crescente";"Céu Claro";"Simples";"Curva";"Não";1;0;1;0;0;0;1;1;-8,06795766;-34,94535414;"SPRF-PE";"DEL01-PE";"UOP01-DEL01-PE"
580320;2024-01-29;"segunda-feira";"08:00:00";"BA";324;623;"SALVADOR";"Manobra de mudança de faixa";"Colisão lateral mesmo sentido";"Com Vítimas Feridas";"Pleno dia";"Crescente";"Céu Claro";"Dupla";"Reta";"Não";3;0;1;0;2;0;1;2;-12,92827611;-38,46828461;"SPRF-BA";"DEL01-BA";"UOP01-DEL01-BA"
580503;2024-01-14;"domingo";"17:20:00";"SC";280;78,5;"CORUPA";"Acessar a via sem observar a presença dos outros veículos";"Colisão lateral mesmo sentido";"Com Vítimas Feridas";"Pleno dia";"Crescente";"Céu Claro";"Simples";"Não Informado";"Não";3;0;0;2;1;0;2;2;-26,45019273;-49,1935729;"SPRF-SC";"DEL06-SC";"UOP03-DEL06-SC"
580555;2024-01-14;"domingo";"19:30:00";"PI";316;44,1;"LAGOA DO PIAUI";"Animais na Pista";"Atropelamento de Animal";"Com Vítimas Feridas";"Plena Noite";"Decrescente";"Nublado";"Simples";"Não Informado";"Não";4;0;3;0;1;0;3;1;-5,44807;-42,633837;"SPRF-PI";"DEL01-PI";"UOP02-DEL01-PI"
580591;2024-01-10;"quarta-feira";"15:40:00";"GO";40;41;"LUZIANIA";"Chuva";"Colisão lateral sentido oposto";"Com Vítimas Fatais";"Pleno dia";"Crescente";"Chuva";"Simples";"Curva";"Não";5;1;0;0;4;0;0;3;-16,367802;-47,826972;"SPRF-DF";"DEL01-DF";"UOP02-DEL01-DF"
580770;2024-01-25;"quinta-feira";"01:48:00";"PI";316;300;"PICOS";"Ingestão de álcool pelo condutor";"Colisão lateral mesmo sentido";"Sem Vítimas";"Plena Noite";"Decrescente";"Céu Claro";"Simples";"Reta";"Sim";4;0;0;0;4;0;0;2;-7,04184237;-41,54636128;"SPRF-PI";"DEL04-PI";"UOP01-DEL04-PI"
581087;2024-01-05;"sexta-feira";"11:30:00";"MG";381;404,5;"BOM JESUS DO AMPARO";"Velocidade Incompatível";"Saída de leito carroçável";"Com Vítimas Feridas";"Pleno dia";"Decrescente";"Nublado";"Dupla";"Não Informado";"Não";2;0;1;0;1;0;1;1;-19,7431674;-43,5207252;"SPRF-MG";"DEL01-MG";"UOP01-DEL01-MG"
581322;2024-01-14;"domingo";"18:40:00";"SC";282;531,7;"CORDILHEIRA ALTA";"Condutor usando celular";"Colisão lateral sentido oposto";"Com Vítimas Feridas";"Pleno dia";"Crescente";"Nublado";"Simples";"Reta";"Não";8;0;0;2;4;2;2;4;-26,995453;-52,612208;"SPRF-SC";"DEL07-SC";"UOP01-DEL07-SC"
581326;2024-01-18;"quinta-feira";"07:30:00";"RS";290;201;"PANTANO GRANDE";"Reação tardia ou ineficiente do condutor";"Saída de leito carroçável";"Com Vítimas Feridas";"Pleno dia";"Crescente";"Céu Claro";"Simples";"Não Informado";"Não";1;0;0;1;0;0;1;1;-30,171207;-52,227108;"SPRF-RS";"DEL02-RS";"UOP03-DEL02-RS"
581328;2024-01-10;"quarta-feira";"17:00:00";"SP";116;108;"TAUBATE";"Ausência de reação do condutor";"Colisão traseira";"Com Vítimas Feridas";"Pleno dia";"Crescente";"Chuva";"Dupla";"Reta";"Sim";2;0;1;0;1;0;1;2;-23,0233097;-45,53763622;"SPRF-SP";"DEL02-SP";"UOP02-DEL02-SP"
581342;2024-01-15;"segunda-feira";"10:50:00";"SC";101;91,2;"BARRA VELHA";"Reação tardia ou ineficiente do condutor";"Colisão transversal";"Com Vítimas Feridas";"Pleno dia";"Decrescente";"Nublado";"Dupla";"Reta";"Sim";3;0;1;0;1;1;1;3;-26,67999998;-48,69257569;"SPRF-SC";"DEL03-SC";"UOP02-DEL03-SC"
581401;2024-01-22;"segunda-feira";"21:20:00";"RS";116;530;"CAPAO DO LEAO";"Desrespeitar a preferência no cruzamento";"Colisão transversal";"Com Vítimas Feridas";"Plena Noite";"Decrescente";"Nublado";"Simples";"Interseção de vias";"Sim";4;0;1;0;3;0;1;2;-31,7590834;-52,43687971;"SPRF-RS";"DEL07-RS";"UOP01-DEL07-RS"
581445;2024-01-22;"segunda-feira";"10:00:00";"PR";116;39,2;"CAMPINA GRANDE DO SUL";"Pista Escorregadia";"Colisão com objeto";"Com Vítimas Feridas";"Pleno dia";"Crescente";"Chuva";"Dupla";"Reta";"Não";2;0;0;1;1;0;1;2;-25,161143;-48,86216;"SPRF-PR";"DEL01-PR";"UOP02-DEL01-PR"
581735;2024-01-16;"terça-feira";"08:20:00";"SP";153;74;"SAO JOSE DO RIO PRETO";"Reação tardia ou ineficiente do condutor";"Engavetamento";"Com Vítimas Feridas";"Pleno dia";"Decrescente";"Céu Claro";"Dupla";"Reta";"Não";4;0;2;0;2;0;2;4;-20,88538598;-49,42676402;"SPRF-SP";"DEL09-SP";"UOP01-DEL09-SP"
581853;2024-01-17;"quarta-feira";"17:05:00";"PE";407;124;"PETROLINA";"Reação tardia ou ineficiente do condutor";"Colisão traseira";"Com Vítimas Feridas";"Pleno dia";"Crescente";"Céu Claro";"Simples";"Reta";"Sim";1;0;1;0;0;0;1;1;-9,37238813;-40,5395937;"SPRF-PE";"DEL06-PE";"UOP01-DEL06-PE"
581876;2024-01-26;"sexta-feira";"07:40:00";"PI";316;26;"DEMERVAL LOBAO";"Ausência de reação do condutor";"Saída de leito carroçável";"Com Vítimas Feridas";"Pleno dia";"Crescente";"Céu Claro";"Dupla";"Reta";"Não";1;0;0;1;0;0;1;1;-5,30236009;-42,70784522;"SPRF-PI";"DEL01-PI";"UOP02-DEL01-PI"
582006;2024-01-14;"domingo";"23:45:00";"RJ";101;477;"ANGRA DOS REIS";"Acessar a via sem observar a presença dos outros veículos";"Colisão transversal";"Com Vítimas Feridas";"Plena Noite";"Decrescente";"Céu Claro";"Simples";"Interseção de vias";"Sim";3;0;3;0;0;0;3;2;-22,99820396;-44,26554599;"SPRF-RJ";"DEL03-RJ";"UOP03-DEL03-RJ"
582078;2024-01-15;"segunda-feira";"07:10:00";"SC";280;82;"CORUPA";"Acessar a via sem observar a presença dos outros veículos";"Colisão lateral sentido oposto";"Com Vítimas Feridas";"Amanhecer";"Crescente";"Céu Claro";"Simples";"Reta";"Não";3;0;1;0;2;0;1;3;-26,44009491;-49,22605498;"SPRF-SC";"DEL06-SC";"UOP03-DEL06-SC"
582081;2024-01-13;"sábado";"06:00:00";"PI";343;0,9;"TERESINA";"Retorno proibido";"Colisão traseira";"Sem Vítimas";"Amanhecer";"Crescente";"Nublado";"Dupla";"Não Informado";"Sim";3;0;0;0;3;0;0;3;-5,080156;-42,757565;"SPRF-PI";"DEL05-PI";"UOP01-DEL05-PI"
582183;2024-01-01;"segunda-feira";"01:20:00";"PI";343;338,9;"TERESINA";"Ingestão de álcool pelo condutor";"Colisão traseira";"Com Vítimas Feridas";"Plena Noite";"Crescente";"Céu Claro";"Dupla";"Curva";"Sim";2;0;0;1;0;1;1;2;-5,063362;-42,722912;"SPRF-PI";"DEL01-PI";"UOP01-DEL01-PI"
582186;2024-01-15;"segunda-feira";"17:40:00";"RN";304;75,2;"MOSSORO";"Demais falhas mecânicas ou elétricas";"Tombamento";"Com Vítimas Feridas";"Anoitecer";"Crescente";"Céu Claro";"Simples";"Reta";"Não";2;0;0;1;1;0;1;1;-5,43735203;-37,19777204;"SPRF-RN";"DEL04-RN";"UOP01-DEL04-RN"
582212;2024-01-13;"sábado";"09:20:00";"RN";406;117;"POCO BRANCO";"Ausência de reação do condutor";"Colisão traseira";"Com Vítimas Feridas";"Pleno dia";"Decrescente";"Céu Claro";"Simples";"Reta";"Não";2;0;0;1;0;1;1;2;-5,57560522;-35,69347206;"SPRF-RN";"DEL02-RN";"UOP01-DEL02-RN"
582283;2024-01-03;"quarta-feira";"20:20:00";"RN";304;33,6;"MOSSORO";"Transitar na contramão";"Colisão frontal";"Com Vítimas Fatais";"Plena Noite";"Decrescente";"Céu Claro";"Dupla";"Reta";"Sim";4;1;0;0;3;0;0;2;-5,149633;-37,348075;"SPRF-RN";"DEL04-RN";"UOP02-DEL04-RN"
582284;2024-01-14;"domingo";"11:10:00";"MG";116;573,1;"MANHUACU";"Acessar a via sem observar a presença dos outros veículos";"Colisão transversal";"Com Vítimas Fatais";"Pleno dia";"Crescente";"Nublado";"Simples";"Reta";"Não";10;1;5;1;3;0;6;3;-20,13004403;-42,17794986;"SPRF-MG";"DEL06-MG";"UOP03-DEL06-MG"
582426;2024-01-27;"sábado";"15:40:00";"SE";235;6,2;"NOSSA SENHORA DO SOCORRO";"Ausência de reação do condutor";"Tombamento";"Com Vítimas Feridas";"Pleno dia";"Decrescente";"Céu Claro";"Dupla";"Reta";"Sim";2;0;1;1;0;0;2;1;-10,903851;-37,128677;"SPRF-SE";"DEL01-SE";"UOP01-DEL01-SE"
582427;2024-01-24;"quarta-feira";"10:30:00";"PI";343;306;"ALTOS";"Ausência de reação do condutor";"Colisão lateral mesmo sentido";"Com Vítimas Feridas";"Pleno dia";"Crescente";"Céu Claro";"Simples";"Reta";"Sim";2;0;1;1;0;0;2;2;-5,038756;-42,450893;"SPRF-PI";"DEL01-PI";"UOP01-DEL01-PI"
582455;2024-01-28;"domingo";"16:55:00";"PE";232;7,2;"RECIFE";"Reação tardia ou ineficiente do condutor";"Tombamento";"Com Vítimas Feridas";"Pleno dia";"Crescente";"Céu Claro";"Dupla";"Reta";"Não";1;0;0;1;0;0;1;1;-8,074195;-34,964863;"SPRF-PE";"DEL01-PE";"UOP01-DEL01-PE"
582521;2024-01-24;"quarta-feira";"19:43:00";"RN";101;95;"NATAL";"Reação tardia ou ineficiente do condutor";"Colisão traseira";"Com Vítimas Feridas";"Plena Noite";"Crescente";"Céu Claro";"Dupla";"Reta";"Não";2;0;0;1;1;0;1;2;-5,84059316;-35,21077394;"SPRF-RN";"DEL01-RN";"UOP01-DEL01-RN"
582549;2024-01-05;"sexta-feira";"22:00:00";"RN";101;106;"PARNAMIRIM";"Retorno proibido";"Colisão transversal";"Com Vítimas Feridas";"Plena Noite";"Crescente";"Céu Claro";"Dupla";"Reta";"Sim";2;0;0;1;1;0;1;2;-5,91056401;-35,26130795;"SPRF-RN";"DEL01-RN";"UOP01-DEL01-RN"
582551;2024-01-10;"quarta-feira";"17:45:00";"GO";153;357,1;"JARAGUA";"Acessar a via sem observar a presença dos outros veículos";"Colisão transversal";"Com Vítimas Feridas";"Pleno dia";"Decrescente";"Nublado";"Simples";"Não Informado";"Sim";2;0;0;1;1;0;1;2;-15,74216345;-49,32033154;"SPRF-GO";"DEL02-GO";"UOP02-DEL02-GO"
582588;2024-01-29;"segunda-feira";"06:50:00";"PE";101;84;"CABO DE SANTO AGOSTINHO";"Condutor deixou de manter distância do veículo da frente";"Colisão traseira";"Com Vítimas Feridas";"Pleno dia";"Decrescente";"Ignorado";"Dupla";"Reta";"Não";3;0;1;0;1;1;1;2;-8,177782;-34,951267;"SPRF-PE";"DEL01-PE";"UOP01-DEL01-PE"
582590;2024-01-09;"terça-feira";"10:40:00";"RN";101;77;"NATAL";"Ausência de reação do condutor";"Colisão traseira";"Com Vítimas Feridas";"Pleno dia";"Decrescente";"Céu Claro";"Múltipla";"Reta";"Sim";3;0;0;2;1;0;2;2;-5,73180495;-35,29112135;"SPRF-RN";"DEL02-RN";"UOP01-DEL02-RN"
582713;2024-01-17;"quarta-feira";"08:20:00";"MG";50;72;"UBERLANDIA";"Condutor deixou de manter distância do veículo da frente";"Colisão traseira";"Com Vítimas Feridas";"Pleno dia";"Crescente";"Céu Claro";"Dupla";"Reta";"Sim";2;0;1;0;0;1;1;2;-18,85140204;-48,25345932;"SPRF-MG";"DEL15-MG";"UOP01-DEL15-MG"
582723;2024-01-02;"terça-feira";"13:30:00";"MG";251;472;"FRANCISCO SA";"Reação tardia ou ineficiente do condutor";"Atropelamento de Pedestre";"Com Vítimas Feridas";"Pleno dia";"Crescente";"Chuva";"Simples";"Não Informado";"Não";2;0;0;1;1;0;1;2;-16,4669101;-43,43947986;"SPRF-MG";"DEL12-MG";"UOP01-DEL12-MG"
582798;2024-01-26;"sexta-feira";"13:00:00";"RN";101;72;"NATAL";"Condutor deixou de manter distância do veículo da frente";"Colisão traseira";"Com Vítimas Feridas";"Pleno dia";"Decrescente";"Céu Claro";"Simples";"Reta";"Não";3;0;1;1;0;1;2;2;-5,69866248;-35,26316835;"SPRF-RN";"DEL02-RN";"UOP01-DEL02-RN"
582948;2024-01-30;"terça-feira";"16:00:00";"MT";70;2;"BARRA DO GARCAS";"Conversão proibida";"Colisão transversal";"Com Vítimas Feridas";"Pleno dia";"Crescente";"Céu Claro";"Simples";"Não Informado";"Sim";4;0;2;0;0;2;2;4;-15,88749699;-52,26810568;"SPRF-MT";"DEL07-MT";"UOP01-DEL07-MT"
583020;2024-01-31;"quarta-feira";"13:30:00";"PR";277;7;"PARANAGUA";"Mal súbito do condutor";"Saída de leito carroçável";"Com Vítimas Fatais";"Pleno dia";"Crescente";"Nublado";"Dupla";"Reta";"Não";1;1;0;0;0;0;0;1;-25,568198;-48,615292;"SPRF-PR";"DEL01-PR";"UOP05-DEL01-PR"